split,row_index,query_nsd_id,gt_nsd_id,compact_top1_nsd_id,legacy_top1_nsd_id,rerank_top1_nsd_id,fused_top1_nsd_id,compact_gt_rank,legacy_gt_rank,rerank_gt_rank,fused_gt_rank,bucket,fused_fixed_case,fused_fixed_to_top1,fused_margin_top1_top2,topk,topk_compact_scores,topk_legacy_scores,topk_rerank_scores,topk_fused_scores,topk_weights,controller_route,controller_score,controller_reason,controller_top1_weight,controller_entropy,controller_expert_vote_fraction,controller_anchor_consensus,controller_anchor_margin,controller_support_spread,anchor_nsd_id,anchor_source,anchor_index_within_topk,selection_order,selected_kind,selected_seed,selected_selection_score,candidate_scores,retrieval_mse,retrieval_pixel_l2,retrieval_pixcorr,retrieval_ssim,retrieval_psnr,retrieval_lpips,retrieval_clip_image_similarity,retrieval_anchor_similarity,retrieval_prior_similarity,retrieval_shortlist_consistency_score,prior_mse,prior_pixel_l2,prior_pixcorr,prior_ssim,prior_psnr,prior_lpips,prior_clip_image_similarity,prior_anchor_similarity,prior_prior_similarity,prior_shortlist_consistency_score,diffusion_mse,diffusion_pixel_l2,diffusion_pixcorr,diffusion_ssim,diffusion_psnr,diffusion_lpips,diffusion_clip_image_similarity,diffusion_anchor_similarity,diffusion_prior_similarity,diffusion_shortlist_consistency_score,diffusion_anchor_layout_ssim,diffusion_anchor_edge_corr,delta_mse,delta_pixel_l2,delta_pixcorr,delta_ssim,delta_psnr,delta_lpips,delta_clip_image_similarity
val,542,44355,44355,59219,44355,44355,44355,2,1,1,1,perfect,False,False,0.7400150299072266,"[44355, 59219, 26214, 62749, 51747]","[0.03910946846008301, 0.05164980888366699, 0.03572535514831543, 0.020853400230407715, -0.04701638221740723]","[0.06857073307037354, 0.022961348295211792, 0.023472636938095093, 0.012225553393363953, 0.018755674362182617]","[0.6081147789955139, 0.5487502813339233, 0.5298115611076355, 0.5533468723297119, 0.5012189745903015]","[4.019350528717041, 3.2793354988098145, 3.176210880279541, 2.8669140338897705, 2.506439208984375]","[0.4092326197749782, 0.19524764300375685, 0.17611621655073517, 0.12926276260118363, 0.09014075806934596]",identity_pass,14.579893756148618,stable anchor and concentrated support,0.4092326197749782,0.914474782978999,0.6666666666666666,65.09877014160156,-28.883834838867188,87.0195083618164,44355,fused_top1,0,0,anchor_baseline,,0.8997012972831726,[],0.0,0.0,1.0,1.0,inf,0.0,1.0,1.0,1.0,0.8997012972831726,0.0,0.0,1.0,1.0,inf,0.0,1.0,1.0,1.0,0.8997012972831726,0.0,0.0,1.0,1.0,inf,0.0,1.0,1.0,1.0,0.8997012972831726,1.0,1.0,0.0,0.0,0.0,0.0,nan,0.0,0.0
val,306,26214,26214,26214,26214,62749,26214,1,1,2,1,perfect,False,False,0.18279600143432617,"[26214, 62749, 51747, 44355, 51221]","[0.047248780727386475, 0.020464003086090088, 0.02344071865081787, 0.02811586856842041, -0.005767166614532471]","[0.05756053328514099, 0.0557919442653656, 0.025769218802452087, 0.015379905700683594, 0.009108573198318481]","[0.5911849141120911, 0.6334049701690674, 0.5664325952529907, 0.49943822622299194, 0.5346846580505371]","[3.765392303466797, 3.5825963020324707, 3.108682155609131, 2.965625047683716, 2.668410301208496]","[0.3189992797685889, 0.26570664013945644, 0.16541851170346064, 0.1433689803507837, 0.10650658803771036]",identity_pass,16.218106167509145,stable anchor and concentrated support,0.3189992797685889,0.951429175974098,0.6666666666666666,72.69847106933594,-19.0892333984375,84.4942626953125,26214,fused_top1,0,1,anchor_baseline,,0.8824451565742493,[],0.0,0.0,0.9999999999999998,1.0,inf,0.0,1.0,1.0,1.0,0.8824451565742493,0.0,0.0,0.9999999999999998,1.0,inf,0.0,1.0,1.0,1.0,0.8824451565742493,0.0,0.0,0.9999999999999998,1.0,inf,0.0,1.0,1.0,1.0,0.8824451565742493,1.0,1.0,0.0,0.0,0.0,0.0,nan,0.0,0.0
shared1000,210,17374,17374,17374,17374,17374,17374,1,1,1,1,perfect,False,False,2.226851224899292,"[17374, 30430, 60553, 18690, 22387]","[0.0842556357383728, 0.046080172061920166, 0.04842174053192139, 0.012959718704223633, -0.016170799732208252]","[0.08253365755081177, 0.00795738399028778, -0.006454631686210632, -0.010057151317596436, -0.025080278515815735]","[0.4958769679069519, 0.4392493963241577, 0.390880823135376, 0.37777894735336304, 0.30883902311325073]","[5.596925258636475, 3.3700740337371826, 3.016730546951294, 2.6428186893463135, 2.0243656635284424]","[0.7912419728444666, 0.08534933037749835, 0.05994389951927961, 0.041243654028498104, 0.022221143230257413]",guided_refine,0.5388713938292795,meaningful support but refinement justified,0.7912419728444666,0.48470534069949905,1.0,0.13066256046295166,-0.468608558177948,0.49489420652389526,17374,fused_top1,0,2,anchor_baseline,,0.9889052605628966,"[{""kind"": ""anchor_baseline"", ""seed"": null, ""anchor_clip_similarity"": 1.0000001192092896, ""prior_clip_similarity"": 0.9813238978385925, ""shortlist_consistency_score"": 0.9615058898925781, ""anchor_layout_ssim"": 1.0, ""anchor_edge_corr"": 1.0, ""anchor_color_drift"": 0.0, ""selection_score"": 0.9889052605628966}, {""kind"": ""prior_image"", ""seed"": null, ""anchor_clip_similarity"": 0.9813238978385925, ""prior_clip_similarity"": 1.0, ""shortlist_consistency_score"": 0.9476363062858582, ""anchor_layout_ssim"": 0.8463756442070007, ""anchor_edge_corr"": 0.8655163952002554, ""anchor_color_drift"": 0.006147573236376047, ""selection_score"": 0.9334034035773479}, {""kind"": ""diffusion_sample"", ""seed"": 242, ""anchor_clip_similarity"": 0.8924654722213745, ""prior_clip_similarity"": 0.9051859974861145, ""shortlist_consistency_score"": 0.8679804801940918, ""anchor_layout_ssim"": 0.7046096324920654, ""anchor_edge_corr"": 0.7026124459412408, ""anchor_color_drift"": 0.0071440935134887695, ""selection_score"": 0.8256796801137798}, {""kind"": ""diffusion_sample"", ""seed"": 243, ""anchor_clip_similarity"": 0.9336917996406555, ""prior_clip_similarity"": 0.9484226703643799, ""shortlist_consistency_score"": 0.9066495299339294, ""anchor_layout_ssim"": 0.6942046284675598, ""anchor_edge_corr"": 0.6897375258508155, ""anchor_color_drift"": 0.00927579402923584, ""selection_score"": 0.849071744625903}, {""kind"": ""diffusion_sample"", ""seed"": 244, ""anchor_clip_similarity"": 0.9068845510482788, ""prior_clip_similarity"": 0.9136537909507751, ""shortlist_consistency_score"": 0.8827261924743652, ""anchor_layout_ssim"": 0.704158365726471, ""anchor_edge_corr"": 0.7051885602439878, ""anchor_color_drift"": 0.006126245018094778, ""selection_score"": 0.8350071467945732}, {""kind"": ""diffusion_sample"", ""seed"": 245, ""anchor_clip_similarity"": 0.9213459491729736, ""prior_clip_similarity"": 0.9368413090705872, ""shortlist_consistency_score"": 0.8963508605957031, ""anchor_layout_ssim"": 0.7029309272766113, ""anchor_edge_corr"": 0.6969395356825586, ""anchor_color_drift"": 0.008041441440582275, ""selection_score"": 0.8441181973684538}]",0.0,0.0,1.0,1.0,inf,0.0,0.9999998807907104,1.0000001192092896,0.9813238978385925,0.9615058898925781,0.00226993253454566,21.125503540039062,0.9857614292243213,0.8463756442070007,26.439870682660825,0.03561527281999588,0.9815590381622314,0.9813238978385925,1.0,0.9476363062858582,0.0,0.0,1.0,1.0,inf,0.0,0.9999998807907104,1.0000001192092896,0.9813238978385925,0.9615058898925781,1.0,1.0,0.0,0.0,0.0,0.0,nan,0.0,0.0
shared1000,933,67742,67742,67742,67742,67742,67742,1,1,1,1,perfect,False,False,2.192002773284912,"[67742, 59699, 3913, 43445, 70095]","[0.053942322731018066, -0.012213587760925293, -0.06652271747589111, -0.003906846046447754, -0.0184575617313385]","[0.042554982006549835, -0.02022753655910492, -0.027196258306503296, -0.054848767817020416, -0.05114273726940155]","[0.49840542674064636, 0.3226803243160248, 0.2925596535205841, 0.280403733253479, 0.22708763182163239]","[4.712566375732422, 2.5205636024475098, 1.799294352531433, 1.7675899267196655, 1.7091618776321411]","[0.7885118493973288, 0.08807111919703971, 0.042814439229153456, 0.041478324311822884, 0.03912426786465517]",guided_refine,0.5295552333611919,meaningful support but refinement justified,0.7885118493973288,0.49399158217457023,1.0,0.09963710606098175,-0.3470054417848587,0.3799745440483093,67742,fused_top1,0,3,anchor_baseline,,0.973534563779831,"[{""kind"": ""anchor_baseline"", ""seed"": null, ""anchor_clip_similarity"": 1.0, ""prior_clip_similarity"": 0.94102543592453, ""shortlist_consistency_score"": 0.915702223777771, ""anchor_layout_ssim"": 1.0, ""anchor_edge_corr"": 0.9999999999999998, ""anchor_color_drift"": 0.0, ""selection_score"": 0.973534563779831}, {""kind"": ""prior_image"", ""seed"": null, ""anchor_clip_similarity"": 0.94102543592453, ""prior_clip_similarity"": 1.0000001192092896, ""shortlist_consistency_score"": 0.8554292917251587, ""anchor_layout_ssim"": 0.8708939552307129, ""anchor_edge_corr"": 0.8976368454410117, ""anchor_color_drift"": 0.00628662109375, ""selection_score"": 0.9083712745856001}, {""kind"": ""diffusion_sample"", ""seed"": 342, ""anchor_clip_similarity"": 0.7929093241691589, ""prior_clip_similarity"": 0.7640640735626221, ""shortlist_consistency_score"": 0.7607818245887756, ""anchor_layout_ssim"": 0.7201762199401855, ""anchor_edge_corr"": 0.716271173206987, ""anchor_color_drift"": 0.0066474080085754395, ""selection_score"": 0.7571501442414948}, {""kind"": ""diffusion_sample"", ""seed"": 343, ""anchor_clip_similarity"": 0.8580439686775208, ""prior_clip_similarity"": 0.8477059006690979, ""shortlist_consistency_score"": 0.8096644878387451, ""anchor_layout_ssim"": 0.7145224213600159, ""anchor_edge_corr"": 0.7109074673913292, ""anchor_color_drift"": 0.008777260780334473, ""selection_score"": 0.7973174296460657}, {""kind"": ""diffusion_sample"", ""seed"": 344, ""anchor_clip_similarity"": 0.7549968361854553, ""prior_clip_similarity"": 0.7671012282371521, ""shortlist_consistency_score"": 0.7109102606773376, ""anchor_layout_ssim"": 0.716888427734375, ""anchor_edge_corr"": 0.7027871941243875, ""anchor_color_drift"": 0.006231566425412893, ""selection_score"": 0.7315266217211122}, {""kind"": ""diffusion_sample"", ""seed"": 345, ""anchor_clip_similarity"": 0.891352653503418, ""prior_clip_similarity"": 0.8806092143058777, ""shortlist_consistency_score"": 0.8412416577339172, ""anchor_layout_ssim"": 0.7289335131645203, ""anchor_edge_corr"": 0.7267595282687733, ""anchor_color_drift"": 0.0034646987915039062, ""selection_score"": 0.8244490954969543}]",0.0,0.0,0.9999999999999998,1.0,inf,0.0,0.9999999403953552,1.0,0.94102543592453,0.915702223777771,0.0015539525775238872,17.479116439819336,0.9897236575714777,0.8708939552307129,28.08562234503019,0.036763668060302734,0.9418836236000061,0.94102543592453,1.0000001192092896,0.8554292917251587,0.0,0.0,0.9999999999999998,1.0,inf,0.0,0.9999999403953552,1.0,0.94102543592453,0.915702223777771,1.0,0.9999999999999998,0.0,0.0,0.0,0.0,nan,0.0,0.0
val,781,62749,62749,29251,26214,62749,26214,5,2,1,2,good,False,False,0.3373453617095947,"[26214, 62749, 51747, 51221, 29251]","[0.03496694564819336, 0.004354417324066162, -0.010613799095153809, 0.03401768207550049, 0.03733748197555542]","[0.046265363693237305, 0.03697511553764343, 0.0360335111618042, 0.01037144660949707, 0.0040038228034973145]","[0.6008888483047485, 0.6338218450546265, 0.5865026712417603, 0.5412582755088806, 0.4230746626853943]","[3.6599276065826416, 3.322582244873047, 3.2175846099853516, 3.0566866397857666, 2.970486640930176]","[0.2936785183168565, 0.20958729438896628, 0.18869702705002592, 0.16065267349321619, 0.1473844867509351]",low_strength_refine,19.10766515584385,strong anchor but mild ambiguity,0.2936785183168565,0.9804459431577385,0.3333333333333333,84.97372436523438,2.181854248046875,80.50553131103516,51221,consensus_medoid,3,4,anchor_baseline,,0.9678037500381469,"[{""kind"": ""anchor_baseline"", ""seed"": null, ""anchor_clip_similarity"": 1.0000001192092896, ""prior_clip_similarity"": 0.9893472790718079, ""shortlist_consistency_score"": 0.8258662223815918, ""anchor_layout_ssim"": 1.0, ""anchor_edge_corr"": 1.0, ""anchor_color_drift"": 0.0, ""selection_score"": 0.9678037500381469}, {""kind"": ""prior_image"", ""seed"": null, ""anchor_clip_similarity"": 0.9893472790718079, ""prior_clip_similarity"": 1.0, ""shortlist_consistency_score"": 0.8182265758514404, ""anchor_layout_ssim"": 0.911522388458252, ""anchor_edge_corr"": 0.9139084438983717, ""anchor_color_drift"": 0.013300384394824505, ""selection_score"": 0.9323778898381105}, {""kind"": ""diffusion_sample"", ""seed"": 442, ""anchor_clip_similarity"": 0.9750857353210449, ""prior_clip_similarity"": 0.9806892275810242, ""shortlist_consistency_score"": 0.808457612991333, ""anchor_layout_ssim"": 0.8885148167610168, ""anchor_edge_corr"": 0.8601353659812917, ""anchor_color_drift"": 0.014399394392967224, ""selection_score"": 0.912404931630535}, {""kind"": ""diffusion_sample"", ""seed"": 443, ""anchor_clip_similarity"": 0.9729843139648438, ""prior_clip_similarity"": 0.979077935218811, ""shortlist_consistency_score"": 0.8120241761207581, ""anchor_layout_ssim"": 0.8918876647949219, ""anchor_edge_corr"": 0.8653118503736534, ""anchor_color_drift"": 0.012496168725192547, ""selection_score"": 0.9135187665698139}]",0.038117993623018265,86.56964111328125,0.32150498191029314,0.7524475455284119,14.18869953282221,0.4045681953430176,0.8249977827072144,0.8398169279098511,0.8335130214691162,0.8603312373161316,0.3222111761569977,251.69285583496094,0.18995692679884496,0.360546737909317,4.918594044062833,0.6947009563446045,0.752596378326416,0.9893472790718079,1.0,0.8182265758514404,0.33687761425971985,257.357421875,0.16722508932206637,0.3369061052799225,4.725278410445463,0.7099278569221497,0.7369590997695923,1.0000001192092896,0.9893472790718079,0.8258662223815918,1.0,1.0,0.2987596206367016,170.78778076171875,-0.15427989258822677,-0.4155414402484894,-9.463421122376747,0.3053596615791321,-0.08803868293762207
val,754,60784,60784,4360,60784,60784,4360,2,1,1,2,good,False,False,0.09935235977172852,"[4360, 60784, 27421, 37267, 14089]","[0.08818084001541138, 0.050385743379592896, -0.003711491823196411, -0.008920490741729736, -0.051374346017837524]","[0.040906742215156555, 0.048568278551101685, -0.005547627806663513, -0.015270337462425232, -0.030896224081516266]","[0.46247920393943787, 0.484037846326828, 0.3354075849056244, 0.31116783618927, 0.26154759526252747]","[4.934341907501221, 4.834989547729492, 2.985172986984253, 2.6886723041534424, 1.9412841796875]","[0.45376034196275633, 0.41084533004858503, 0.06461200678136991, 0.04803354275137055, 0.022748778455918318]",low_strength_refine,20.090611205152566,strong anchor but mild ambiguity,0.45376034196275633,0.7039104368746176,0.3333333333333333,89.71256256103516,0.8701934814453125,74.10189056396484,37267,consensus_medoid,3,5,anchor_baseline,,0.9080006045103073,"[{""kind"": ""anchor_baseline"", ""seed"": null, ""anchor_clip_similarity"": 1.0, ""prior_clip_similarity"": 0.9914916753768921, ""shortlist_consistency_score"": 0.49267372488975525, ""anchor_layout_ssim"": 1.0, ""anchor_edge_corr"": 1.0, ""anchor_color_drift"": 0.0, ""selection_score"": 0.9080006045103073}, {""kind"": ""prior_image"", ""seed"": null, ""anchor_clip_similarity"": 0.9914916753768921, ""prior_clip_similarity"": 1.0000001192092896, ""shortlist_consistency_score"": 0.49325042963027954, ""anchor_layout_ssim"": 0.9241964221000671, ""anchor_edge_corr"": 0.9501030130999473, ""anchor_color_drift"": 0.0037290651816874743, ""selection_score"": 0.8819754557240599}, {""kind"": ""diffusion_sample"", ""seed"": 542, ""anchor_clip_similarity"": 0.9799175262451172, ""prior_clip_similarity"": 0.9890447854995728, ""shortlist_consistency_score"": 0.506898045539856, ""anchor_layout_ssim"": 0.8896319270133972, ""anchor_edge_corr"": 0.8999386634455356, ""anchor_color_drift"": 0.004602193832397461, ""selection_score"": 0.8655616387330117}, {""kind"": ""diffusion_sample"", ""seed"": 543, ""anchor_clip_similarity"": 0.9746690392494202, ""prior_clip_similarity"": 0.987342894077301, ""shortlist_consistency_score"": 0.5083537101745605, ""anchor_layout_ssim"": 0.892596423625946, ""anchor_edge_corr"": 0.9046950098932148, ""anchor_color_drift"": 0.0069118342362344265, ""selection_score"": 0.8646366476627475}]",0.13210619986057281,161.16183471679688,0.1233223780357217,0.22391243278980255,8.79076788658853,0.7213606238365173,0.6255530118942261,0.4796208143234253,0.4810551404953003,0.7802729606628418,0.14449429512023926,168.5489044189453,0.20377782768882396,0.2595331370830536,8.401492986891792,0.6901499032974243,0.462394118309021,0.9914916753768921,1.0000001192092896,0.49325042963027954,0.15138937532901764,172.5235137939453,0.1854419213503388,0.24811165034770966,8.199045795080055,0.6912720799446106,0.45919549465179443,1.0,0.9914916753768921,0.49267372488975525,1.0,1.0,0.019283175468444824,11.361679077148438,0.062119543314617096,0.024199217557907104,-0.5917220915084744,-0.03008854389190674,-0.16635751724243164
shared1000,253,21108,21108,22587,22587,22587,22587,4,2,2,2,good,False,False,0.4691464900970459,"[22587, 21108, 50170, 46150, 71928]","[0.022777020931243896, 0.013646960258483887, -0.024056732654571533, -0.02721726894378662, 0.004220247268676758]","[0.059505194425582886, 0.03492005169391632, -0.00238974392414093, -0.004201367497444153, -0.027258992195129395]","[0.5606194734573364, 0.5248832702636719, 0.4107336401939392, 0.35934939980506897, 0.31613534688949585]","[3.491910696029663, 3.022764205932617, 2.1221635341644287, 2.067915439605713, 1.9443154335021973]","[0.42859291089585116, 0.26810027009034676, 0.10893598116222644, 0.10318384358043636, 0.09118699427113935]",guided_refine,0.410267470944227,meaningful support but refinement justified,0.42859291089585116,0.8762653353629887,1.0,0.36098799109458923,-0.18523219227790833,0.49265700578689575,22587,fused_top1,0,6,anchor_baseline,,0.9566488182544707,"[{""kind"": ""anchor_baseline"", ""seed"": null, ""anchor_clip_similarity"": 1.0000001192092896, ""prior_clip_similarity"": 0.8928856253623962, ""shortlist_consistency_score"": 0.867402195930481, ""anchor_layout_ssim"": 1.0, ""anchor_edge_corr"": 1.0, ""anchor_color_drift"": 0.0, ""selection_score"": 0.9566488182544707}, {""kind"": ""prior_image"", ""seed"": null, ""anchor_clip_similarity"": 0.8928856253623962, ""prior_clip_similarity"": 1.0, ""shortlist_consistency_score"": 0.8359254598617554, ""anchor_layout_ssim"": 0.9303576350212097, ""anchor_edge_corr"": 0.8791497197695503, ""anchor_color_drift"": 0.007039109710603952, ""selection_score"": 0.8979248998758178}, {""kind"": ""diffusion_sample"", ""seed"": 642, ""anchor_clip_similarity"": 0.8790476322174072, ""prior_clip_similarity"": 0.9408456683158875, ""shortlist_consistency_score"": 0.823347806930542, ""anchor_layout_ssim"": 0.8503594398498535, ""anchor_edge_corr"": 0.71651787848095, ""anchor_color_drift"": 0.00790609885007143, ""selection_score"": 0.8463115643429915}, {""kind"": ""diffusion_sample"", ""seed"": 643, ""anchor_clip_similarity"": 0.8995752930641174, ""prior_clip_similarity"": 0.8983291983604431, ""shortlist_consistency_score"": 0.8289746642112732, ""anchor_layout_ssim"": 0.8416716456413269, ""anchor_edge_corr"": 0.7065637636733653, ""anchor_color_drift"": 0.007980138063430786, ""selection_score"": 0.8460365804743606}, {""kind"": ""diffusion_sample"", ""seed"": 644, ""anchor_clip_similarity"": 0.8685254454612732, ""prior_clip_similarity"": 0.8674650192260742, ""shortlist_consistency_score"": 0.8023264408111572, ""anchor_layout_ssim"": 0.8315919041633606, ""anchor_edge_corr"": 0.7209841035099981, ""anchor_color_drift"": 0.0068462989293038845, ""selection_score"": 0.8261945625945162}, {""kind"": ""diffusion_sample"", ""seed"": 645, ""anchor_clip_similarity"": 0.8989406824111938, ""prior_clip_similarity"": 0.8804781436920166, ""shortlist_consistency_score"": 0.8135184645652771, ""anchor_layout_ssim"": 0.8421971797943115, ""anchor_edge_corr"": 0.7300249050645609, ""anchor_color_drift"": 0.007184833288192749, ""selection_score"": 0.8433392260846014}]",0.055732037872076035,104.67742919921875,0.0010259572799046664,0.4985707998275757,12.53895073832524,0.5634078979492188,0.7856366038322449,1.0000001192092896,0.8928856253623962,0.867402195930481,0.04897471144795418,98.12654876708984,0.03021923272623118,0.5248799920082092,13.100280900983801,0.5471887588500977,0.824661374092102,0.8928856253623962,1.0,0.8359254598617554,0.055732037872076035,104.67742919921875,0.0010259572799046664,0.4985707998275757,12.53895073832524,0.5634078979492188,0.7856366038322449,1.0000001192092896,0.8928856253623962,0.867402195930481,1.0,1.0,0.0,0.0,0.0,0.0,0.0,0.0,0.0
shared1000,725,52990,52990,38817,38817,38817,38817,2,2,3,2,good,False,False,0.28339242935180664,"[38817, 52990, 65148, 42563, 6199]","[0.04085582494735718, 0.02273881435394287, 0.011187374591827393, -0.011941075325012207, -0.013020515441894531]","[0.03780257701873779, 0.02799306809902191, 0.005327478051185608, 0.0007604807615280151, -0.001636013388633728]","[0.5334502458572388, 0.47693321108818054, 0.5294602513313293, 0.35315659642219543, 0.3702056109905243]","[2.986008644104004, 2.7026162147521973, 2.228276252746582, 2.00885272026062, 1.9595446586608887]","[0.3382258988344329, 0.2547599126518148, 0.158535987914481, 0.12730147447142748, 0.12117672612784378]",guided_refine,0.3749909788509843,meaningful support but refinement justified,0.3382258988344329,0.9476246794817951,1.0,0.382252961397171,-0.10996261239051819,0.45481473207473755,38817,fused_top1,0,7,anchor_baseline,,0.9665562248229981,"[{""kind"": ""anchor_baseline"", ""seed"": null, ""anchor_clip_similarity"": 1.0, ""prior_clip_similarity"": 0.9866660237312317, ""shortlist_consistency_score"": 0.8615491390228271, ""anchor_layout_ssim"": 1.0, ""anchor_edge_corr"": 1.0, ""anchor_color_drift"": 0.0, ""selection_score"": 0.9665562248229981}, {""kind"": ""prior_image"", ""seed"": null, ""anchor_clip_similarity"": 0.9866660237312317, ""prior_clip_similarity"": 1.0, ""shortlist_consistency_score"": 0.8514854311943054, ""anchor_layout_ssim"": 0.8227612376213074, ""anchor_edge_corr"": 0.8594786413445531, ""anchor_color_drift"": 0.01378293801099062, ""selection_score"": 0.9070322713870784}, {""kind"": ""diffusion_sample"", ""seed"": 742, ""anchor_clip_similarity"": 0.9285898804664612, ""prior_clip_similarity"": 0.9282052516937256, ""shortlist_consistency_score"": 0.8242440223693848, ""anchor_layout_ssim"": 0.6587290167808533, ""anchor_edge_corr"": 0.68823285244136, ""anchor_color_drift"": 0.010795424692332745, ""selection_score"": 0.8186778657894807}, {""kind"": ""diffusion_sample"", ""seed"": 743, ""anchor_clip_similarity"": 0.9148995280265808, ""prior_clip_similarity"": 0.9108747839927673, ""shortlist_consistency_score"": 0.8151491284370422, ""anchor_layout_ssim"": 0.67535799741745, ""anchor_edge_corr"": 0.7003164558403071, ""anchor_color_drift"": 0.011312484741210938, ""selection_score"": 0.8149911122464151}, {""kind"": ""diffusion_sample"", ""seed"": 744, ""anchor_clip_similarity"": 0.8628778457641602, ""prior_clip_similarity"": 0.8584296107292175, ""shortlist_consistency_score"": 0.7762573957443237, ""anchor_layout_ssim"": 0.6655210852622986, ""anchor_edge_corr"": 0.697832429104329, ""anchor_color_drift"": 0.012085705995559692, ""selection_score"": 0.7807689554295207}, {""kind"": ""diffusion_sample"", ""seed"": 745, ""anchor_clip_similarity"": 0.9178149700164795, ""prior_clip_similarity"": 0.9171429872512817, ""shortlist_consistency_score"": 0.8122161626815796, ""anchor_layout_ssim"": 0.6625585556030273, ""anchor_edge_corr"": 0.6830485731765983, ""anchor_color_drift"": 0.007619708776473999, ""selection_score"": 0.8114185093991654}]",0.2195582538843155,207.7664794921875,-0.09296972332946452,0.12356791645288467,6.58450238568376,0.6340241432189941,0.7785484194755554,1.0,0.9866660237312317,0.8615491390228271,0.1983637809753418,197.4839324951172,-0.04531711666643658,0.16439050436019897,7.025376307766901,0.6219758987426758,0.7715657949447632,0.9866660237312317,1.0,0.8514854311943054,0.2195582538843155,207.7664794921875,-0.09296972332946452,0.12356791645288467,6.58450238568376,0.6340241432189941,0.7785484194755554,1.0,0.9866660237312317,0.8615491390228271,1.0,1.0,0.0,0.0,0.0,0.0,0.0,0.0,0.0
val,327,27639,27639,33291,65653,27639,65653,2,16,1,6,near_good,False,False,0.08284926414489746,"[65653, 33291, 54767, 66538, 10277]","[-0.006721675395965576, 0.031302690505981445, -0.0031279325485229492, -0.019614994525909424, -0.008899867534637451]","[0.00151100754737854, -0.01454991102218628, -0.0037910640239715576, -0.000893130898475647, -0.009835660457611084]","[0.37983113527297974, 0.36970099806785583, 0.38305333256721497, 0.36591145396232605, 0.3966086804866791]","[2.1130993366241455, 2.030250072479248, 2.0063529014587402, 1.93599271774292, 1.797196626663208]","[0.22799483489910213, 0.20986693994819755, 0.20491116414463453, 0.1909890995244267, 0.1662379614836391]",low_strength_refine,16.544565002075995,strong anchor but mild ambiguity,0.22799483489910213,0.9966421232377755,0.3333333333333333,72.09597778320312,4.620391845703125,66.86479187011719,10277,consensus_medoid,4,8,anchor_baseline,,0.9687628829479218,"[{""kind"": ""anchor_baseline"", ""seed"": null, ""anchor_clip_similarity"": 1.0000001192092896, ""prior_clip_similarity"": 0.9470213055610657, ""shortlist_consistency_score"": 0.8500062823295593, ""anchor_layout_ssim"": 1.0, ""anchor_edge_corr"": 0.9999999999999998, ""anchor_color_drift"": 0.0, ""selection_score"": 0.9687628829479218}, {""kind"": ""prior_image"", ""seed"": null, ""anchor_clip_similarity"": 0.9470213055610657, ""prior_clip_similarity"": 1.0000001192092896, ""shortlist_consistency_score"": 0.8640655875205994, ""anchor_layout_ssim"": 0.9437569975852966, ""anchor_edge_corr"": 0.9131687284855065, ""anchor_color_drift"": 0.003414630889892578, ""selection_score"": 0.9319540119305055}, {""kind"": ""diffusion_sample"", ""seed"": 842, ""anchor_clip_similarity"": 0.9343447089195251, ""prior_clip_similarity"": 0.9784750938415527, ""shortlist_consistency_score"": 0.8591911792755127, ""anchor_layout_ssim"": 0.9035690426826477, ""anchor_edge_corr"": 0.8228862973334062, ""anchor_color_drift"": 0.007393836975097656, ""selection_score"": 0.9053718731033966}, {""kind"": ""diffusion_sample"", ""seed"": 843, ""anchor_clip_similarity"": 0.8828044533729553, ""prior_clip_similarity"": 0.9512486457824707, ""shortlist_consistency_score"": 0.8347319960594177, ""anchor_layout_ssim"": 0.9018124938011169, ""anchor_edge_corr"": 0.7988432756545358, ""anchor_color_drift"": 0.006598273757845163, ""selection_score"": 0.875396861954726}]",0.13376587629318237,162.1710205078125,0.10975675388817516,0.20914609730243683,8.736546744878064,0.8294528722763062,0.8250970840454102,0.8127611875534058,0.8356003761291504,0.8835601210594177,0.1108832061290741,147.65000915527344,0.31901679770365077,0.322022944688797,9.551342278810576,0.7925471663475037,0.8128464221954346,0.9470213055610657,1.0000001192092896,0.8640655875205994,0.11195196956396103,148.35987854003906,0.32518776147287265,0.31663504242897034,9.509682869675116,0.7889676690101624,0.7694864273071289,1.0000001192092896,0.9470213055610657,0.8500062823295593,1.0,0.9999999999999998,-0.021813906729221344,-13.811141967773438,0.2154310075846975,0.10748894512653351,0.7731361247970518,-0.0404852032661438,-0.05561065673828125
val,124,11258,11258,24422,70464,3943,24422,11,9,6,7,near_good,True,False,0.12391650676727295,"[24422, 3943, 21405, 64800, 27514]","[0.007495760917663574, -0.03316795825958252, -0.04595118761062622, -0.02159339189529419, 0.004912912845611572]","[-0.016136810183525085, 0.0038992613554000854, 0.01052546501159668, -0.00889664888381958, -0.025421805679798126]","[0.2800547480583191, 0.33223533630371094, 0.2551262378692627, 0.2910534143447876, 0.18596576154232025]","[2.0473780632019043, 1.9234615564346313, 1.8929972648620605, 1.7748879194259644, 1.7658542394638062]","[0.23493408214208114, 0.2075533606782336, 0.2013257362975524, 0.17889782440721158, 0.17728899647492136]",low_strength_refine,15.236042383716502,strong anchor but mild ambiguity,0.23493408214208114,0.9965649365687368,0.3333333333333333,68.58770751953125,0.130401611328125,67.27226257324219,3943,consensus_medoid,1,9,anchor_baseline,,0.9553106451034545,"[{""kind"": ""anchor_baseline"", ""seed"": null, ""anchor_clip_similarity"": 1.0, ""prior_clip_similarity"": 0.9785040020942688, ""shortlist_consistency_score"": 0.7612795829772949, ""anchor_layout_ssim"": 1.0, ""anchor_edge_corr"": 0.9999999999999999, ""anchor_color_drift"": 0.0, ""selection_score"": 0.9553106451034545}, {""kind"": ""prior_image"", ""seed"": null, ""anchor_clip_similarity"": 0.9785040020942688, ""prior_clip_similarity"": 1.0, ""shortlist_consistency_score"": 0.7652968168258667, ""anchor_layout_ssim"": 0.7807629108428955, ""anchor_edge_corr"": 0.742478474338732, ""anchor_color_drift"": 0.003643244504928589, ""selection_score"": 0.8705673792322359}, {""kind"": ""diffusion_sample"", ""seed"": 942, ""anchor_clip_similarity"": 0.9136056303977966, ""prior_clip_similarity"": 0.9389753341674805, ""shortlist_consistency_score"": 0.7770469188690186, ""anchor_layout_ssim"": 0.6700764298439026, ""anchor_edge_corr"": 0.6391097618823657, ""anchor_color_drift"": 0.0026226937770843506, ""selection_score"": 0.8050006820130886}, {""kind"": ""diffusion_sample"", ""seed"": 943, ""anchor_clip_similarity"": 0.9221347570419312, ""prior_clip_similarity"": 0.95362788438797, ""shortlist_consistency_score"": 0.7583279609680176, ""anchor_layout_ssim"": 0.6717918515205383, ""anchor_edge_corr"": 0.6379773707480613, ""anchor_color_drift"": 0.0037569503765553236, ""selection_score"": 0.8064455309591951}]",0.14658868312835693,169.7660369873047,-0.26120816950762016,0.08412257581949234,8.338995477194546,0.6789636611938477,0.5877819657325745,0.7294628620147705,0.7436258792877197,0.7567797899246216,0.12141913920640945,154.50558471679688,-0.04440386938708671,0.05610630288720131,9.157128392665953,0.6664389371871948,0.5976578593254089,0.9785040020942688,1.0,0.7652968168258667,0.12891611456871033,159.20408630371094,-0.04105348008799156,0.04523071274161339,8.896927907804304,0.6883671283721924,0.5782859921455383,1.0,0.9785040020942688,0.7612795829772949,1.0,0.9999999999999999,-0.017672568559646606,-10.56195068359375,0.2201546894196286,-0.03889186307787895,0.5579324306097586,0.009403467178344727,-0.009495973587036133
shared1000,932,67363,67363,22957,38853,38853,38853,12,5,10,6,near_good,False,False,0.35025882720947266,"[38853, 13720, 19573, 38297, 55968]","[-0.049820274114608765, -0.03201562166213989, -0.03904891014099121, -0.04721841216087341, -0.01726764440536499]","[0.01670306921005249, -0.0030379295349121094, -0.014549441635608673, -0.014458730816841125, -0.0338069424033165]","[0.31654027104377747, 0.26145291328430176, 0.2723969519138336, 0.25880080461502075, 0.2383258044719696]","[3.1355011463165283, 2.7852423191070557, 2.365504741668701, 2.2670414447784424, 2.0784244537353516]","[0.34076334877540504, 0.24006972867472776, 0.15777845095258614, 0.14298340047971794, 0.11840507111756304]",guided_refine,0.315153302024754,meaningful support but refinement justified,0.34076334877540504,0.9515626334494869,0.6666666666666666,0.38275259733200073,-0.09301111102104187,0.4520081877708435,38853,fused_top1,0,10,anchor_baseline,,0.9641751223802567,"[{""kind"": ""anchor_baseline"", ""seed"": null, ""anchor_clip_similarity"": 1.0000001192092896, ""prior_clip_similarity"": 0.9817789793014526, ""shortlist_consistency_score"": 0.8537461161613464, ""anchor_layout_ssim"": 1.0, ""anchor_edge_corr"": 1.0, ""anchor_color_drift"": 0.0, ""selection_score"": 0.9641751223802567}, {""kind"": ""prior_image"", ""seed"": null, ""anchor_clip_similarity"": 0.9817789793014526, ""prior_clip_similarity"": 1.0, ""shortlist_consistency_score"": 0.8422064781188965, ""anchor_layout_ssim"": 0.8350751399993896, ""anchor_edge_corr"": 0.8155735454831539, ""anchor_color_drift"": 0.002366095781326294, ""selection_score"": 0.9007743865096195}, {""kind"": ""diffusion_sample"", ""seed"": 1042, ""anchor_clip_similarity"": 0.9274449944496155, ""prior_clip_similarity"": 0.9297909736633301, ""shortlist_consistency_score"": 0.832098662853241, ""anchor_layout_ssim"": 0.6885614395141602, ""anchor_edge_corr"": 0.6628039791811321, ""anchor_color_drift"": 0.003979593515396118, ""selection_score"": 0.8233780371051774}, {""kind"": ""diffusion_sample"", ""seed"": 1043, ""anchor_clip_similarity"": 0.909101128578186, ""prior_clip_similarity"": 0.9086334109306335, ""shortlist_consistency_score"": 0.8313923478126526, ""anchor_layout_ssim"": 0.6989850997924805, ""anchor_edge_corr"": 0.66439979340024, ""anchor_color_drift"": 0.004000326152890921, ""selection_score"": 0.8170975839849597}, {""kind"": ""diffusion_sample"", ""seed"": 1044, ""anchor_clip_similarity"": 0.8911381959915161, ""prior_clip_similarity"": 0.893653392791748, ""shortlist_consistency_score"": 0.8145914077758789, ""anchor_layout_ssim"": 0.692315399646759, ""anchor_edge_corr"": 0.6615461827833832, ""anchor_color_drift"": 0.005910823587328196, ""selection_score"": 0.8038680879166991}, {""kind"": ""diffusion_sample"", ""seed"": 1045, ""anchor_clip_similarity"": 0.8809934854507446, ""prior_clip_similarity"": 0.8779031038284302, ""shortlist_consistency_score"": 0.8132284283638, ""anchor_layout_ssim"": 0.6981725096702576, ""anchor_edge_corr"": 0.6740634372598912, ""anchor_color_drift"": 0.0022737879771739244, ""selection_score"": 0.8014351478265309}]",0.17393474280834198,184.92420959472656,0.026689324445069097,0.06811419874429703,7.596136906949347,0.754898190498352,0.49771714210510254,1.0000001192092896,0.9817789793014526,0.8537461161613464,0.16821832954883575,181.8600311279297,0.023012910182458098,0.07834985852241516,7.7412666590345145,0.755611777305603,0.5091155171394348,0.9817789793014526,1.0,0.8422064781188965,0.17393474280834198,184.92420959472656,0.026689324445069097,0.06811419874429703,7.596136906949347,0.754898190498352,0.49771714210510254,1.0000001192092896,0.9817789793014526,0.8537461161613464,1.0,1.0,0.0,0.0,0.0,0.0,0.0,0.0,0.0
shared1000,18,3842,3842,69831,64004,13613,64004,25,3,10,6,near_good,False,False,0.21314048767089844,"[64004, 13613, 23871, 48679, 66464]","[0.010290145874023438, -0.007994771003723145, -0.015252530574798584, -0.010116219520568848, -0.03429305553436279]","[0.022421017289161682, 0.0188123881816864, 0.0017101019620895386, -0.00464436411857605, -0.005354776978492737]","[0.4758705198764801, 0.49193280935287476, 0.3808228373527527, 0.36035874485969543, 0.31556642055511475]","[2.756114959716797, 2.5429744720458984, 2.137308120727539, 2.046212673187256, 1.8475990295410156]","[0.3085045226553576, 0.24928479944195092, 0.16615642507746076, 0.1516892798157985, 0.12436497300943222]",guided_refine,0.27030014989959855,meaningful support but refinement justified,0.3085045226553576,0.9647109125626769,0.3333333333333333,0.49988293647766113,0.01185426115989685,0.46450263261795044,48679,consensus_medoid,3,11,anchor_baseline,,0.961500642299652,"[{""kind"": ""anchor_baseline"", ""seed"": null, ""anchor_clip_similarity"": 1.0000001192092896, ""prior_clip_similarity"": 0.9795858263969421, ""shortlist_consistency_score"": 0.8432621955871582, ""anchor_layout_ssim"": 1.0, ""anchor_edge_corr"": 1.0, ""anchor_color_drift"": 0.0, ""selection_score"": 0.961500642299652}, {""kind"": ""prior_image"", ""seed"": null, ""anchor_clip_similarity"": 0.9795858263969421, ""prior_clip_similarity"": 1.0, ""shortlist_consistency_score"": 0.8501270413398743, ""anchor_layout_ssim"": 0.8623029589653015, ""anchor_edge_corr"": 0.8813818123991282, ""anchor_color_drift"": 0.00911922287195921, ""selection_score"": 0.915489757987822}, {""kind"": ""diffusion_sample"", ""seed"": 1142, ""anchor_clip_similarity"": 0.9128086566925049, ""prior_clip_similarity"": 0.9327957630157471, ""shortlist_consistency_score"": 0.8450847268104553, ""anchor_layout_ssim"": 0.7091413140296936, ""anchor_edge_corr"": 0.7214651443882639, ""anchor_color_drift"": 0.005420267581939697, ""selection_score"": 0.8336972643913926}, {""kind"": ""diffusion_sample"", ""seed"": 1143, ""anchor_clip_similarity"": 0.9065679907798767, ""prior_clip_similarity"": 0.9280891418457031, ""shortlist_consistency_score"": 0.8463506698608398, ""anchor_layout_ssim"": 0.7069616913795471, ""anchor_edge_corr"": 0.7185335416785366, ""anchor_color_drift"": 0.010660916566848755, ""selection_score"": 0.8302951518391464}, {""kind"": ""diffusion_sample"", ""seed"": 1144, ""anchor_clip_similarity"": 0.9153246879577637, ""prior_clip_similarity"": 0.9418332576751709, ""shortlist_consistency_score"": 0.8407586216926575, ""anchor_layout_ssim"": 0.7317357659339905, ""anchor_edge_corr"": 0.7342964611624134, ""anchor_color_drift"": 0.010358224622905254, ""selection_score"": 0.8404825737173537}, {""kind"": ""diffusion_sample"", ""seed"": 1145, ""anchor_clip_similarity"": 0.8572148084640503, ""prior_clip_similarity"": 0.8726838827133179, ""shortlist_consistency_score"": 0.8089962601661682, ""anchor_layout_ssim"": 0.7049067616462708, ""anchor_edge_corr"": 0.7178837566539881, ""anchor_color_drift"": 0.007492870092391968, ""selection_score"": 0.7989566129610419}]",0.07141179591417313,118.49105834960938,0.08451427226094413,0.05508783459663391,11.462299994601363,0.7144012451171875,0.6445868015289307,0.8606014847755432,0.8707352876663208,0.8722591996192932,0.0596955269575119,108.3356704711914,0.08715369049129096,0.16036419570446014,12.240581967803976,0.724228024482727,0.6253471374511719,0.9795858263969421,1.0,0.8501270413398743,0.06588926911354065,113.81720733642578,0.07637156934963493,0.14151516556739807,11.811852913665293,0.7137317657470703,0.6006515026092529,1.0000001192092896,0.9795858263969421,0.8432621955871582,1.0,1.0,-0.005522526800632477,-4.673851013183594,-0.008142702911309196,0.08642733097076416,0.34955291906392993,-0.0006694793701171875,-0.043935298919677734
val,230,20056,20056,50926,37846,25223,11907,281,6,17,281,hard,False,False,0.16218113899230957,"[11907, 44798, 50953, 70126, 71205]","[-0.02456873655319214, -0.02845945954322815, -0.04416486620903015, -0.018704533576965332, -0.05753445625305176]","[-0.014936722815036774, -0.017990946769714355, -0.018446587026119232, -0.03396538645029068, -0.01170351356267929]","[0.15729744732379913, 0.22317056357860565, 0.1186881884932518, 0.2033519744873047, 0.23113831877708435]","[1.9783610105514526, 1.816179871559143, 1.5245237350463867, 1.5002778768539429, 1.494266152381897]","[0.2686945111404953, 0.22846749558735768, 0.17067101463844256, 0.166582711901891, 0.16558426673181348]",low_strength_refine,15.041063157033985,strong anchor but mild ambiguity,0.2686945111404953,0.9869837430531606,0.0,67.70452880859375,0.5259628295898438,63.94453048706055,71205,consensus_medoid,4,12,anchor_baseline,,0.935261036157608,"[{""kind"": ""anchor_baseline"", ""seed"": null, ""anchor_clip_similarity"": 1.0, ""prior_clip_similarity"": 0.9291438460350037, ""shortlist_consistency_score"": 0.6718307137489319, ""anchor_layout_ssim"": 1.0, ""anchor_edge_corr"": 1.0, ""anchor_color_drift"": 0.0, ""selection_score"": 0.935261036157608}, {""kind"": ""prior_image"", ""seed"": null, ""anchor_clip_similarity"": 0.9291438460350037, ""prior_clip_similarity"": 1.0, ""shortlist_consistency_score"": 0.6815305948257446, ""anchor_layout_ssim"": 0.9496275782585144, ""anchor_edge_corr"": 0.945663239262531, ""anchor_color_drift"": 0.004353562835603952, ""selection_score"": 0.8965487744207958}, {""kind"": ""diffusion_sample"", ""seed"": 1242, ""anchor_clip_similarity"": 0.8580252528190613, ""prior_clip_similarity"": 0.9534127116203308, ""shortlist_consistency_score"": 0.6579373478889465, ""anchor_layout_ssim"": 0.9001588821411133, ""anchor_edge_corr"": 0.8708264279669243, ""anchor_color_drift"": 0.00419241189956665, ""selection_score"": 0.840781070473847}, {""kind"": ""diffusion_sample"", ""seed"": 1243, ""anchor_clip_similarity"": 0.8441098928451538, ""prior_clip_similarity"": 0.9530333876609802, ""shortlist_consistency_score"": 0.6604280471801758, ""anchor_layout_ssim"": 0.8975221514701843, ""anchor_edge_corr"": 0.8729167564367031, ""anchor_color_drift"": 0.0006402035360224545, ""selection_score"": 0.8354222564277248}]",0.08603384345769882,130.0574493408203,-0.09792598336856385,0.31324681639671326,10.65330693534908,0.6913164854049683,0.6354657411575317,0.6101972460746765,0.6416430473327637,0.71369868516922,0.08402562141418457,128.53057861328125,0.09790600144215819,0.32318392395973206,10.75588255102494,0.6812200546264648,0.7870252728462219,0.9291438460350037,1.0,0.6815305948257446,0.08788961172103882,131.45265197753906,0.09879617173576137,0.3076139986515045,10.560624538326906,0.6857975721359253,0.7572987079620361,1.0,0.9291438460350037,0.6718307137489319,1.0,1.0,0.0018557682633399963,1.39520263671875,0.19672215510432522,-0.00563281774520874,-0.09268239702217507,-0.005518913269042969,0.1218329668045044
val,59,5278,5278,3625,3625,3625,3625,156,4,7,156,hard,False,False,0.4973313808441162,"[3625, 49669, 14635, 54993, 20249]","[0.037546753883361816, 0.0014164447784423828, -0.003378450870513916, 0.006622314453125, 0.0009453296661376953]","[0.006979659199714661, 0.005160242319107056, -0.010749571025371552, -0.017284341156482697, -0.020004987716674805]","[0.37458622455596924, 0.3359753489494324, 0.2267562597990036, 0.3234637677669525, 0.3508186638355255]","[2.716858148574829, 2.219526767730713, 1.7666442394256592, 1.730513334274292, 1.5922510623931885]","[0.37139829955908144, 0.22586640351677592, 0.14360423693490793, 0.13850830062544864, 0.120622759363786]",identity_pass,11.153667669434498,stable anchor and concentrated support,0.37139829955908144,0.9391698459126744,1.0,49.3240852355957,-17.025890350341797,62.07073974609375,3625,fused_top1,0,13,anchor_baseline,,0.8013043999671936,[],0.10300124436616898,142.3055419921875,0.11986244847429263,0.13266287744045258,9.87157513942021,0.6686527729034424,0.44390881061553955,1.0000001192092896,1.0000001192092896,0.8013043999671936,0.10300124436616898,142.3055419921875,0.11986244847429263,0.13266287744045258,9.87157513942021,0.6686527729034424,0.44390881061553955,1.0000001192092896,1.0000001192092896,0.8013043999671936,0.10300124436616898,142.3055419921875,0.11986244847429263,0.13266287744045258,9.87157513942021,0.6686527729034424,0.44390881061553955,1.0000001192092896,1.0000001192092896,0.8013043999671936,1.0,0.9999999999999999,0.0,0.0,0.0,0.0,0.0,0.0,0.0
shared1000,950,69030,69030,56290,69030,6640,8262,207,1,8,207,hard,False,False,0.18693041801452637,"[8262, 59420, 8109, 6640, 59419]","[-0.03905141353607178, -0.04067349433898926, -0.03197011351585388, -0.048140525817871094, -0.028428196907043457]","[-0.015281856060028076, -0.021785780787467957, -0.028445914387702942, -0.025329038500785828, -0.04311200976371765]","[0.39584749937057495, 0.410433828830719, 0.29401278495788574, 0.4460076689720154, 0.16177648305892944]","[2.3103954792022705, 2.123465061187744, 2.119084358215332, 1.9028220176696777, 1.8274906873703003]","[0.2539599856759745, 0.2106601770548838, 0.20973935578591468, 0.1689500748797839, 0.15669040660344313]",exploratory_refine,0.19160667332744602,diffuse shortlist or unstable anchor,0.2539599856759745,0.9907862428349982,0.0,0.496075838804245,0.03852930665016174,0.44710230827331543,6640,consensus_medoid,3,14,anchor_baseline,,0.9378115165233613,"[{""kind"": ""anchor_baseline"", ""seed"": null, ""anchor_clip_similarity"": 1.0000001192092896, ""prior_clip_similarity"": 0.9856114387512207, ""shortlist_consistency_score"": 0.8003788590431213, ""anchor_layout_ssim"": 1.0, ""anchor_edge_corr"": 1.0, ""anchor_color_drift"": 0.0, ""selection_score"": 0.9378115165233613}, {""kind"": ""prior_image"", ""seed"": null, ""anchor_clip_similarity"": 0.9856114387512207, ""prior_clip_similarity"": 1.0000001192092896, ""shortlist_consistency_score"": 0.7975344061851501, ""anchor_layout_ssim"": 0.7124425768852234, ""anchor_edge_corr"": 0.7393670355211492, ""anchor_color_drift"": 0.012965480796992779, ""selection_score"": 0.8526610094640713}, {""kind"": ""diffusion_sample"", ""seed"": 1442, ""anchor_clip_similarity"": 0.6833955645561218, ""prior_clip_similarity"": 0.691909670829773, ""shortlist_consistency_score"": 0.6320508122444153, ""anchor_layout_ssim"": 0.4172183573246002, ""anchor_edge_corr"": 0.42996554189982683, ""anchor_color_drift"": 0.013672511093318462, ""selection_score"": 0.5906022139828034}, {""kind"": ""diffusion_sample"", ""seed"": 1443, ""anchor_clip_similarity"": 0.6962659358978271, ""prior_clip_similarity"": 0.7016250491142273, ""shortlist_consistency_score"": 0.6399825215339661, ""anchor_layout_ssim"": 0.40636828541755676, ""anchor_edge_corr"": 0.4348114472494615, ""anchor_color_drift"": 0.004118690732866526, ""selection_score"": 0.5970451826790351}, {""kind"": ""diffusion_sample"", ""seed"": 1444, ""anchor_clip_similarity"": 0.6927385330200195, ""prior_clip_similarity"": 0.6983028650283813, ""shortlist_consistency_score"": 0.6364176273345947, ""anchor_layout_ssim"": 0.4031030237674713, ""anchor_edge_corr"": 0.44411895925843925, ""anchor_color_drift"": 0.013427555561065674, ""selection_score"": 0.5949127548506477}, {""kind"": ""diffusion_sample"", ""seed"": 1445, ""anchor_clip_similarity"": 0.6931172609329224, ""prior_clip_similarity"": 0.7002921104431152, ""shortlist_consistency_score"": 0.6372742056846619, ""anchor_layout_ssim"": 0.4172670543193817, ""anchor_edge_corr"": 0.47369638511523393, ""anchor_color_drift"": 0.006441394332796335, ""selection_score"": 0.6023352948907924}, {""kind"": ""diffusion_sample"", ""seed"": 1446, ""anchor_clip_similarity"": 0.6964976191520691, ""prior_clip_similarity"": 0.7031460404396057, ""shortlist_consistency_score"": 0.6395599842071533, ""anchor_layout_ssim"": 0.42358842492103577, ""anchor_edge_corr"": 0.445722608927536, ""anchor_color_drift"": 0.004785120487213135, ""selection_score"": 0.6014668475418395}, {""kind"": ""diffusion_sample"", ""seed"": 1447, ""anchor_clip_similarity"": 0.704126238822937, ""prior_clip_similarity"": 0.7075466513633728, ""shortlist_consistency_score"": 0.6480361819267273, ""anchor_layout_ssim"": 0.41810402274131775, ""anchor_edge_corr"": 0.44543919206863647, ""anchor_color_drift"": 0.007028619293123484, ""selection_score"": 0.6055153156772264}]",0.11675233393907547,151.50723266601562,-0.05967273999578939,0.07111472636461258,9.327344434473032,0.8137612342834473,0.4804556369781494,0.893966019153595,0.887580156326294,0.7899689674377441,0.1122496947646141,148.55702209472656,0.11348601952455781,0.09576386958360672,9.498148360336575,0.8415552377700806,0.5233902931213379,0.9856114387512207,1.0000001192092896,0.7975344061851501,0.13209624588489532,161.15576171875,0.11706927342929485,0.06984612345695496,8.791095175890414,0.8472866415977478,0.5217847228050232,1.0000001192092896,0.9856114387512207,0.8003788590431213,1.0,1.0,0.015343911945819855,9.648529052734375,0.17674201342508425,-0.0012686029076576233,-0.5362492585826182,0.03352540731430054,0.04132908582687378
shared1000,924,66976,66976,62479,60186,26119,60186,181,2,31,181,hard,False,False,0.10909640789031982,"[60186, 13312, 2990, 57553, 11952]","[-0.015421271324157715, 0.010732531547546387, -0.01600322127342224, -0.013042449951171875, -0.0020462870597839355]","[0.0008818656206130981, -0.018804512917995453, -0.01176731288433075, -0.0186002254486084, -0.02880961447954178]","[0.1430017352104187, 0.19435085356235504, 0.2276349812746048, 0.17948026955127716, 0.1453748196363449]","[2.0900120735168457, 1.9809156656265259, 1.6812821626663208, 1.5242799520492554, 1.4177013635635376]","[0.27475476002408755, 0.24635719874331363, 0.18257280175644586, 0.15604536973401223, 0.14026986974214076]",exploratory_refine,0.24924083856817625,diffuse shortlist or unstable anchor,0.27475476002408755,0.9791995161461371,0.3333333333333333,0.4617842435836792,0.012314915657043457,0.4290527403354645,11952,consensus_medoid,4,15,anchor_baseline,,0.9044472646713257,"[{""kind"": ""anchor_baseline"", ""seed"": null, ""anchor_clip_similarity"": 1.0, ""prior_clip_similarity"": 0.9573354125022888, ""shortlist_consistency_score"": 0.7042453289031982, ""anchor_layout_ssim"": 1.0, ""anchor_edge_corr"": 0.9999999999999998, ""anchor_color_drift"": 0.0, ""selection_score"": 0.9044472646713257}, {""kind"": ""prior_image"", ""seed"": null, ""anchor_clip_similarity"": 0.9573354125022888, ""prior_clip_similarity"": 1.0000001192092896, ""shortlist_consistency_score"": 0.6798253059387207, ""anchor_layout_ssim"": 0.7404637336730957, ""anchor_edge_corr"": 0.7996407372006076, ""anchor_color_drift"": 0.011534850113093853, ""selection_score"": 0.8235552679457775}, {""kind"": ""diffusion_sample"", ""seed"": 1542, ""anchor_clip_similarity"": 0.7454255819320679, ""prior_clip_similarity"": 0.721000611782074, ""shortlist_consistency_score"": 0.6787489652633667, ""anchor_layout_ssim"": 0.5302900671958923, ""anchor_edge_corr"": 0.5267822785690387, ""anchor_color_drift"": 0.009325936436653137, ""selection_score"": 0.6560165600570137}, {""kind"": ""diffusion_sample"", ""seed"": 1543, ""anchor_clip_similarity"": 0.6737552881240845, ""prior_clip_similarity"": 0.6542463302612305, ""shortlist_consistency_score"": 0.6222654581069946, ""anchor_layout_ssim"": 0.5473389625549316, ""anchor_edge_corr"": 0.5350645806949207, ""anchor_color_drift"": 0.010236561298370361, ""selection_score"": 0.6150317666648351}, {""kind"": ""diffusion_sample"", ""seed"": 1544, ""anchor_clip_similarity"": 0.7550228238105774, ""prior_clip_similarity"": 0.7349112629890442, ""shortlist_consistency_score"": 0.6610063314437866, ""anchor_layout_ssim"": 0.5566098690032959, ""anchor_edge_corr"": 0.539829085448968, ""anchor_color_drift"": 0.009983201511204243, ""selection_score"": 0.6612276701537444}, {""kind"": ""diffusion_sample"", ""seed"": 1545, ""anchor_clip_similarity"": 0.7524239420890808, ""prior_clip_similarity"": 0.7278092503547668, ""shortlist_consistency_score"": 0.6689325571060181, ""anchor_layout_ssim"": 0.5662534832954407, ""anchor_edge_corr"": 0.563139201842918, ""anchor_color_drift"": 0.010230590589344501, ""selection_score"": 0.6666395093457594}, {""kind"": ""diffusion_sample"", ""seed"": 1546, ""anchor_clip_similarity"": 0.7327195405960083, ""prior_clip_similarity"": 0.7234130501747131, ""shortlist_consistency_score"": 0.6584891080856323, ""anchor_layout_ssim"": 0.5624186396598816, ""anchor_edge_corr"": 0.556552831209602, ""anchor_color_drift"": 0.016086310148239136, ""selection_score"": 0.6562455734041991}, {""kind"": ""diffusion_sample"", ""seed"": 1547, ""anchor_clip_similarity"": 0.7223367691040039, ""prior_clip_similarity"": 0.7025120258331299, ""shortlist_consistency_score"": 0.6100872755050659, ""anchor_layout_ssim"": 0.5566399097442627, ""anchor_edge_corr"": 0.5715464322902609, ""anchor_color_drift"": 0.0072996714152395725, ""selection_score"": 0.6375028338787382}]",0.08235716819763184,127.24810028076172,0.1832796117580343,0.12998710572719574,10.84298563678116,0.683814287185669,0.6055270433425903,0.6775574088096619,0.6615030169487,0.7774172425270081,0.09847357124090195,139.1427001953125,0.19343122393307827,0.15703819692134857,10.066803365490973,0.7183026671409607,0.5377964973449707,0.9573354125022888,1.0000001192092896,0.6798253059387207,0.11205144971609116,148.42578125,0.18547773399055126,0.10448745638132095,9.5058254052056,0.7325781583786011,0.5354878902435303,1.0,0.9573354125022888,0.7042453289031982,1.0,0.9999999999999998,0.02969428151845932,21.17768096923828,0.002198122232516947,-0.025499649345874786,-1.3371602315755595,0.04876387119293213,-0.07003915309906006
