participant,ROI,fold,n_voxels,d_vis,d_vis_reason,vis_peak_test_r,d_img,d_img_reason,img_peak_test_r,TV_vis,TV_img,alignment_ratio,alignment_evaluable,alignment_reason,align_d,null_mean,null_p05,null_p95,alignment_empirical_percentile,vis_projector_hash,img_projector_hash,v2v_r_model,v2i_r_model,dimension_ratio_fold
subj01,V1,fold_0,27,3.0,OK,0.5670906725206272,3.0,OK,0.3009183798421726,19.913906992381794,6.279284667386929,0.3153215825397354,True,OK,3.0,0.18741211424865312,0.02194324315408556,0.7313186988873769,0.82,721ff54975b87325,7b1a5dcf8182a4a7,7,11,1.0
subj01,V1,fold_1,27,3.0,OK,0.715973250997306,6.0,OK,0.08901698123219576,24.86073054426182,14.862496421157411,0.5978302365128152,True,OK,6.0,0.29746747747668795,0.062010214554900765,0.9097149586084375,0.77,e56cac7086ccaa08,2075ca0f988a9569,5,12,2.0
subj01,V1,fold_2,27,7.0,OK,0.5762117451333912,2.0,OK,0.2354957923442127,14.630236029913785,5.014493629515068,0.34274864870683963,True,OK,2.0,0.15616395328765698,0.018952855196071986,0.7985372363142063,0.89,7a592366a3f5959a,b9217054078910a6,12,7,0.2857142857142857
subj01,V1,fold_3,27,4.0,OK,0.5814070789227044,4.0,OK,0.21628932137571885,23.88240373243299,8.866995154540648,0.371277332628751,True,OK,4.0,0.13951464788742932,0.02847773967671537,0.7738402818913251,0.92,ebfa78447ad58fca,d98fda63ba8f6393,10,7,1.0
subj01,V2,fold_0,29,2.0,OK,0.39303973908803647,7.0,OK,0.1620686047302755,18.130098536738018,16.82082699140947,0.9277846426109875,True,OK,7.0,0.40379085712661916,0.10017891088967233,0.8557551564168151,0.98,778733948bcefd93,1e5b096832124d09,6,1,3.5
subj01,V2,fold_1,29,8.0,OK,0.5613511659133841,1.0,OK,0.07995621184484814,11.232059584761581,12.453260634335118,1.1087245878957344,True,OK,1.0,0.11933615472666129,0.017517429995069413,0.4200789067399568,1.0,46d7906a3dc36762,c2345471e2659f2b,12,8,0.125
subj01,V2,fold_2,29,9.0,OK,0.3109930516178705,7.0,OK,0.11278810458701438,20.895345382672478,9.243482715458136,0.4423704201186987,True,OK,7.0,0.3551217603833809,0.11952378280381712,0.8634506585171922,0.62,440cde152cea5b8e,7e8fc267d77f42f8,4,9,0.7777777777777778
subj01,V2,fold_3,29,1.0,OK,0.3819036501209709,3.0,OK,0.10476585056721693,22.48494745856144,12.098229244794977,0.5380590400351777,True,OK,3.0,0.13784422275087205,0.03218873470156838,0.6903905783942352,0.94,63021e7c6e203c63,64ebcf96bb75911b,8,9,3.0
subj01,V3,fold_0,24,2.0,OK,0.3531113888838255,8.0,OK,0.14872510688018212,13.14307632143926,11.86392499236901,0.9026748914952528,True,OK,8.0,0.5874072736980845,0.2732888739844851,0.9938194405528861,0.85,09fe4488b87a78ac,205cceda5b21436b,2,8,4.0
subj01,V3,fold_1,24,9.0,OK,0.4492716880344732,9.0,OK,0.07603420142945476,18.704690195091924,17.00315029577017,0.9090313776077277,True,OK,9.0,0.5964609305842372,0.2850704186748254,0.9322164323483648,0.93,ebf7cfdd97afc266,5beea0ed07b712b4,6,10,1.0
subj01,V3,fold_2,24,1.0,OK,0.3296081861934075,3.0,OK,0.11360695431407199,12.138321175543709,8.640288179614842,0.7118190443850914,True,OK,3.0,0.19741036089878367,0.053228439243956926,0.6077233440097211,0.99,0e72da5225fb111e,656011208449fc6b,4,10,3.0
subj01,V3,fold_3,24,3.0,OK,0.4158093206810108,11.0,OK,0.033404187337847224,16.711292714143262,15.013378612768072,0.8983972017952749,True,OK,11.0,0.8289020069190449,0.39865995429854145,1.2754295755084226,0.6,9675b072609aeeda,6cde5bdce88fb6ef,12,7,3.6666666666666665
subj01,hV4,fold_0,14,2.0,OK,0.5755457774812992,6.0,OK,0.11656964637858036,10.22773236417991,5.349501268971752,0.5230388397438956,True,OK,6.0,0.5379523128967403,0.16863561136793076,0.9655951963627373,0.56,3d682556deeda92c,6f6511d910514201,6,12,3.0
subj01,hV4,fold_1,14,4.0,OK,0.6539775995530517,1.0,OK,0.15098933759505773,5.585115148636321,4.6916275227365025,0.8400234190125918,True,OK,1.0,0.24929860630592074,0.03692837062076029,1.4865511761100376,0.86,7cb2a386e1408ee4,70f705763d5bce70,7,7,0.25
subj01,hV4,fold_2,14,3.0,OK,0.5078472262760151,3.0,OK,0.13017726401558044,7.891551696059096,6.212596684670418,0.7872465294465321,True,OK,3.0,0.37233649400403207,0.06887689123164985,0.9226588069841346,0.75,a4ed956fe70f20bd,477f1996af9c8713,1,11,1.0
subj01,hV4,fold_3,14,1.0,OK,0.5512928813195951,8.0,OK,0.02171184593109365,13.537998739569199,9.089080659383129,0.6713754990105988,True,OK,8.0,0.7268424502312467,0.18367118723086637,1.0932065371106108,0.38,49d65bc283fec86e,81b46022acd63d2d,5,10,8.0
subj01,ventral,fold_0,153,2.0,OK,0.35828933769621807,2.0,OK,0.18611386752850836,38.370256741767776,19.586462725550827,0.510459517051656,True,OK,2.0,0.1263928086904876,0.022249696891272767,0.646146076807099,0.93,34bb3ff23af4adbf,fbcbb6b7be54fd41,6,5,1.0
subj01,ventral,fold_1,153,4.0,OK,0.3147803151697265,2.0,OK,0.06449461210176377,59.1975365374047,26.639789212412367,0.45001516567466765,True,OK,2.0,0.07679603032146681,0.01305807861556785,0.3560112662917836,0.95,1254083173c26c38,14cf01c2b3e02cdc,2,2,0.5
subj01,ventral,fold_2,153,5.0,OK,0.13541879730478334,4.0,OK,0.14387416330633793,51.56154890493866,24.081305487956616,0.46703999393722756,True,OK,4.0,0.11647561014108737,0.04524929347872931,0.3733380963442294,0.97,c355109efe3c9f30,f51f8c1ea838935f,8,9,0.8
subj01,ventral,fold_3,153,1.0,OK,0.3138945260811921,1.0,OK,0.07527208966302194,43.82373615469244,22.579409259055097,0.5152324114802201,True,OK,1.0,0.06587765707416594,0.008826159674953569,0.21938065613466617,0.95,a5b2b005e09fe595,e21a3a7775c2d8f0,5,11,1.0
subj01,lateral,fold_0,156,1.0,OK,0.3188170932893,10.0,OK,0.11598418310538189,57.95466964380475,41.42164504308169,0.7147248927077542,True,OK,10.0,0.311745219808952,0.11354450349198146,0.8482806578980974,0.78,f3fa799dab99294f,95f04949b5dfef2e,8,8,10.0
subj01,lateral,fold_1,156,3.0,OK,0.343825280158041,10.0,OK,0.17243488805808524,100.05621246108535,62.25181160174303,0.6221683798590166,True,OK,10.0,0.26865092176691063,0.0708893623705744,0.8075075487418626,0.79,1c4e4b79d72b8b23,b0dee317df4e9bb4,5,9,3.3333333333333335
subj01,lateral,fold_2,156,2.0,OK,0.21727039695955042,2.0,OK,0.07973329396343143,55.91483929620686,28.529096613263086,0.5102240652455642,True,OK,2.0,0.07919735164413816,0.019546068218588664,0.1846171768072724,0.97,fae619c025010865,7485578648b8e120,3,11,1.0
subj01,lateral,fold_3,156,6.0,OK,0.3482140330775954,9.0,OK,0.1536146544893747,59.92256160444086,46.204944663831355,0.7710775945934712,True,OK,9.0,0.30867722929416336,0.1095225482286035,0.8682351337403644,0.78,37e7b6e46b1703f2,7fbe06e32923dd2a,11,12,1.5
subj01,parietal,fold_0,71,2.0,OK,0.3599262516172431,2.0,OK,0.2714818658451988,48.89360614341621,32.06398091344072,0.655790878246732,True,OK,2.0,0.06595115764246873,0.012215397594601472,0.08255320728322238,0.96,7fe15e02ef8e00dc,ad27f42d6c46fe98,6,2,1.0
subj01,parietal,fold_1,71,2.0,OK,0.39433510868114474,4.0,OK,0.07042698440758542,43.23269909636294,34.342578490267684,0.794365820503602,True,OK,4.0,0.08529985122792796,0.02973935849309174,0.20117069586651604,0.97,147e62c84fdea907,44bc1889d746595f,11,2,2.0
subj01,parietal,fold_2,71,11.0,OK,0.05459844458572548,,NOT_EVALUABLE_NONPOSITIVE_TEST_PEAK,-0.10073516912115138,,,,False,NON_EVALUABLE_DIMG_NOT_EVALUABLE_NONPOSITIVE_TEST_PEAK,,,,,,85bf796d3ab8eb51,,1,7,
subj01,parietal,fold_3,71,1.0,OK,0.24101140897519482,2.0,OK,0.13879107100681295,29.930308189893175,25.1062032236322,0.8388220750800698,True,OK,2.0,0.07174585027802478,0.014780999187006271,0.1362788438198076,0.97,49dd9ca2153d6281,d139ccdd9c74a6f1,2,1,2.0
subj02,V1,fold_0,23,2.0,OK,0.7663113284130899,3.0,OK,0.12874677549759114,17.20096196351426,11.001300017792548,0.6395746959459537,True,OK,3.0,0.20264632816156922,0.018379288483226015,0.9024248140172958,0.86,a0284d0c789cdb47,ffc64898b25ddddd,2,6,1.5
subj02,V1,fold_1,23,3.0,OK,0.7962765172568358,4.0,OK,0.1424162591215969,18.858261226254072,7.896934106372858,0.418751973558353,True,OK,4.0,0.19820891377073915,0.017005103403231848,0.8495516152389444,0.82,355ee44241d912b0,616d92d1e79b94a5,7,9,1.3333333333333333
subj02,V1,fold_2,23,4.0,OK,0.7290279874674882,7.0,OK,0.20787668709462376,21.84844196812049,11.121242503107728,0.509017646170604,True,OK,7.0,0.36126599413950344,0.03595161928201183,0.9134104037616262,0.67,a10f5d5f16db4e88,87e394764ab9afac,4,10,1.75
subj02,V1,fold_3,23,2.0,OK,0.6765441734688489,11.0,OK,0.24046614698193033,20.301845495837927,18.628058193904284,0.9175549187251579,True,OK,11.0,0.6242804040904502,0.14923300096502967,1.138917513147385,0.54,023000d898e999a7,ecb1d8388c954071,11,12,5.5
subj02,V2,fold_0,22,4.0,OK,0.6534789455833203,6.0,OK,0.1391434060553282,14.831937359106634,10.54227399186085,0.7107819927103466,True,OK,6.0,0.4821700577634286,0.17256787489032394,1.0186353753875423,0.69,6a747add8912ca0c,b871af56b03ab8e1,8,12,1.5
subj02,V2,fold_1,22,3.0,OK,0.7040071229048622,5.0,OK,0.05475581024734148,16.33375851477497,6.704347816546442,0.4104595895967186,True,OK,5.0,0.34042165601646346,0.10156808157140604,0.8167691759867627,0.76,631d69e4aef908b7,307bba90031512a6,11,9,1.6666666666666667
subj02,V2,fold_2,22,4.0,OK,0.6715649702454718,7.0,OK,0.16391732002152726,17.585919049001053,9.395768139113235,0.5342779136497248,True,OK,7.0,0.414022499988751,0.14408630003093614,0.8263019279822323,0.68,5975e0e5e9c227b1,09a489e3c85bb071,8,11,1.75
subj02,V2,fold_3,22,6.0,OK,0.6218843884248282,7.0,OK,0.05670489442823814,18.954484766731632,11.53960208697072,0.6088058962818499,True,OK,7.0,0.3836709630534337,0.1274036152264983,0.8602944103899911,0.73,9f438fc8e8ac56a8,8166324d318ac7a5,6,12,1.1666666666666667
subj02,V3,fold_0,22,3.0,OK,0.6797308041225283,7.0,OK,0.15067001532451454,21.869395698230868,11.381800042438995,0.5204441951434319,True,OK,7.0,0.3882991450725749,0.06961234062167207,0.9014923307203184,0.66,125261b14ec9d411,4ecdcf7d2b7f3481,4,8,2.3333333333333335
subj02,V3,fold_1,22,6.0,OK,0.6362849047741874,1.0,OK,0.1576444046042999,10.153830131039864,5.781767196242333,0.5694173648392733,True,OK,1.0,0.10308239800491288,0.0081276676545147,0.27372691529330434,0.96,81da562909b0e6fc,7a16e6a49170c267,3,12,0.16666666666666666
subj02,V3,fold_2,22,1.0,OK,0.6157056662901579,9.0,OK,0.11212039912260803,19.32428265304252,11.606031721145218,0.6005931464326776,True,OK,9.0,0.41759911396072946,0.08366158667919996,0.950892462202135,0.65,7b28fc17c9e3ac2b,8792cf8d1d767ef0,6,12,9.0
subj02,V3,fold_3,22,3.0,OK,0.5964687105486924,10.0,OK,0.18483727108955217,19.443391533059902,17.428569644474496,0.8963749773202081,True,OK,10.0,0.5976438220139775,0.18110768804013117,1.1655042842991232,0.64,a4369d093600de7c,bc470cd7bd9c0a6a,2,8,3.3333333333333335
subj02,hV4,fold_0,10,1.0,OK,0.6974878524328189,,NOT_EVALUABLE_NONPOSITIVE_TEST_PEAK,-0.01907341179622213,,,,False,NON_EVALUABLE_DIMG_NOT_EVALUABLE_NONPOSITIVE_TEST_PEAK,,,,,,77f47c4f42fef356,,4,6,
subj02,hV4,fold_1,10,5.0,OK,0.5078808165995649,1.0,OK,0.10831931367792073,6.157994368724573,7.689100440396716,1.2486371341046325,True,OK,1.0,0.25438354949440806,0.00265999398671169,1.0,1.0,ffbf918d1320527d,df05492d68e57fd4,6,8,0.2
subj02,hV4,fold_2,10,2.0,OK,0.4412211405242733,2.0,OK,0.13313780819345825,6.1901597892421725,4.684491881377609,0.7567642905630236,True,OK,2.0,0.2558867101602848,0.025447424078838484,0.8882447939027337,0.79,0292e21a5a1a9ec1,3cd0982b7412f13a,8,1,1.0
subj02,hV4,fold_3,10,1.0,OK,0.5585525314086176,1.0,OK,0.1429883054209374,10.775106911375094,8.538192549998525,0.7923997989277399,True,OK,1.0,0.13762482543430893,0.0024275249177153897,1.0,0.89,a0006110e5dc035c,d4d4452485e13fe9,2,9,1.0
subj02,ventral,fold_0,164,8.0,OK,0.40486050501115817,4.0,OK,0.08075248888939683,86.12681896423354,44.16297995471875,0.5127668766340785,True,OK,4.0,0.1318030024655906,0.026556852241674613,0.6160573896748928,0.92,f3cac2595df3e386,f857ccf0bb1256c9,5,11,0.5
subj02,ventral,fold_1,164,3.0,OK,0.34958936588234735,4.0,OK,0.15502229869881,85.62197487126211,35.51823740819428,0.41482618757156825,True,OK,4.0,0.13686192446794293,0.027744463889327182,0.5665195916623161,0.89,d8b3b12cd1fbba89,7c38119a21ed91e8,8,9,1.3333333333333333
subj02,ventral,fold_2,164,1.0,OK,0.2851134768417414,10.0,OK,0.22565305136263394,73.71612319391107,42.97537118817381,0.5829846894569676,True,OK,10.0,0.2930860391589287,0.09525159197939835,0.6807389209719639,0.86,e63965c2b142d760,998a4b4436ed0475,6,10,10.0
subj02,ventral,fold_3,164,5.0,OK,0.41182057824549695,3.0,OK,0.07562747142655149,65.98137021077986,50.15082566342615,0.7600755410689037,True,OK,3.0,0.08862794215964007,0.017332575183976413,0.22361095963055244,0.98,7c62f3513b9dc892,4e5dff566545cc78,10,12,0.6
subj02,lateral,fold_0,136,5.0,OK,0.5291272035928924,5.0,OK,0.07956792211482927,67.00816806683784,31.45602178715471,0.46943563291834284,True,OK,5.0,0.22318440757153368,0.033596868163531426,0.8851411571814977,0.8,a481e71dfcaf9734,f74c9baed6d5c7da,2,8,1.0
subj02,lateral,fold_1,136,2.0,OK,0.29685847747641164,8.0,OK,0.13449561473674876,95.69078853191532,62.647950087432164,0.654691543967552,True,OK,8.0,0.17308223621795463,0.04918255036355547,0.8245499727254192,0.89,f28d3f0cf371941b,c2e9d7c8c50f937e,5,12,4.0
subj02,lateral,fold_2,136,2.0,OK,0.3287841359868342,6.0,OK,0.0605824462289685,66.34952748190187,49.58765855857073,0.747370183941351,True,OK,6.0,0.17087926035344203,0.033801669607243276,0.8416898029733803,0.87,b552422836b73010,5ae7d50637d52715,1,3,3.0
subj02,lateral,fold_3,136,5.0,OK,0.45300102500527506,1.0,OK,0.08945897038047755,72.40373465950626,39.355350412559055,0.5435541494873966,True,OK,1.0,0.021060433532430572,0.0021098479411725524,0.05191743267586069,0.99,74032f3410b58f20,9f3ad092a9ea75a4,2,3,0.2
subj02,parietal,fold_0,68,1.0,OK,0.5466388153430982,12.0,OK,0.19261728363749078,58.268507295752464,40.97510876184787,0.7032119177838418,True,OK,12.0,0.31046936229872846,0.07387754710644134,0.9062024279021738,0.74,67835f3b49b610d0,06a2334fbf45770a,5,4,12.0
subj02,parietal,fold_1,68,10.0,OK,0.546766136377337,5.0,OK,0.20591013482921056,37.892889885177745,42.779638721566734,1.1289621575761764,True,OK,5.0,0.14177292762360133,0.04810060547622368,0.8459152927637009,1.0,f34bd49f1810c38b,6d04d8fc95f49c66,1,5,0.5
subj02,parietal,fold_2,68,9.0,OK,0.23169194138228794,1.0,OK,0.1949956041321778,21.764432263327006,14.532061120547937,0.6676976888128807,True,OK,1.0,0.051812205529694066,0.006587957853687738,0.10837091309607526,0.97,423ab1d9e6d23270,6130d82e04135433,1,1,0.1111111111111111
subj02,parietal,fold_3,68,1.0,OK,0.533392580331212,2.0,OK,0.28791961888147927,51.74328040326361,46.03337459452228,0.8896493271350228,True,OK,2.0,0.02633872909791053,0.005274457675509437,0.04101109380675772,0.99,79280edfb19cae7e,9b6e36b1461c11b7,11,10,2.0
subj03,V1,fold_0,26,1.0,OK,0.6479259036421321,1.0,OK,0.6253896594231964,28.29583620418962,32.99873142511156,1.1662044969084746,True,OK,1.0,0.01971863916655117,0.001607457139603533,0.053079778857770356,1.0,a084b8198deacde4,41407b0d369e80dd,3,12,1.0
subj03,V1,fold_1,26,4.0,OK,0.32976129266861665,8.0,OK,0.1852133241177881,19.96660451352347,20.3331006900151,1.0183554582975487,True,OK,8.0,0.3351067216658877,0.03391654609073466,0.9930395056336913,0.96,47c1e01c648a2196,43fbcc3e1ec26919,4,11,2.0
subj03,V1,fold_2,26,2.0,OK,0.6830996941391133,2.0,OK,0.5319434339931842,16.828054882806168,11.838887221041242,0.7035208349087012,True,OK,2.0,0.08781254341108263,0.005459178983140059,0.9189055175707029,0.93,22418e5225daeeea,e7450a1d5ce731c3,4,8,1.0
subj03,V1,fold_3,26,1.0,OK,0.7551235740193218,1.0,OK,0.3058792811123889,20.86195243842046,11.779719301143837,0.5646508559500736,True,OK,1.0,0.029547136358146004,0.0016879042839352456,0.03798364538442721,0.98,48f0599f60b286c7,12bae63935b9794e,6,2,1.0
subj03,V2,fold_0,23,3.0,OK,0.6155483809821032,9.0,OK,0.174028611805284,32.209495651185556,21.8243255153946,0.6775742703872887,True,OK,9.0,0.433733365846467,0.061926277458435215,0.9749411722227168,0.6,67b119c5abdccb7e,b02d68a276709e45,3,12,3.0
subj03,V2,fold_1,23,2.0,OK,0.658895888663763,1.0,OK,0.027529035472807967,15.834984978637882,14.06505439964924,0.8882265703834668,True,OK,1.0,0.11285559785361089,0.0071925577461798545,1.0,0.91,d60da8f20af97d6d,6f35c3deb4ceacb3,2,9,0.5
subj03,V2,fold_2,23,3.0,OK,0.550164958990644,1.0,OK,0.35727695434082996,9.352427667554817,5.805699181955614,0.6207692150452641,True,OK,1.0,0.07131956893016274,0.006092381134341463,0.2571399109798948,0.96,8880382765b75403,2115360371e93aa3,4,6,0.3333333333333333
subj03,V2,fold_3,23,2.0,OK,0.6232948947983459,11.0,OK,0.11850311091444929,22.10194620519394,15.51985137174241,0.7021938804690085,True,OK,11.0,0.4830366714034019,0.06639984185215674,0.9753630045364335,0.54,fd95446011fd13f9,192e0ccba19b52fa,5,6,5.5
subj03,V3,fold_0,19,1.0,OK,0.6507152764320706,10.0,OK,0.25577562624251154,20.0735477258673,18.508082509851427,0.9220135255912649,True,OK,10.0,0.7870558761429979,0.3590238472731106,1.2566328355622849,0.53,6dd3041679a29678,47f4b2e8282ecfa4,4,8,10.0
subj03,V3,fold_1,19,1.0,OK,0.27824465164888396,2.0,OK,0.030768199648524907,8.331791154279033,2.6631365129029674,0.3196355337753799,True,OK,2.0,0.25064560560876475,0.04891332052729923,1.0052570352611898,0.85,b8a63ac996584507,be64d9959c5e7522,7,3,2.0
subj03,V3,fold_2,19,1.0,OK,0.36648440067718663,1.0,OK,0.39487222069423966,5.632841253898905,3.749661099381967,0.6656784614312625,True,OK,1.0,0.14989071407121457,0.01815763396532693,1.0,0.94,2d3890a396f8cca3,3eb0ca6a56f3376f,2,3,1.0
subj03,V3,fold_3,19,6.0,OK,0.4383661294886356,10.0,OK,0.08372152481049007,16.243747742866113,15.15390271502308,0.9329067992747136,True,OK,10.0,0.5926776823179146,0.17115174209476358,1.0506917962459834,0.53,f5c12390a6a3fc69,e8599711d2187c80,1,1,1.6666666666666667
subj03,hV4,fold_0,9,2.0,OK,0.5487592947103399,9.0,OK,0.08973751816341585,12.252835504201062,12.25283550420105,0.999999999999999,True,OK,9.0,1.0,1.0,1.0000000000000002,0.0,fed6911c70906ddd,7de2c42cc329d108,2,6,4.5
subj03,hV4,fold_1,9,2.0,OK,0.3118578013979161,1.0,OK,0.19353571441926531,4.689702158956322,3.923556112933717,0.8366322593516027,True,OK,1.0,0.2511685361071521,0.04236088385005812,1.0,0.84,4d4bcb5a05ff750a,706241c2a02c0edd,1,1,0.5
subj03,hV4,fold_2,9,3.0,OK,0.29732016790224913,1.0,OK,0.15226523868524,3.544316313464491,3.520916965808681,0.9933980645105184,True,OK,1.0,0.24616666910990703,0.07793272345694115,1.0,0.87,6977ace87a2d472c,d1b2424685cff8bb,3,7,0.3333333333333333
subj03,hV4,fold_3,9,1.0,OK,0.5290835279936942,6.0,OK,0.09297199775457143,7.529700909621857,7.130496038935924,0.9469826390878544,True,OK,6.0,0.7473856862412502,0.2465003756922997,1.010019252302144,0.68,d664031221a536a3,9a1c4618e75d5340,6,4,6.0
subj03,ventral,fold_0,164,1.0,OK,0.35036545003960295,11.0,OK,0.164848430534005,73.48626697110205,46.18104389643267,0.6284309409075445,True,OK,11.0,0.3147293729228862,0.12086874172825841,0.8491164950389871,0.78,e0834f081ebe5f18,9768878c0a4d7ee9,11,12,11.0
subj03,ventral,fold_1,164,1.0,OK,0.3275114458996757,12.0,OK,0.0031088977781490554,80.56347638131834,56.371875177627885,0.6997199935962523,True,OK,12.0,0.29860467039500843,0.0972186846471007,0.8152874810312501,0.78,e8da745b4dd2a68f,e0f91e920526c7d5,6,4,12.0
subj03,ventral,fold_2,164,2.0,OK,0.2890003172840397,1.0,OK,0.151976099083053,28.406493381265893,28.073905551254732,0.98829183787146,True,OK,1.0,0.06409801943406192,0.012177119108056075,0.0937340153579769,0.97,58f161d90472d138,38cffd2fbcd9ac04,11,12,0.5
subj03,ventral,fold_3,164,2.0,OK,0.3511476497697398,10.0,OK,0.02726180213480649,76.80829502303725,54.05391258195168,0.7037509759296076,True,OK,10.0,0.2778154479589837,0.06535468669767788,0.912547613350719,0.78,c4cd28c1e8aa6a1f,954feac2f7b86498,4,9,5.0
subj03,lateral,fold_0,172,9.0,OK,0.12385403828151685,2.0,OK,0.16308015379729338,64.63713276946073,74.87822706664171,1.1584397985861714,True,OK,2.0,0.07549954924574481,0.014671692176081452,0.2351428233246368,1.0,757af3a1f36b2f8e,78f3c1b0d650a2fa,5,3,0.2222222222222222
subj03,lateral,fold_1,172,1.0,OK,0.23010237336309505,9.0,OK,0.06653391084063333,78.30733837858693,66.81996253658902,0.8533039676759193,True,OK,9.0,0.2024430831058847,0.08761267832839864,0.8325874454281544,0.97,9a25810d61c8c0a8,d0dea16b79c3bea4,4,2,9.0
subj03,lateral,fold_2,172,8.0,OK,0.14117823579051955,10.0,OK,0.0016597642617351119,80.57894813528429,48.50569550780108,0.6019648634078059,True,OK,10.0,0.27490369300598316,0.05637677479337406,0.8120598163481056,0.77,eeeba6bf786a6840,251b8ee131ddf068,6,7,1.25
subj03,lateral,fold_3,172,4.0,OK,0.4843550642854081,2.0,OK,0.13157751386509114,51.16821496455033,30.977868621063845,0.605412337376348,True,OK,2.0,0.08727676299947529,0.012570970239593254,0.8285934038685344,0.94,336fd648a9548f18,842b5c2e9dbc76ce,8,12,0.5
subj03,parietal,fold_0,78,1.0,OK,0.13425270943527995,11.0,OK,0.25239616170247076,48.95870224524961,48.267761226225346,0.9858872685071772,True,OK,11.0,0.3654290769744321,0.07990854522383502,0.9322080828371243,1.0,e4965393acc706d2,edbd80e54079e767,12,3,11.0
subj03,parietal,fold_1,78,5.0,OK,0.1694090131603374,9.0,OK,0.14126854466197,70.18316805162297,59.620350395080706,0.8494964255706892,True,OK,9.0,0.25088340432674333,0.05815615911150129,0.8936847210185013,0.81,9c7f2fcf57b2feec,701e9d5d80ae68ad,5,12,1.8
subj03,parietal,fold_2,78,8.0,OK,0.4219294129619566,4.0,OK,0.2924896089344617,33.22711794058729,28.451434978591866,0.856271525850219,True,OK,4.0,0.1688060698808747,0.041470851464661396,0.6169365412879638,0.99,8cef430c318fa967,258cfe3a98bb6ad8,10,3,0.5
subj03,parietal,fold_3,78,12.0,OK,0.107709204784558,9.0,OK,0.06808330235895683,42.66695159924469,29.8000573276623,0.698434179398695,True,OK,9.0,0.25888858539650406,0.050482262789511255,0.8594583979840359,0.78,39b0c60fe309fb2f,d537794ac33fb940,12,3,0.75
subj04,V1,fold_0,18,4.0,OK,0.6051425024058273,3.0,OK,0.4311894233071177,6.886360363817318,8.63854633108684,1.2544429676489122,True,OK,3.0,0.5524617722922508,0.110459453199577,1.2291662117214661,0.95,c2a90d124d4db661,66a39862b4b71ce2,5,6,0.75
subj04,V1,fold_1,18,5.0,OK,0.5126188220769339,3.0,OK,0.2258655009632498,7.391775413567136,8.926997890185554,1.2076933335664681,True,OK,3.0,0.40734037502207665,0.10632256517809456,0.9383482150383543,1.0,57b85394c2043534,9bd6a6dbda125f79,3,1,0.6
subj04,V1,fold_2,18,5.0,OK,0.3590430316251908,1.0,OK,0.4098653619155513,7.574261456492233,8.643167523361477,1.1411234709825124,True,OK,1.0,0.09596905295269392,0.013138074791794064,0.40628019652346425,1.0,6cfc8b91f881fad4,cff8859488158bb4,1,1,0.2
subj04,V1,fold_3,18,1.0,OK,0.6706451099270248,9.0,OK,0.17218892371157668,18.551065332146436,12.400996130955418,0.6684789206939077,True,OK,9.0,0.5790823282848134,0.13252120719914137,0.9849364775246543,0.48,663ed72733c98e17,954110451b037434,10,5,9.0
subj04,V2,fold_0,18,2.0,OK,0.7293720490133896,10.0,OK,0.24984283092737158,23.725274755467264,18.238252527538723,0.768726715096772,True,OK,10.0,0.6010242177269003,0.12387462121021449,0.9986772709225684,0.73,4e27e6571087e8f5,de852f386ab6ef7c,10,9,5.0
subj04,V2,fold_1,18,1.0,OK,0.7159391050126577,2.0,OK,0.14084966968556056,14.282960415010166,8.014169257435137,0.5611000118023804,True,OK,2.0,0.14056215783671663,0.014947982707265873,0.9600406434209148,0.89,c766b741f06c2641,1639980abf55e703,4,1,2.0
subj04,V2,fold_2,18,3.0,OK,0.39647794964401883,1.0,OK,0.3325547699031315,10.39880153387049,8.526274002295642,0.8199285248905137,True,OK,1.0,0.06088988600431043,0.003626286002499165,0.07912626052581472,0.96,627181b4a7d4a914,d908599f21e8bc8f,12,2,0.3333333333333333
subj04,V2,fold_3,18,2.0,OK,0.818516707695745,2.0,OK,0.24789157749501328,19.03519400730355,12.653409932643719,0.6647376395422487,True,OK,2.0,0.07969244783986505,0.007902143066139278,0.17069981705775725,0.95,9e6190c79cef67e1,06d39e1b996966f5,3,4,1.0
subj04,V3,fold_0,17,1.0,OK,0.5034149473707092,2.0,OK,0.2824959403201963,14.503020332289223,3.8522998679991463,0.2656205245346354,True,OK,2.0,0.1489878753708529,0.0362881198102176,0.8770884787413762,0.93,3ceef92d0247a4ed,c10ab94c67641da8,11,2,2.0
subj04,V3,fold_1,17,2.0,OK,0.5621348560844653,4.0,OK,0.23952816671226648,12.136449207430006,9.125846686131736,0.751937121818533,True,OK,4.0,0.3475931087867674,0.08984302002957603,0.9126226807343961,0.74,2c243c3bb05225ae,4b6b7eb490346044,5,12,2.0
subj04,V3,fold_2,17,3.0,OK,0.5165699879244127,1.0,OK,0.31074764717894565,9.339618741411728,6.878051788093648,0.7364381757465613,True,OK,1.0,0.10245761299562929,0.0095148167671693,1.0,0.93,5177e75fa8183661,85bdaf888998e690,3,11,0.3333333333333333
subj04,V3,fold_3,17,1.0,OK,0.5413767210990348,1.0,OK,0.2183873381639554,6.539961037634458,4.876025961220448,0.7455741606350816,True,OK,1.0,0.14474358236378004,0.02687009033733371,0.9123965528134201,0.9,37b26d582c693c1a,fb6d4ad2cb939527,3,2,1.0
subj04,hV4,fold_0,10,1.0,OK,0.34531557678600205,1.0,OK,0.05443569223945035,10.946236423989752,9.20354380828626,0.8407952698806862,True,OK,1.0,0.18437266207303968,0.026904179615790173,1.0,0.85,138cf182d8848611,93a6d667567fe54f,8,10,1.0
subj04,hV4,fold_1,10,1.0,OK,0.3532816898608704,2.0,OK,0.19222592030391045,7.394720806675677,5.649520143722536,0.7639937046199717,True,OK,2.0,0.27015909304699476,0.06785836035344166,0.9855816951596514,0.84,46208612c148916c,3e4a578ef5267f2e,2,7,2.0
subj04,hV4,fold_2,10,1.0,OK,0.2646842814632385,,NOT_EVALUABLE_NONPOSITIVE_TEST_PEAK,-0.04102161241181375,,,,False,NON_EVALUABLE_DIMG_NOT_EVALUABLE_NONPOSITIVE_TEST_PEAK,,,,,,0b5c602c20d29fb1,,2,1,
subj04,hV4,fold_3,10,5.0,OK,0.1566025358781205,,NOT_EVALUABLE_NONPOSITIVE_TEST_PEAK,-0.00015874729836747313,,,,False,NON_EVALUABLE_DIMG_NOT_EVALUABLE_NONPOSITIVE_TEST_PEAK,,,,,,baa2c4e01b488a5c,,5,7,
subj04,ventral,fold_0,153,3.0,OK,0.4519981515644088,5.0,OK,0.16998439770709617,75.34710898023836,63.51114782544173,0.8429141965101686,True,OK,5.0,0.16095607950498705,0.04047215245541647,0.7255017993824087,0.98,735b290403a33734,6218570a10ffa0a2,3,5,1.6666666666666667
subj04,ventral,fold_1,153,4.0,OK,0.3715736765487858,2.0,OK,0.15628814043028333,59.517448227921726,33.97695552097011,0.5708738619111416,True,OK,2.0,0.08939606860642046,0.01533271705993554,0.8013353636648174,0.94,e74dc722944a139d,30297ca5175b890c,12,12,0.5
subj04,ventral,fold_2,153,1.0,OK,0.3023547984650145,2.0,OK,0.09570857085883702,44.89173853594117,27.490093467476456,0.6123641980465374,True,OK,2.0,0.058481375913896544,0.014499283952918406,0.09487417396435173,0.98,6d1700f4824e7c39,41625a7506f81520,1,5,2.0
subj04,ventral,fold_3,153,1.0,OK,0.4045501514129479,11.0,OK,0.07638592656912233,83.62922598256803,64.89064954729018,0.7759326812472976,True,OK,11.0,0.2769192646098339,0.09002703196627523,0.8631790181636051,0.8,41f000790b65dd40,edb938da1b17ef0c,4,12,11.0
subj04,lateral,fold_0,143,4.0,OK,0.15774946423187422,7.0,OK,0.17602040529821,35.69833015728994,70.77747723703979,1.9826551249088709,True,OK,7.0,0.29759782295180953,0.10445794006969171,0.7614998180388026,1.0,8b4e7f7274273a59,8c94a58c220f2789,8,7,1.75
subj04,lateral,fold_1,143,6.0,OK,0.29891697176026943,12.0,OK,0.08020838680472289,97.57016852967965,53.05887520880961,0.5438022298041819,True,OK,12.0,0.2990732795563562,0.08172599716483321,0.8907167207274536,0.77,f453d052dd1a52dc,03d6a6c86eb03c50,8,11,2.0
subj04,lateral,fold_2,143,2.0,OK,0.2756613399739334,6.0,OK,0.20390422328216742,46.05725917948642,45.73737029535217,0.9930545392879843,True,OK,6.0,0.16160217101193475,0.05850773430089216,0.6934339130972171,1.0,3436a3bdb3f1dab9,c133ecd29ef1ec93,4,4,3.0
subj04,lateral,fold_3,143,1.0,OK,0.34423786918891536,2.0,OK,0.016891689395750666,75.35379061893697,33.04372427714984,0.43851442649051964,True,OK,2.0,0.0682626228932215,0.010478085679776917,0.07160878502793182,0.96,6f4b2b9200a9c247,6392f17275c65913,8,12,2.0
subj04,parietal,fold_0,67,11.0,OK,0.1487693580428446,3.0,OK,0.0059201932873222925,46.63679301410703,38.197999999568474,0.8190528878779052,True,OK,3.0,0.09783656988094315,0.02401539736967134,0.8775486003158426,0.94,7842e0de2c2653ee,8d90a9d950caf0e1,12,12,0.2727272727272727
subj04,parietal,fold_1,67,12.0,OK,0.12890395873156743,4.0,OK,0.11466142832761442,13.538418455073408,21.508747482324836,1.5887193584465262,True,OK,4.0,0.4304914086443744,0.1944773861446908,1.0430713898878265,1.0,691677fd0b3c68b4,e6c500a0f369cfd1,12,10,0.3333333333333333
subj04,parietal,fold_2,67,,NOT_EVALUABLE_NONPOSITIVE_TEST_PEAK,-0.057023529751165494,1.0,OK,0.168498636565548,11.957475356801039,10.882878952071334,0.9101318319574451,True,OK,1.0,0.05032816405168505,0.01551592020387534,0.13010597171499655,0.99,,897d7a2c8f9d4b50,12,2,
subj04,parietal,fold_3,67,3.0,OK,0.14059515339228396,1.0,OK,0.07565127860183417,24.422852729412504,21.977457323468037,0.899872654802546,True,OK,1.0,0.03169266905336648,0.006765020240236924,0.054118274645264475,0.99,f30d0b0f0c3df03c,841f4a5b193063b0,12,11,0.3333333333333333
subj05,V1,fold_0,23,7.0,OK,0.3814246148232346,9.0,OK,0.43417329246146213,15.839113598496933,11.267517219281558,0.7113729659941829,True,OK,9.0,0.5756450640359285,0.25108298270371393,1.1561092296804716,0.68,3da25dccaab6bcb8,3cabeb4b0e88c42c,8,2,1.2857142857142858
subj05,V1,fold_1,23,1.0,OK,0.11150714925527294,5.0,OK,0.041150461224651706,24.140129952650668,7.2924434946764265,0.30208799658411495,True,OK,5.0,0.23284875126440865,0.04856863559366443,0.859218519624789,0.82,bb0fc00475c2e40e,88c1a16f8a453e12,12,4,5.0
subj05,V1,fold_2,23,5.0,OK,0.33555722208923244,2.0,OK,0.5648365592082287,7.443474161985565,4.925593581609278,0.661733146971167,True,OK,2.0,0.21599419379896012,0.04824053224120967,0.7695071133164968,0.92,37803344b68e1539,51d4db5378eee039,7,7,0.4
subj05,V1,fold_3,23,2.0,OK,0.5977005420919652,1.0,OK,0.3907715118774869,17.63969928660814,12.6044757061561,0.7145516202606286,True,OK,1.0,0.06028289347395213,0.005432029008375304,0.07482734492979855,0.96,15ecd05311dc0642,c2f8147dd269f9bc,3,4,0.5
subj05,V2,fold_0,22,5.0,OK,0.593340654846698,6.0,OK,0.26835856649449175,19.91091162179829,15.292165145398334,0.7680293818720287,True,OK,6.0,0.33932627099302265,0.05682220127376275,0.8886866210008052,0.77,4a482a476801a220,f5d6b08c90018140,5,7,1.2
subj05,V2,fold_1,22,5.0,OK,0.4634360062816928,2.0,OK,0.21586435762176134,17.525218839575633,5.192764046123363,0.29630237965399947,True,OK,2.0,0.1244725972031983,0.011354128956439204,0.882752493004216,0.9,cd09d995b0215eef,50ccda48335e37e7,7,2,0.4
subj05,V2,fold_2,22,5.0,OK,0.5379101641049545,5.0,OK,0.3258914016609672,17.40919885978311,8.030632093718303,0.46128671160565693,True,OK,5.0,0.277195621063305,0.0410728543110509,0.8439962614821078,0.78,0eeee706e03afa97,70fc463131189163,12,3,1.0
subj05,V2,fold_3,22,3.0,OK,0.6309181774393363,4.0,OK,0.4939684803155994,21.277721352788372,5.3840257291460665,0.25303582276870584,True,OK,4.0,0.1716373923094245,0.020905579580703177,0.7933916784964776,0.85,4f0056a203aea498,d8caaf4b9ec30b13,11,7,1.3333333333333333
subj05,V3,fold_0,19,1.0,OK,0.28861283150438194,1.0,OK,0.4516169329520863,5.732411180551472,4.654625102411432,0.811983815502161,True,OK,1.0,0.21916701900039326,0.02526627780702697,1.0,0.93,ec3fdbe6e3059083,ac4d1bf1045e6dd7,6,12,1.0
subj05,V3,fold_1,19,12.0,OK,0.25597781095797356,6.0,OK,0.21540756259665095,15.409713040085274,11.171749643339338,0.7249810307484814,True,OK,6.0,0.5007610380913211,0.19688864551575233,1.0339790229217156,0.69,6c90d04d10768658,d164155df903ba50,12,12,0.5
subj05,V3,fold_2,19,1.0,OK,0.3248124415640077,12.0,OK,0.22798096260443187,13.373446440480407,15.130019472729956,1.131347819731235,True,OK,12.0,0.8525323913946892,0.6703614628448256,1.0305455273476645,0.99,245828035d76de84,ed73f949f64e488b,10,6,12.0
subj05,V3,fold_3,19,2.0,OK,0.4597804506758194,8.0,OK,0.142653652375749,14.1441801848747,14.335294869767573,1.0135118955213285,True,OK,8.0,0.6680127446292397,0.2725832915114455,1.081464824297685,0.81,d9741167fe04fc05,9c714ced2f98e6e9,5,9,4.0
subj05,hV4,fold_0,11,3.0,OK,0.1725323336764137,6.0,OK,0.17960059471484396,7.8453182659559815,9.63099357385921,1.227610308131411,True,OK,6.0,0.8909482174726636,0.6588529528220926,1.1065707560452898,1.0,79aa515062fba21d,60c23c3c77ad5d0c,4,3,2.0
subj05,hV4,fold_1,11,1.0,OK,0.15646690242777625,7.0,OK,0.020799245857434385,9.003210125917114,6.031413155300436,0.6699180704377978,True,OK,7.0,0.7937875264754743,0.5828801660655479,0.9999671275983416,0.16,89113cf972ad61e6,17597d8aa16f769e,6,4,7.0
subj05,hV4,fold_2,11,7.0,OK,0.22224479373892533,1.0,OK,0.20948203727825743,4.7440795664209405,1.5336804802730286,0.32328304338075803,True,OK,1.0,0.18036759131702546,0.031107031437141015,1.0,0.94,1f7dda1705b3ff7b,dc8bf321088036ab,11,2,0.14285714285714285
subj05,hV4,fold_3,11,4.0,OK,0.2477825094863677,,NOT_EVALUABLE_NONPOSITIVE_TEST_PEAK,-0.1264795484137205,,,,False,NON_EVALUABLE_DIMG_NOT_EVALUABLE_NONPOSITIVE_TEST_PEAK,,,,,,ec0a7ed0c0885d35,,1,2,
subj05,ventral,fold_0,133,5.0,OK,0.14143389866553982,10.0,OK,0.12812562346290288,62.49153455726382,56.4029453024808,0.9025693752294758,True,OK,10.0,0.33558235109185774,0.11965886145166559,0.7810903406834776,1.0,7fa24e07e7c71842,392be8c2a6a94f6e,11,11,2.0
subj05,ventral,fold_1,133,6.0,OK,0.16857803451843234,9.0,OK,0.05434383709328927,43.600544056582414,25.221569477106428,0.5784691458064204,True,OK,9.0,0.30799660424135394,0.1389587892681848,0.7240779401973753,0.81,2298a760f79c09ba,19592942d9630e41,11,9,1.5
subj05,ventral,fold_2,133,2.0,OK,0.1830113476510941,2.0,OK,0.034654597236413294,36.20189235140722,32.40048877249325,0.8949943405716413,True,OK,2.0,0.11393422735533867,0.02351974002015272,0.8037700534663913,1.0,f6f03780ffe1ce52,67a1f62beee16029,12,5,1.0
subj05,ventral,fold_3,133,4.0,OK,0.32527834668071853,7.0,OK,0.12066126571788238,53.56416896569503,26.38176017020459,0.49252626671200084,True,OK,7.0,0.22578304290532344,0.07969827770847784,0.6752524127527608,0.86,9062409b186d0358,1b3bb637a2b2a903,9,12,1.75
subj05,lateral,fold_0,141,2.0,OK,0.38765829642904065,12.0,OK,0.003728690102561072,33.5041320917428,72.32508668243656,2.158691545400793,True,OK,12.0,0.46679904955484963,0.2604508737395554,0.8123208071613132,1.0,7c788ec6a22ffbaa,26f2df1375533d96,11,12,6.0
subj05,lateral,fold_1,141,12.0,OK,0.4057843347348787,,NOT_EVALUABLE_NONPOSITIVE_TEST_PEAK,-0.05921217409428759,,,,False,NON_EVALUABLE_DIMG_NOT_EVALUABLE_NONPOSITIVE_TEST_PEAK,,,,,,4b627f450ca734f7,,12,12,
subj05,lateral,fold_2,141,4.0,OK,0.0019131325769451352,2.0,OK,0.24284688264800922,29.632403306805394,30.044884179237343,1.013919926377933,True,OK,2.0,0.06155668777059416,0.019660519132624933,0.10914211696696317,1.0,f2dd2400af3ab726,0c8c60db12640d5b,8,12,0.5
subj05,lateral,fold_3,141,1.0,OK,0.3800271070193522,12.0,OK,0.03531301328533121,68.83359877002552,46.602531216893354,0.6770317410338137,True,OK,12.0,0.310557366830017,0.09458694907924307,0.8481428946325852,0.75,cedd5bf8b33e1379,489ec769ad59327e,6,12,12.0
subj05,parietal,fold_0,57,8.0,OK,0.24821558992563328,1.0,OK,0.2584671820406005,14.576813591423209,21.55217543192041,1.4785244591864306,True,OK,1.0,0.10720051318608409,0.016819410205606868,0.7691918201611542,1.0,d80cdc6621e4c9aa,35a9e0460845c77f,11,8,0.125
subj05,parietal,fold_1,57,,NOT_EVALUABLE_NONPOSITIVE_TEST_PEAK,-0.06440489216312954,5.0,OK,0.11742478197685689,24.935358467623153,15.99116912060751,0.6413049622435123,True,OK,5.0,0.22523900621283313,0.08272103297891786,0.5918423076936937,0.98,,ca3f71ce7b92b1b3,11,9,
subj05,parietal,fold_2,57,11.0,OK,0.3364255952454972,9.0,OK,0.2226468598186492,20.12710994306274,15.311801100559798,0.76075507829366,True,OK,9.0,0.3865851022322937,0.19422670632435837,0.6774147785466437,0.98,5df3b5d8773217ac,1d813f1449ab2373,10,9,0.8181818181818182
subj05,parietal,fold_3,57,10.0,OK,0.3426166928855073,3.0,OK,0.0391074684018115,13.646444721934117,21.96242945771531,1.6093883722267088,True,OK,3.0,0.22908071352756423,0.09414663302851303,0.46232993423868507,1.0,eb1f702eb137c35b,34763d183a684fff,11,12,0.3
subj06,V1,fold_0,23,4.0,OK,0.28299217580034836,9.0,OK,0.027394881759707442,13.142687736992062,20.431073516227496,1.5545582399193112,True,OK,9.0,0.8741693872589943,0.44917300930132786,1.4596652389652138,0.98,becb3c667aa01c06,c56989f63311c476,4,8,2.25
subj06,V1,fold_1,23,8.0,OK,0.4903048943694296,1.0,OK,0.17174308497821492,9.132994667788559,11.024765330216828,1.2071358553509741,True,OK,1.0,0.11801620651519239,0.01624293086026907,0.3770926432884658,1.0,15433643c81c756a,04f4c440f1f7e9d7,3,1,0.125
subj06,V1,fold_2,23,4.0,OK,0.31476910717264167,1.0,OK,0.17085456781940464,7.776630515278619,6.161003270781399,0.7922458523234422,True,OK,1.0,0.10667011228295817,0.010765613682011845,0.3503912574489434,0.95,3e3d5497bf138c4c,ec42b9daacd62e2a,6,1,0.25
subj06,V1,fold_3,23,3.0,OK,0.5876462164015781,4.0,OK,0.04809390711349587,30.615850600689104,9.419312518920472,0.3076613040014136,True,OK,4.0,0.2558529244302866,0.03659324889247562,0.9541574252404307,0.78,e8ebc200ad797f0b,e3fc0b81b4fa3f86,5,11,1.3333333333333333
subj06,V2,fold_0,24,5.0,OK,0.4014198745606154,9.0,OK,0.010084776431812494,18.469174645187337,21.968077446761605,1.1894455420337913,True,OK,9.0,0.6876991724368835,0.420817210875272,0.9840901181442313,1.0,b18dc4b5016afcea,1f25b11db4c4a3ed,9,12,1.8
subj06,V2,fold_1,24,8.0,OK,0.39394928003531576,1.0,OK,0.29788707905688233,7.343728314424843,4.409741793712384,0.6004772514596699,True,OK,1.0,0.15879206627923126,0.023826439257538874,1.0,0.92,e45b8e892626174f,6c12d0af5283f87f,2,9,0.125
subj06,V2,fold_2,24,7.0,OK,0.36507363120080843,1.0,OK,0.1587507351596791,5.668233559214713,9.919665701591118,1.7500453356345829,True,OK,1.0,0.1560144802181213,0.03151701571192101,0.761201905004786,1.0,c967f207236382d7,b2a029b1dcdfcf54,11,7,0.14285714285714285
subj06,V2,fold_3,24,11.0,OK,0.4640190733080914,4.0,OK,0.12549465784916772,24.06435590995322,16.291527013293496,0.676998257267097,True,OK,4.0,0.26240686536394586,0.05293762277732152,0.9770554971968016,0.82,869bea51995679f7,20675e5310dca4ed,11,7,0.36363636363636365
subj06,V3,fold_0,24,1.0,OK,0.18773577324654064,11.0,OK,0.11149495450728526,15.637692240924299,17.3465814957467,1.1092801436742814,True,OK,11.0,0.7022983985217174,0.382944815031393,1.048716585933855,0.96,f689295eb6d669ee,091920aa05899974,1,11,11.0
subj06,V3,fold_1,24,1.0,OK,0.4354163409117951,1.0,OK,0.11355584616853505,2.398530923845642,8.765904971576795,3.6546975002190663,True,OK,1.0,0.6490359383200679,0.18002171223092714,1.699116434041955,1.0,bf9d5af9fd35a12e,ca728098653ac282,10,11,1.0
subj06,V3,fold_2,24,5.0,OK,0.34905453173126566,12.0,OK,0.098228085221596,15.213760055706981,10.941031115640305,0.7191536527182252,True,OK,12.0,0.656006771448026,0.3799281971086068,0.9465302347177982,0.53,2d6de217b2d9c1c2,1f6188e1a0a11189,4,12,2.4
subj06,V3,fold_3,24,6.0,OK,0.4788619184052119,3.0,OK,0.12432400132297444,16.61953140491047,9.859200560382497,0.5932297560128236,True,OK,3.0,0.2522424409974788,0.08967448129004661,0.9752838008440041,0.92,d2131a4432af099b,b435ddbad4683186,5,7,0.5
subj06,hV4,fold_0,10,2.0,OK,0.32660992752562634,5.0,OK,0.10316843000739544,9.866311127323977,5.353002377377114,0.542553575322837,True,OK,5.0,0.64114766530369,0.2644238698741974,1.0802666825133782,0.48,2535a269f80159ca,cb520a6e0b8f08fb,3,6,2.5
subj06,hV4,fold_1,10,2.0,OK,0.44511005410731813,5.0,OK,0.2443415393104345,5.888032805445202,5.2481440671109505,0.8913238496663116,True,OK,5.0,0.7939127276311282,0.40047886015522133,1.1643498567268598,0.57,8a4cc92adb9b11c7,46aade54e4db5c26,2,5,2.5
subj06,hV4,fold_2,10,2.0,OK,0.5362208925264819,3.0,OK,0.06802517446495422,7.212984837376769,3.8926597448866476,0.5396739120697135,True,OK,3.0,0.4311637200430443,0.1079968287203081,0.9185402209553356,0.64,9a185742d8bcfc9e,41f062d2c4294a3a,8,5,1.5
subj06,hV4,fold_3,10,6.0,OK,0.6194870627536408,3.0,OK,0.22158563656848007,6.513188861377943,3.9700291289198977,0.6095369278267774,True,OK,3.0,0.644814138731746,0.17926063947800772,1.3637417842520683,0.45,32f165354147fcfd,5b9a8ce886481526,4,5,0.5
subj06,ventral,fold_0,194,5.0,OK,0.35426524326594505,3.0,OK,0.21819841983350574,75.69364287461913,43.816905149845866,0.5788716659128865,True,OK,3.0,0.11035717406709773,0.020163261112350787,0.5572903822760884,0.98,943773e8144a979b,e165caa642d1e9c7,6,6,0.6
subj06,ventral,fold_1,194,1.0,OK,0.20418634801745678,12.0,OK,0.09719107682974493,97.25182128962035,75.1026178044402,0.7722489595416541,True,OK,12.0,0.37804512118992806,0.12399989546338379,0.8400368106857724,0.9,6dfc94c922bd68cd,98094147b367ba92,2,9,12.0
subj06,ventral,fold_2,194,5.0,OK,0.16877596498881683,1.0,OK,0.1496534514939998,10.031077595059198,32.33557769548126,3.2235397831443486,True,OK,1.0,0.21399646412071827,0.05177390709936756,0.5049026794717729,1.0,2f8c870e0cd313ae,872a85af57563ce6,3,3,0.2
subj06,ventral,fold_3,194,4.0,OK,0.23725937674400163,2.0,OK,0.10074706229997711,106.72354864721169,80.66882331656792,0.755867138406623,True,OK,2.0,0.06749623851341303,0.008195133945959067,0.2237689340030411,0.95,b9cc0a8191c0298f,31f27cf8d075f18a,4,11,0.5
subj06,lateral,fold_0,181,,NOT_EVALUABLE_NONPOSITIVE_TEST_PEAK,-0.037822455158599826,2.0,OK,0.06488442642835654,62.02959447402674,56.25252580452098,0.9068659287797738,True,OK,2.0,0.047234844924156534,0.012321240244846317,0.138737185104011,1.0,,fa44b31b05f1a816,4,8,
subj06,lateral,fold_1,181,11.0,OK,0.20686452131973757,2.0,OK,0.11801515715950064,56.34868095670555,63.09075777961793,1.1196492394931574,True,OK,2.0,0.05864907307233312,0.013599248122074468,0.20964210781035636,1.0,7d2e03941087788d,fbf96c0514dc08a8,10,4,0.18181818181818182
subj06,lateral,fold_2,181,2.0,OK,0.17409770532436364,1.0,OK,0.2539666142657618,31.109810824881794,64.6979473857653,2.0796637996274647,True,OK,1.0,0.05563177691061774,0.011081303181130488,0.08014675710556315,1.0,5ded6da691310c87,f368b97ce18d46d9,8,4,0.5
subj06,lateral,fold_3,181,2.0,OK,0.315366633835331,11.0,OK,0.007116335351458608,103.28728777613671,108.60006253316612,1.0514368696421212,True,OK,11.0,0.30776063765518824,0.09848602363846279,0.8329491593291495,1.0,6d62f1b154157b82,4bb95557b00845cc,8,12,5.5
subj06,parietal,fold_0,68,1.0,OK,0.26527622109672044,1.0,OK,0.196137769934223,4.86711385169293,12.979260622946152,2.666726322506627,True,OK,1.0,0.29463802344763546,0.06411814258491556,1.0,1.0,07cacc1e974562d4,ef8e9b54b9f4438e,7,9,1.0
subj06,parietal,fold_1,68,,NOT_EVALUABLE_NONPOSITIVE_TEST_PEAK,-0.010820330202366616,11.0,OK,0.17363597293801483,46.779375361494125,39.6360093494612,0.8472966781443408,True,OK,11.0,0.3482666414511721,0.09991876212957611,0.7791054197900886,1.0,,56a753e1c263fcae,11,8,
subj06,parietal,fold_2,68,12.0,OK,0.0951960031722718,10.0,OK,0.10559905470799541,35.65927571697588,21.153891741024335,0.5932226977609043,True,OK,10.0,0.28301379912581237,0.1131566988991111,0.6616921546872901,0.94,247648fcbe711c42,5eedee71529dbf2b,7,10,0.8333333333333334
subj06,parietal,fold_3,68,,NOT_EVALUABLE_NONPOSITIVE_TEST_PEAK,-0.06705946929665389,10.0,OK,0.18585889632306984,45.20090076353017,31.321899249166425,0.6929485634153145,True,OK,10.0,0.253743159414963,0.09132394842511729,0.7944518836817107,0.83,,68b39788093f07f9,4,12,
subj07,V1,fold_0,23,3.0,OK,0.6541848378682308,9.0,OK,0.13967335648520302,16.345258870159498,10.944347196100791,0.669573194468103,True,OK,9.0,0.5169945060120795,0.1500924495917688,0.9872465955845207,0.6,1d010c6ea68bf353,41fcfc3c26d26cd8,11,7,3.0
subj07,V1,fold_1,23,8.0,OK,0.5324113436100596,12.0,OK,0.0380286123509264,17.7315265401353,10.747558945039836,0.60612711041617,True,OK,12.0,0.6594585497600085,0.2537184913741108,0.9687918932854074,0.4,f825634d4d3b55e8,a17866aa037ca780,3,12,1.5
subj07,V1,fold_2,23,2.0,OK,0.5411004750528666,1.0,OK,0.15971945067208357,16.438260275537623,11.061663015747246,0.6729217587708178,True,OK,1.0,0.04670481762826219,0.008293597974842554,0.16781214338985803,1.0,23a50c73cd9f46cb,39bac25a2ca07fac,3,2,0.5
subj07,V1,fold_3,23,3.0,OK,0.45385329145002645,,NOT_EVALUABLE_NONPOSITIVE_TEST_PEAK,-0.1282957299142399,,,,False,NON_EVALUABLE_DIMG_NOT_EVALUABLE_NONPOSITIVE_TEST_PEAK,,,,,,fbd05bbe2821b7b7,,6,12,
subj07,V2,fold_0,20,7.0,OK,0.3503810093001753,3.0,OK,0.225049221546696,11.624116909934353,8.001585220918503,0.6883606972397263,True,OK,3.0,0.2217804939060169,0.06244964817241966,0.7129291370630941,0.92,4cb908c4396fcb35,74eef2587d1aec57,2,10,0.42857142857142855
subj07,V2,fold_1,20,4.0,OK,0.4809609664871896,,NOT_EVALUABLE_NONPOSITIVE_TEST_PEAK,-0.0032855122816026665,,,,False,NON_EVALUABLE_DIMG_NOT_EVALUABLE_NONPOSITIVE_TEST_PEAK,,,,,,7d653de37ef07ce7,,12,11,
subj07,V2,fold_2,20,4.0,OK,0.37739788947907243,12.0,OK,0.1586973356955513,20.499344646340155,14.473260742991052,0.7060352900391395,True,OK,12.0,0.7243826322168558,0.34341331633759464,1.0395970305055413,0.43,fcd08938737266dd,86278e9f31caf23b,5,9,3.0
subj07,V2,fold_3,20,2.0,OK,0.2362482660751338,9.0,OK,0.025653127627031168,11.92257318214163,11.297740212286943,0.9475924399616519,True,OK,9.0,0.758204899187564,0.45857738320573954,1.0786160662321338,0.84,d9bf0d90f4e37022,b16809e099f2afb9,6,9,4.5
subj07,V3,fold_0,15,1.0,OK,0.4833100337986815,1.0,OK,0.48612475940852473,7.9883823383368355,7.372032338627868,0.9228442037944204,True,OK,1.0,0.14921564744032298,0.012897229007451145,1.0,0.94,d8373c7f9a488dc6,b167383e44b2cd7a,3,12,1.0
subj07,V3,fold_1,15,9.0,OK,0.3386843631276862,,NOT_EVALUABLE_NONPOSITIVE_TEST_PEAK,-0.09910803392436902,,,,False,NON_EVALUABLE_DIMG_NOT_EVALUABLE_NONPOSITIVE_TEST_PEAK,,,,,,5722d55234c870c2,,1,4,
subj07,V3,fold_2,15,1.0,OK,0.3592993902169937,2.0,OK,0.1172533783753193,12.412069430425372,7.402013476049584,0.596356112696665,True,OK,2.0,0.14667717660534849,0.029900786305466245,0.5835808752596104,0.98,f318a00e61b1a473,a7ba6c25bef45343,5,12,2.0
subj07,V3,fold_3,15,3.0,OK,0.3406740786020264,2.0,OK,0.18718958518036855,5.008591677417076,6.036577966800699,1.2052445788341353,True,OK,2.0,0.4078780859764977,0.10060320699451072,1.104381750467706,1.0,b8aa936bb8809382,aab25b20569d3efd,8,2,0.6666666666666666
subj07,hV4,fold_0,8,1.0,OK,0.21249051763131355,,NOT_EVALUABLE_NONPOSITIVE_TEST_PEAK,-0.22065131724316883,,,,False,NON_EVALUABLE_DIMG_NOT_EVALUABLE_NONPOSITIVE_TEST_PEAK,,,,,,4e9fd9dec92e2782,,3,4,
subj07,hV4,fold_1,8,,NOT_EVALUABLE_NONPOSITIVE_TEST_PEAK,-0.13148191438420395,5.0,OK,0.11468206838467296,4.449130047018025,2.99042976641357,0.6721380887523998,True,OK,5.0,0.7304973058280155,0.5039660112907343,0.9415267928902069,0.35,,153c4c10d6b01450,5,5,
subj07,hV4,fold_2,8,6.0,OK,0.21168875332213496,,NOT_EVALUABLE_NONPOSITIVE_TEST_PEAK,-0.3408226358552947,,,,False,NON_EVALUABLE_DIMG_NOT_EVALUABLE_NONPOSITIVE_TEST_PEAK,,,,,,a4a694d1cf43b733,,7,1,
subj07,hV4,fold_3,8,,NOT_EVALUABLE_NONPOSITIVE_TEST_PEAK,-0.12343737020503348,,NOT_EVALUABLE_NONPOSITIVE_TEST_PEAK,-0.14636706465140503,,,,False,NON_EVALUABLE_DIMG_NOT_EVALUABLE_NONPOSITIVE_TEST_PEAK,,,,,,,,2,8,
subj07,ventral,fold_0,131,4.0,OK,0.3394954700730134,2.0,OK,0.20504763440475157,31.029224803510758,17.900863507584617,0.5769033426049126,True,OK,2.0,0.12548229840563965,0.02902837517160579,0.6401651092762584,0.91,96d5d80deb2e6a60,35879db886fd223c,10,12,0.5
subj07,ventral,fold_1,131,2.0,OK,0.04473219051275993,8.0,OK,0.04227348101016208,52.73814165679062,38.01084149150138,0.7207466986392583,True,OK,8.0,0.22975996554388492,0.07421470605643618,0.5355898894690553,0.99,e6ab595b90a73194,955fd0c1180e345d,8,7,4.0
subj07,ventral,fold_2,131,3.0,OK,0.04764151975975871,3.0,OK,0.1275894227776708,28.390892984245554,25.19314837716366,0.8873672410073061,True,OK,3.0,0.147843037622236,0.04260017338962342,0.43178566111711125,1.0,e118dda3c1eb0ab1,289eb1b70ce46492,4,3,1.0
subj07,ventral,fold_3,131,4.0,OK,0.3296197010843791,2.0,OK,0.06646859101471493,54.206328727237214,41.92263973724442,0.7733901321411466,True,OK,2.0,0.07360087073395166,0.012247577853317192,0.30410245070731273,1.0,2ffce0e6ac439803,4480da62ca29d62b,11,3,0.5
subj07,lateral,fold_0,123,1.0,OK,0.14332240898072204,1.0,OK,0.23753484277594097,24.976202051275518,27.864464657412917,1.115640584593601,True,OK,1.0,0.06197732202982432,0.011740727584143254,0.25575561156647214,1.0,b2f46d2e1ca642f9,a273e0b2f9abedde,1,2,1.0
subj07,lateral,fold_1,123,5.0,OK,0.02484494131465607,,NOT_EVALUABLE_NONPOSITIVE_TEST_PEAK,-0.01304271962324654,,,,False,NON_EVALUABLE_DIMG_NOT_EVALUABLE_NONPOSITIVE_TEST_PEAK,,,,,,51d8849a68b1b4b0,,5,8,
subj07,lateral,fold_2,123,6.0,OK,0.1636551680573854,2.0,OK,0.09505703684157972,21.654452463138412,22.913892608206346,1.0581607938234334,True,OK,2.0,0.1859602843413435,0.03882071916450764,0.7816620196137509,1.0,f1f79e424b035f7c,ae6fe5c3121b057f,11,4,0.3333333333333333
subj07,lateral,fold_3,123,6.0,OK,0.0005564175140411002,12.0,OK,0.015005000001519778,60.298461184815324,54.68889642576013,0.9069700179932979,True,OK,12.0,0.38262366293636985,0.1473123447065995,0.7796945175199125,1.0,d0bf695ba9f0e201,05e2863549df25ad,10,3,2.0
subj07,parietal,fold_0,50,,NOT_EVALUABLE_NONPOSITIVE_TEST_PEAK,-0.07093288193224612,12.0,OK,0.025191212317204722,31.69251733262776,25.971925969805053,0.8194970976024899,True,OK,12.0,0.3779091837954972,0.16407071870120063,0.7325932822517762,0.98,,f4c58283e9db952c,12,12,
subj07,parietal,fold_1,50,,NOT_EVALUABLE_NONPOSITIVE_TEST_PEAK,-0.19139761966934146,1.0,OK,0.3479087327636141,13.907839982938093,16.583416042561698,1.1923789792596087,True,OK,1.0,0.07759577467022284,0.01140751771503018,0.1355955785421436,1.0,,311bc096b4af3e69,2,12,
subj07,parietal,fold_2,50,8.0,OK,0.14486788142653792,,NOT_EVALUABLE_NONPOSITIVE_TEST_PEAK,-0.020873807575783734,,,,False,NON_EVALUABLE_DIMG_NOT_EVALUABLE_NONPOSITIVE_TEST_PEAK,,,,,,28add1417b671c5d,,12,5,
subj07,parietal,fold_3,50,,NOT_EVALUABLE_NONPOSITIVE_TEST_PEAK,-0.050410941240971695,4.0,OK,0.03609237628197163,40.99475924370722,29.882347946770153,0.7289309291737615,True,OK,4.0,0.15849480415039174,0.024067240900259614,0.742596808369002,0.88,,2de2892c97495cfe,2,12,
subj08,V1,fold_0,22,3.0,OK,0.6254916652094669,7.0,OK,0.2320443182617119,24.542537718192754,14.270393428655492,0.5814554954550285,True,OK,7.0,0.4648599345998096,0.07799757959055417,0.9870810805882134,0.59,8c1ec8f944c01ec7,5937f7992247e39b,4,8,2.3333333333333335
subj08,V1,fold_1,22,4.0,OK,0.7105728436228765,3.0,OK,0.06386189283461065,16.43730953021828,6.098697742217836,0.37102773607846323,True,OK,3.0,0.2055625201733477,0.0317062195137587,0.9095795780443939,0.85,d406e2ba8924aba1,a7de810327d85281,11,3,0.75
subj08,V1,fold_2,22,2.0,OK,0.5990712476083719,1.0,OK,0.22057141099910468,8.324546108868207,5.237644371122685,0.629180774858461,True,OK,1.0,0.08699498166474905,0.013504284578623802,0.22882059760364995,0.96,97b29f1770633dfa,1053b5a4d2aa9f98,10,4,0.5
subj08,V1,fold_3,22,3.0,OK,0.681985710120454,3.0,OK,0.17593713811001913,14.879905708312336,4.201828287505681,0.2823827227049175,True,OK,3.0,0.19856523102550433,0.04844890046111011,0.9458717094531975,0.91,dab9db291da407b5,8be1e936275c94e8,4,8,1.0
subj08,V2,fold_0,21,1.0,OK,0.5054097920734921,11.0,OK,0.14373684024206385,23.2579681123873,16.440535189738494,0.7068775359177739,True,OK,11.0,0.5992618592212151,0.17265943513237172,0.9455514754591693,0.43,5ed28dbf57e3d116,7ee3f23c1cba8956,6,9,11.0
subj08,V2,fold_1,21,3.0,OK,0.7274613647798501,4.0,OK,0.1380535329506635,16.304984743726344,7.500816671273361,0.46003211834708674,True,OK,4.0,0.27767362073405233,0.06078896293805033,0.8155976860403806,0.78,16b91f9ce916e8b2,fa05930c2e8b7aab,10,11,1.3333333333333333
subj08,V2,fold_2,21,4.0,OK,0.44896142320157284,9.0,OK,0.16714649346116342,14.352250354929481,7.966903333680906,0.555097851323682,True,OK,9.0,0.5698877955731777,0.1828544757976852,0.9321757689753418,0.48,652c0e74b1810ddf,89b37824f3bb9536,6,7,2.25
subj08,V2,fold_3,21,10.0,OK,0.5133709835344954,2.0,OK,0.19686914106383577,11.065789201965725,4.786307529951104,0.4325319633868378,True,OK,2.0,0.17866846275715442,0.04097168136463057,0.8327631554978029,0.92,82173163cb578a1a,a44fca6a893f2307,5,3,0.2
subj08,V3,fold_0,18,1.0,OK,0.5884098906877707,7.0,OK,0.13970498587180666,16.890102779832965,11.727506546111952,0.6943419290565105,True,OK,7.0,0.5031966423574898,0.155672101237729,0.9606565292786359,0.59,dc6d1012a6dcc843,ee02d42f240b700b,3,2,7.0
subj08,V3,fold_1,18,3.0,OK,0.5705117964613937,,NOT_EVALUABLE_NONPOSITIVE_TEST_PEAK,-0.03284810600336882,,,,False,NON_EVALUABLE_DIMG_NOT_EVALUABLE_NONPOSITIVE_TEST_PEAK,,,,,,0b47eb8fb1595397,,5,9,
subj08,V3,fold_2,18,2.0,OK,0.4293385324392022,1.0,OK,0.11284976071084084,6.536847529106023,1.5046124947690838,0.23017402319231609,True,OK,1.0,0.12089453667657214,0.02751985404375559,0.20684178519031537,0.95,a3a3b941b9aa1938,e2fbb75d3b0b9fd0,4,1,0.5
subj08,V3,fold_3,18,4.0,OK,0.48430951834915753,3.0,OK,0.1592416927738725,11.110987994050852,7.929575134917103,0.7136696699845981,True,OK,3.0,0.30807533705363244,0.08026579891790875,0.9514053314817299,0.81,b251a7dd750434f3,6c0e48e379899ee0,10,5,0.75
subj08,hV4,fold_0,10,1.0,OK,0.6561767317872913,1.0,OK,0.40975866519604776,6.9507499438997264,7.308993497616102,1.0515402735831096,True,OK,1.0,0.1778930343251654,0.026339196446368982,1.0,1.0,22edb98517323ea1,02e608bfedb28909,10,3,1.0
subj08,hV4,fold_1,10,2.0,OK,0.7159965014405708,2.0,OK,0.13149626663276276,7.684842503612786,4.76991597303272,0.620691441729651,True,OK,2.0,0.30802788534539266,0.04165096064593131,0.9556654783068563,0.77,28a94e55f1546abf,ea2ee35eece823de,8,4,1.0
subj08,hV4,fold_2,10,1.0,OK,0.5983663649996623,3.0,OK,0.22402993720187464,4.671950634369947,2.048719059012171,0.43851470602887876,True,OK,3.0,0.5077758636831617,0.11305052098494271,1.091330811579714,0.63,50a7ddbb72ae3bae,3493f40fe0bbe01b,3,5,3.0
subj08,hV4,fold_3,10,2.0,OK,0.6531638326832254,4.0,OK,0.211959645382729,7.744270468815684,4.660441341242062,0.601792171387678,True,OK,4.0,0.5289322944315181,0.12446098166595895,1.0466090304536946,0.57,35d8634f58a0a1fe,7e7824cde10ef39a,3,10,2.0
subj08,ventral,fold_0,167,2.0,OK,0.36702361904342545,7.0,OK,0.21841203711146664,60.07962000988056,30.030391931699757,0.4998432401330273,True,OK,7.0,0.25341912345581447,0.09342588662999045,0.7036437144318378,0.84,3b3d5478e6613701,a625d96b470c1300,5,7,3.5
subj08,ventral,fold_1,167,3.0,OK,0.3101043945969105,11.0,OK,0.05141511862263019,85.51039023312305,55.31129436554282,0.6468371178607674,True,OK,11.0,0.30561225471147163,0.10989838465170203,0.7046514959697447,0.81,a74db8414735e3d0,644e89c2a79f8b24,5,6,3.6666666666666665
subj08,ventral,fold_2,167,1.0,OK,0.31974418430475954,10.0,OK,0.11860563735498082,55.62528474277238,28.417777659331907,0.5108787809490601,True,OK,10.0,0.3244356637428508,0.1414205046583224,0.7092021185332746,0.78,910cbf5f87eca7e3,5429bcc1932f6311,5,10,10.0
subj08,ventral,fold_3,167,10.0,OK,0.27893067887199147,8.0,OK,0.07079649079070917,38.34995032803755,42.29699057162131,1.1029216520444378,True,OK,8.0,0.28710053625572984,0.14193194309783905,0.6337140046947195,1.0,e929d36b63bef5df,8434fc658dbb36bb,1,8,0.8
subj08,lateral,fold_0,174,3.0,OK,0.214017359153339,4.0,OK,0.27160472838209626,27.627484584126158,26.684416783633367,0.9658648691805027,True,OK,4.0,0.2253997431524748,0.08463083680075081,0.5311193276619548,1.0,e1ebdb393896d5aa,38ce47a1329e47eb,7,4,1.3333333333333333
subj08,lateral,fold_1,174,2.0,OK,0.2732647029393397,7.0,OK,0.08710549104852018,51.39873512204508,34.326287337897,0.667843036533682,True,OK,7.0,0.260084634824115,0.10006028439147992,0.706815917569101,0.88,61cf859b99995d25,8f2167e2e9661e75,12,12,3.5
subj08,lateral,fold_2,174,4.0,OK,0.24812039899365732,3.0,OK,0.14460446360716614,32.22847650268987,17.34220858136583,0.538102028493913,True,OK,3.0,0.19213927402459807,0.049999847541658905,0.7213010794142513,0.91,e8e351b2a8f42197,7924f7e1f13a4e44,9,12,0.75
subj08,lateral,fold_3,174,12.0,OK,0.19747433846046203,6.0,OK,0.16083255016558695,54.705525074192494,38.37945678186053,0.7015645445283581,True,OK,6.0,0.2303219327796151,0.08343828417757528,0.690501339240236,0.95,ca4f2f1c7c96385d,44af61526dc2cd03,12,12,0.5
subj08,parietal,fold_0,68,1.0,OK,0.35063616724543833,1.0,OK,0.20778140012866347,28.53002277168121,19.16906849998139,0.6718911040971384,True,OK,1.0,0.04013230498741173,0.0073955078895233325,0.0494390037614195,0.98,f3a22d3f76ca0ce7,4aa7597d025b3872,2,11,1.0
subj08,parietal,fold_1,68,5.0,OK,0.1931574955943477,8.0,OK,0.06954258420695295,42.73055780052853,22.067986773763625,0.5164450901104471,True,OK,8.0,0.25767497249722615,0.09413492769199208,0.6667126927896898,0.85,7f2ef7aed23abfca,65fb8b02b43f651a,6,10,1.6
subj08,parietal,fold_2,68,5.0,OK,0.23356819123196942,8.0,OK,0.08089132319234967,30.833278100635038,16.21681308289568,0.5259516367337432,True,OK,8.0,0.2536253896719666,0.10109440610215467,0.7305525684764249,0.84,71c9457cc78ee97c,4a65d76519323fcf,6,10,1.6
subj08,parietal,fold_3,68,1.0,OK,0.21962011079167085,12.0,OK,0.11710801809333399,43.44482036026046,32.79301857997708,0.7548199833270177,True,OK,12.0,0.28273982416044524,0.09854075133751057,0.7567880005096328,0.93,7847043fa876b748,30af23b9fba1af0f,12,4,12.0
