subject,roi,fold,R_m0_recon,R_m10,R_SUPPORT_FULL,m0_le_full,m10_le_full
subj01,ventral,0,0.10882218937550564,0.14785051681848993,0.1871115349707837,1,1
subj01,ventral,1,0.042403378362650415,0.09592114441299868,0.11217870397788775,1,1
subj01,ventral,2,0.09505444735055624,0.13879060384731973,0.18384186868663172,1,1
subj01,ventral,3,0.08144673040492087,0.1194953992019349,0.15058845242884591,1,1
subj01,ventral,4,0.085199565668667,0.13771184417734883,0.1967896941954712,1,1
subj01,ventral,5,0.0472750728655718,0.11189919347394553,0.16105281074570443,1,1
subj02,ventral,0,0.18709786832809833,0.2785378087007651,0.3024324607553354,1,1
subj02,ventral,1,0.07285350826956442,0.10421754663302377,0.13381459112030847,1,1
subj02,ventral,2,0.10793941394070951,0.17609907559435112,0.24396797745783605,1,1
subj02,ventral,3,0.09842362724020332,0.24187157457459785,0.26887311036892936,1,1
subj02,ventral,4,0.07471680356922494,0.2302171667464747,0.27340890915510946,1,1
subj02,ventral,5,0.12135082484129478,0.1673904601880043,0.21646443154459657,1,1
subj03,ventral,0,0.05563350908085189,0.1437384269098921,0.165520523904067,1,1
subj03,ventral,1,0.03328079445697759,0.11891714226140032,0.1531392672209963,1,1
subj03,ventral,2,0.045057596078440426,0.1415711263723679,0.18253038850825073,1,1
subj03,ventral,3,0.04488653835174137,0.1145125243917599,0.14755365725003144,1,1
subj03,ventral,4,0.0564731213194927,0.1469075217459468,0.18062870703529393,1,1
subj03,ventral,5,0.023853698392255485,0.13195918278183744,0.16081483948840536,1,1
subj04,ventral,0,0.03169004135716613,0.12127320609512512,0.14321496701454373,1,1
subj04,ventral,1,0.07487473703282638,0.13299428004246241,0.1812323940882541,1,1
subj04,ventral,2,0.08993644627769014,0.21278427083991003,0.24737125315758848,1,1
subj04,ventral,3,0.056623822318314185,0.1252422192031905,0.16535492858661321,1,1
subj04,ventral,4,0.0910385928948324,0.23603334116385294,0.2679676372837687,1,1
subj04,ventral,5,0.09262952019969077,0.16238268260095653,0.187482317389786,1,1
subj05,ventral,0,0.034305190882839384,0.10310691103413433,0.13667531820761736,1,1
subj05,ventral,1,0.04989708230557105,0.15152334710625942,0.19218440305486814,1,1
subj05,ventral,2,0.08945668530965731,0.12789732799697884,0.15676010545464614,1,1
subj05,ventral,3,0.05494836761930069,0.09528352696561453,0.14604970536404072,1,1
subj05,ventral,4,0.09064902591766223,0.17221528574219158,0.20262680218794907,1,1
subj05,ventral,5,0.0571264037565907,0.09507834934444233,0.11709252758788827,1,1
subj06,ventral,0,0.051041215255136586,0.19296046847005932,0.26498988011640423,1,1
subj06,ventral,1,0.08332968126213525,0.18294144910927929,0.3021975116056382,1,1
subj06,ventral,2,0.0879529212148983,0.21028996574553727,0.3226420418828367,1,1
subj06,ventral,3,0.022920926806815012,0.14950785055698226,0.22537857528379998,1,1
subj06,ventral,4,0.05746171939490791,0.2236196041405063,0.28643076437365467,1,1
subj06,ventral,5,0.04037001597669514,0.1907435798882483,0.26955105505635113,1,1
subj07,ventral,0,0.04909128624831283,0.24067414501647955,0.3140758564485028,1,1
subj07,ventral,1,0.04960039466467116,0.24176291933966948,0.2995316926928558,1,1
subj07,ventral,2,0.029029886594618904,0.25325480797132216,0.3228386427672604,1,1
subj07,ventral,3,0.04246593698577296,0.21132729574234116,0.2632377225422333,1,1
subj07,ventral,4,0.08212049288907314,0.2112936641115976,0.3272830262109522,1,1
subj07,ventral,5,0.08552139280510399,0.2892169968728979,0.3483974565277147,1,1
subj08,ventral,0,0.07772693248099158,0.18294727643395742,0.2265848724796573,1,1
subj08,ventral,1,0.0611981838034457,0.12067709617185499,0.1581704253718568,1,1
subj08,ventral,2,0.08242595104951156,0.1213564555706135,0.1518138534859286,1,1
subj08,ventral,3,0.10113737392592892,0.15799752641644224,0.18292050040083258,1,1
subj08,ventral,4,0.05034875602711626,0.11254082895624508,0.1473659546219444,1,1
subj08,ventral,5,0.055102901016561324,0.14420140375638588,0.16674485814299134,1,1
subj01,lateral,0,0.12951659164603532,0.14939476972619123,0.1515332902766979,1,1
subj01,lateral,1,0.11338771962475133,0.1338032161115702,0.14353086111361948,1,1
subj01,lateral,2,0.09944987000629948,0.13809943868806532,0.14711477873036422,1,1
subj01,lateral,3,0.15490599365820598,0.18450018443609936,0.18900962577278307,1,1
subj01,lateral,4,0.13724521381212826,0.16904170084509176,0.16952614002878746,1,1
subj01,lateral,5,0.1211943040943988,0.13651820440189477,0.13702822824377947,1,1
subj02,lateral,0,0.1504794182831691,0.1683851007208388,0.1737251831492548,1,1
subj02,lateral,1,0.11251160313859357,0.11336708701112674,0.11736990516574389,1,1
subj02,lateral,2,0.13477055014787254,0.13975596743332502,0.14854072120862027,1,1
subj02,lateral,3,0.0893491128561634,0.19671180007917294,0.19858592034481315,1,1
subj02,lateral,4,0.1178729713164479,0.11461472405642317,0.13152275486657672,1,1
subj02,lateral,5,0.0889581519676716,0.15775232343530723,0.16159886053666053,1,1
subj03,lateral,0,0.19890980235787553,0.23593618183205595,0.2366615346877288,1,1
subj03,lateral,1,0.1406079829245157,0.1840447013871424,0.1862637226377704,1,1
subj03,lateral,2,0.14322554453822606,0.22997678685478062,0.23175858787838235,1,1
subj03,lateral,3,0.21049893060703434,0.2164330655689502,0.2296543601625823,1,1
subj03,lateral,4,0.1261252133218715,0.2169756397906465,0.21889478054722042,1,1
subj03,lateral,5,0.09892034777782344,0.13143908563701545,0.13298624320711405,1,1
subj04,lateral,0,0.12811511074698534,0.14380205316887223,0.15364689143909632,1,1
subj04,lateral,1,0.13469005205777335,0.14760844015074953,0.15351979092645804,1,1
subj04,lateral,2,0.1596133308597619,0.17157718100281222,0.1727564126567791,1,1
subj04,lateral,3,0.12740556899115113,0.13985598134438104,0.14511971619272018,1,1
subj04,lateral,4,0.09464851590747848,0.1280999490652884,0.1425637885410521,1,1
subj04,lateral,5,0.1662411198401435,0.16095844235619042,0.17013888066084412,1,1
subj05,lateral,0,0.143024774082227,0.14050265469867174,0.15151028491990748,1,1
subj05,lateral,1,0.16611502429999558,0.16140887128193848,0.1740681463716096,1,1
subj05,lateral,2,0.1259496144322311,0.11976034138201419,0.1383063066179788,1,1
subj05,lateral,3,0.03966948102758183,0.07113416898907492,0.07495406272391379,1,1
subj05,lateral,4,0.14529392334949548,0.14204238519283596,0.1561956146884036,1,1
subj05,lateral,5,0.08442736750310592,0.17647026472030936,0.19201038934025608,1,1
subj06,lateral,0,0.14124846395462437,0.15435059896058728,0.16376846114335403,1,1
subj06,lateral,1,0.04911832722374772,0.04946598489486748,0.05562834149484381,1,1
subj06,lateral,2,0.1006094773618907,0.10769075941832716,0.11463862276415598,1,1
subj06,lateral,3,0.09537243174859986,0.10761155395737998,0.11048401604434734,1,1
subj06,lateral,4,0.09549431390063584,0.10654004634620881,0.11082014353039013,1,1
subj06,lateral,5,0.06214385333104115,0.07711198491110802,0.0782213219570243,1,1
subj07,lateral,0,0.1562635909536735,0.18069205980428948,0.1888882043987311,1,1
subj07,lateral,1,0.10553508712330145,0.10599282974210411,0.11481730427503281,1,1
subj07,lateral,2,0.16690386306562638,0.16804772461016354,0.16988085593715013,1,1
subj07,lateral,3,0.15262592259263733,0.15186552897835798,0.15379895132605503,1,1
subj07,lateral,4,0.10145872260548229,0.12206512541242356,0.12379708253116654,1,1
subj07,lateral,5,0.15686467145355176,0.1827642492491106,0.1859311547539001,1,1
subj08,lateral,0,0.11430588205661721,0.18944999803391244,0.21573400402075066,1,1
subj08,lateral,1,0.045558450302665095,0.0912437232034734,0.10905574994199511,1,1
subj08,lateral,2,0.06557485899630351,0.11874559526608636,0.1524715341373652,1,1
subj08,lateral,3,0.0707740832872125,0.14819881353071498,0.16886248667167328,1,1
subj08,lateral,4,0.06781860374769322,0.12977583554473138,0.16855698014774612,1,1
subj08,lateral,5,0.050423096444881105,0.10078345837249633,0.14171170192763338,1,1
