participant,ROI,outer_fold,identity,family,residual_norm
subj01,V1,0,A:E,simple,4.519948148705559
subj01,V1,0,B:B,naturalistic,0.9936440362572397
subj01,V1,1,A:H,simple,1.889404988997417
subj01,V1,1,B:C,naturalistic,1.9366750981432197
subj01,V1,2,A:L,simple,2.549907769963079
subj01,V1,2,B:D,naturalistic,0.9846460195105669
subj01,V1,3,A:P,simple,1.3360532565872978
subj01,V1,3,B:K,naturalistic,1.2957405858120201
subj01,V1,4,A:R,simple,3.0977582594804143
subj01,V1,4,B:T,naturalistic,1.3931662500343873
subj01,V1,5,A:V,simple,1.605149111936376
subj01,V1,5,B:W,naturalistic,2.1623992465599238
subj01,V2,0,A:E,simple,4.730114082926712
subj01,V2,0,B:B,naturalistic,1.4893768816803723
subj01,V2,1,A:H,simple,2.0005307986503302
subj01,V2,1,B:C,naturalistic,2.340162776439088
subj01,V2,2,A:L,simple,3.4063629402007867
subj01,V2,2,B:D,naturalistic,0.9191867313831484
subj01,V2,3,A:P,simple,1.515289704573163
subj01,V2,3,B:K,naturalistic,1.8520784439986506
subj01,V2,4,A:R,simple,5.0171268541368885
subj01,V2,4,B:T,naturalistic,2.234176191103782
subj01,V2,5,A:V,simple,1.6444231998904297
subj01,V2,5,B:W,naturalistic,1.783348519114076
subj01,V3,0,A:E,simple,3.7370252959512307
subj01,V3,0,B:B,naturalistic,1.8658766389447021
subj01,V3,1,A:H,simple,3.5607608316990165
subj01,V3,1,B:C,naturalistic,1.8640707493484348
subj01,V3,2,A:L,simple,3.117586517901835
subj01,V3,2,B:D,naturalistic,1.4395645852517203
subj01,V3,3,A:P,simple,1.8424666937451295
subj01,V3,3,B:K,naturalistic,1.8508195978036417
subj01,V3,4,A:R,simple,4.045506864477424
subj01,V3,4,B:T,naturalistic,2.1550909578897532
subj01,V3,5,A:V,simple,2.2359039131748526
subj01,V3,5,B:W,naturalistic,2.685197305146235
subj01,hV4,0,A:E,simple,2.445579827412283
subj01,hV4,0,B:B,naturalistic,0.8931505575005806
subj01,hV4,1,A:H,simple,1.7403716239047962
subj01,hV4,1,B:C,naturalistic,1.125950195573054
subj01,hV4,2,A:L,simple,1.3545774536866035
subj01,hV4,2,B:D,naturalistic,1.1537361339166643
subj01,hV4,3,A:P,simple,1.2287777906013255
subj01,hV4,3,B:K,naturalistic,1.5135509900270039
subj01,hV4,4,A:R,simple,2.4596212296247026
subj01,hV4,4,B:T,naturalistic,2.4625643789698155
subj01,hV4,5,A:V,simple,1.4002448579642548
subj01,hV4,5,B:W,naturalistic,1.1192949512933388
subj01,ventral,0,A:E,simple,9.716520199609002
subj01,ventral,0,B:B,naturalistic,8.993072293268849
subj01,ventral,1,A:H,simple,8.75819959952554
subj01,ventral,1,B:C,naturalistic,13.53323241755124
subj01,ventral,2,A:L,simple,8.598256209545708
subj01,ventral,2,B:D,naturalistic,10.37094685631612
subj01,ventral,3,A:P,simple,9.732101103700963
subj01,ventral,3,B:K,naturalistic,10.640209044114489
subj01,ventral,4,A:R,simple,8.790698562893839
subj01,ventral,4,B:T,naturalistic,6.795315869787846
subj01,ventral,5,A:V,simple,11.314746380378804
subj01,ventral,5,B:W,naturalistic,9.128695075298365
subj01,lateral,0,A:E,simple,12.865021396180996
subj01,lateral,0,B:B,naturalistic,7.577609562521477
subj01,lateral,1,A:H,simple,11.894734132131438
subj01,lateral,1,B:C,naturalistic,11.106891803862968
subj01,lateral,2,A:L,simple,16.315280550816826
subj01,lateral,2,B:D,naturalistic,11.32427353547573
subj01,lateral,3,A:P,simple,11.400134580875287
subj01,lateral,3,B:K,naturalistic,7.774521331986174
subj01,lateral,4,A:R,simple,11.078509789112431
subj01,lateral,4,B:T,naturalistic,8.519567354786751
subj01,lateral,5,A:V,simple,9.298872151623769
subj01,lateral,5,B:W,naturalistic,10.104034563736914
subj01,parietal,0,A:E,simple,10.482735812982874
subj01,parietal,0,B:B,naturalistic,10.036908763366977
subj01,parietal,1,A:H,simple,8.781031743397728
subj01,parietal,1,B:C,naturalistic,24.0677520697789
subj01,parietal,2,A:L,simple,5.9114617979735815
subj01,parietal,2,B:D,naturalistic,5.844836699060313
subj01,parietal,3,A:P,simple,5.9730460633051
subj01,parietal,3,B:K,naturalistic,10.254553137971444
subj01,parietal,4,A:R,simple,8.44183276890996
subj01,parietal,4,B:T,naturalistic,3.632253612764405
subj01,parietal,5,A:V,simple,8.505403169806382
subj01,parietal,5,B:W,naturalistic,5.717432867644566
subj02,V1,0,A:E,simple,1.460416039221119
subj02,V1,0,B:B,naturalistic,0.8587581162299971
subj02,V1,1,A:H,simple,1.1663981804858812
subj02,V1,1,B:C,naturalistic,1.0710197191021786
subj02,V1,2,A:L,simple,1.2314178791163717
subj02,V1,2,B:D,naturalistic,1.5003061295716609
subj02,V1,3,A:P,simple,1.4055536942260831
subj02,V1,3,B:K,naturalistic,0.629902999111864
subj02,V1,4,A:R,simple,0.6567567823359249
subj02,V1,4,B:T,naturalistic,1.1703686847367936
subj02,V1,5,A:V,simple,2.5099962436230343
subj02,V1,5,B:W,naturalistic,1.0348140355777924
subj02,V2,0,A:E,simple,1.3638016640250588
subj02,V2,0,B:B,naturalistic,1.2136341603621088
subj02,V2,1,A:H,simple,0.656476533822892
subj02,V2,1,B:C,naturalistic,1.4191929407416584
subj02,V2,2,A:L,simple,0.8283284777745764
subj02,V2,2,B:D,naturalistic,1.7362085857855107
subj02,V2,3,A:P,simple,1.231729529738506
subj02,V2,3,B:K,naturalistic,1.6178529059354647
subj02,V2,4,A:R,simple,0.9046479843876016
subj02,V2,4,B:T,naturalistic,1.1690073870911803
subj02,V2,5,A:V,simple,1.1928943645293366
subj02,V2,5,B:W,naturalistic,0.9763946546419572
subj02,V3,0,A:E,simple,1.767958585640813
subj02,V3,0,B:B,naturalistic,1.7421654527214692
subj02,V3,1,A:H,simple,0.8696431217645606
subj02,V3,1,B:C,naturalistic,1.5499340785448383
subj02,V3,2,A:L,simple,0.8706782998283927
subj02,V3,2,B:D,naturalistic,1.6858967927220776
subj02,V3,3,A:P,simple,1.7103952538360487
subj02,V3,3,B:K,naturalistic,1.8839343106272723
subj02,V3,4,A:R,simple,1.0538939755665886
subj02,V3,4,B:T,naturalistic,1.8902147277415888
subj02,V3,5,A:V,simple,1.4195632739786825
subj02,V3,5,B:W,naturalistic,0.6751160752848266
subj02,hV4,0,A:E,simple,0.9376973568754529
subj02,hV4,0,B:B,naturalistic,1.035631585011558
subj02,hV4,1,A:H,simple,0.3112820884758459
subj02,hV4,1,B:C,naturalistic,1.8629679751095753
subj02,hV4,2,A:L,simple,0.331659141674495
subj02,hV4,2,B:D,naturalistic,0.7963275123349524
subj02,hV4,3,A:P,simple,1.4198340112962502
subj02,hV4,3,B:K,naturalistic,0.920297006423167
subj02,hV4,4,A:R,simple,0.5065909206608711
subj02,hV4,4,B:T,naturalistic,0.5457959483518212
subj02,hV4,5,A:V,simple,0.7390673093147664
subj02,hV4,5,B:W,naturalistic,0.4151119953476702
subj02,ventral,0,A:E,simple,6.8703227938990885
subj02,ventral,0,B:B,naturalistic,6.691920833511592
subj02,ventral,1,A:H,simple,6.087267474126243
subj02,ventral,1,B:C,naturalistic,11.232712216701712
subj02,ventral,2,A:L,simple,5.7480314188227215
subj02,ventral,2,B:D,naturalistic,11.513348702452008
subj02,ventral,3,A:P,simple,6.691651844249038
subj02,ventral,3,B:K,naturalistic,5.810970905687031
subj02,ventral,4,A:R,simple,6.966501169714853
subj02,ventral,4,B:T,naturalistic,7.701826118487202
subj02,ventral,5,A:V,simple,7.144495957967502
subj02,ventral,5,B:W,naturalistic,6.723499694857965
subj02,lateral,0,A:E,simple,5.009546522378359
subj02,lateral,0,B:B,naturalistic,6.214499603613841
subj02,lateral,1,A:H,simple,6.028186453793507
subj02,lateral,1,B:C,naturalistic,9.970339577684532
subj02,lateral,2,A:L,simple,5.137854409069317
subj02,lateral,2,B:D,naturalistic,6.922375799181562
subj02,lateral,3,A:P,simple,5.5962000753365695
subj02,lateral,3,B:K,naturalistic,5.988184645115521
subj02,lateral,4,A:R,simple,8.674832276836009
subj02,lateral,4,B:T,naturalistic,8.36738068617278
subj02,lateral,5,A:V,simple,8.305331702921142
subj02,lateral,5,B:W,naturalistic,8.759011261116722
subj02,parietal,0,A:E,simple,4.581629746973343
subj02,parietal,0,B:B,naturalistic,3.727751046161282
subj02,parietal,1,A:H,simple,3.318954358919143
subj02,parietal,1,B:C,naturalistic,5.636136534824109
subj02,parietal,2,A:L,simple,3.3636858032777193
subj02,parietal,2,B:D,naturalistic,6.625232123048517
subj02,parietal,3,A:P,simple,5.749397145125753
subj02,parietal,3,B:K,naturalistic,4.47024066553466
subj02,parietal,4,A:R,simple,3.982941613844659
subj02,parietal,4,B:T,naturalistic,3.515618070458707
subj02,parietal,5,A:V,simple,6.423883756262895
subj02,parietal,5,B:W,naturalistic,2.9307292011709
subj03,V1,0,A:E,simple,1.8898777708727745
subj03,V1,0,B:B,naturalistic,0.60922782699564
subj03,V1,1,A:H,simple,0.7528529833464381
subj03,V1,1,B:C,naturalistic,1.0613437519033233
subj03,V1,2,A:L,simple,0.6932024595284129
subj03,V1,2,B:D,naturalistic,2.025813757264398
subj03,V1,3,A:P,simple,0.9973675556902393
subj03,V1,3,B:K,naturalistic,2.3557262615829395
subj03,V1,4,A:R,simple,0.7740887606875313
subj03,V1,4,B:T,naturalistic,3.0752773792457813
subj03,V1,5,A:V,simple,0.942839506686524
subj03,V1,5,B:W,naturalistic,0.9572070817647097
subj03,V2,0,A:E,simple,2.0155317067679484
subj03,V2,0,B:B,naturalistic,0.8931038020334805
subj03,V2,1,A:H,simple,1.6344652533429118
subj03,V2,1,B:C,naturalistic,1.0080914481391505
subj03,V2,2,A:L,simple,1.635037786496549
subj03,V2,2,B:D,naturalistic,1.6891714502829902
subj03,V2,3,A:P,simple,1.5605822018226134
subj03,V2,3,B:K,naturalistic,1.895481423033566
subj03,V2,4,A:R,simple,2.32472178747231
subj03,V2,4,B:T,naturalistic,1.3008734597061251
subj03,V2,5,A:V,simple,1.0912673834979878
subj03,V2,5,B:W,naturalistic,0.9547221073070596
subj03,V3,0,A:E,simple,2.7391954697982457
subj03,V3,0,B:B,naturalistic,1.3841435852577484
subj03,V3,1,A:H,simple,2.0148119199688392
subj03,V3,1,B:C,naturalistic,1.280077360062861
subj03,V3,2,A:L,simple,2.225554516504596
subj03,V3,2,B:D,naturalistic,3.0529300658018794
subj03,V3,3,A:P,simple,2.6316563034538754
subj03,V3,3,B:K,naturalistic,1.811944848876537
subj03,V3,4,A:R,simple,1.4793461749965395
subj03,V3,4,B:T,naturalistic,2.534131075398666
subj03,V3,5,A:V,simple,1.8738244768583352
subj03,V3,5,B:W,naturalistic,1.038031213840824
subj03,hV4,0,A:E,simple,1.958396670625919
subj03,hV4,0,B:B,naturalistic,1.150045775678292
subj03,hV4,1,A:H,simple,0.7862809199216804
subj03,hV4,1,B:C,naturalistic,1.161093351929614
subj03,hV4,2,A:L,simple,1.9752372055928342
subj03,hV4,2,B:D,naturalistic,1.471816612557157
subj03,hV4,3,A:P,simple,2.022872847758694
subj03,hV4,3,B:K,naturalistic,1.7302671210719012
subj03,hV4,4,A:R,simple,1.1183118203586107
subj03,hV4,4,B:T,naturalistic,3.5493506178194556
subj03,hV4,5,A:V,simple,0.6663682940251057
subj03,hV4,5,B:W,naturalistic,1.2545990571577308
subj03,ventral,0,A:E,simple,7.320982161361627
subj03,ventral,0,B:B,naturalistic,8.710749485880127
subj03,ventral,1,A:H,simple,6.862051299316534
subj03,ventral,1,B:C,naturalistic,11.708932505075849
subj03,ventral,2,A:L,simple,7.8190772445802805
subj03,ventral,2,B:D,naturalistic,9.507812301558483
subj03,ventral,3,A:P,simple,7.0253909726622386
subj03,ventral,3,B:K,naturalistic,9.089236042646478
subj03,ventral,4,A:R,simple,7.383971796340666
subj03,ventral,4,B:T,naturalistic,12.35642950079957
subj03,ventral,5,A:V,simple,8.790880077964914
subj03,ventral,5,B:W,naturalistic,8.527296116993785
subj03,lateral,0,A:E,simple,11.238067991329043
subj03,lateral,0,B:B,naturalistic,9.705842594553316
subj03,lateral,1,A:H,simple,8.827434873671482
subj03,lateral,1,B:C,naturalistic,10.709043002451637
subj03,lateral,2,A:L,simple,9.542062829456007
subj03,lateral,2,B:D,naturalistic,12.050981568267149
subj03,lateral,3,A:P,simple,10.189993269248031
subj03,lateral,3,B:K,naturalistic,10.499207595063206
subj03,lateral,4,A:R,simple,9.050631123031357
subj03,lateral,4,B:T,naturalistic,9.229632222036958
subj03,lateral,5,A:V,simple,9.361894303529082
subj03,lateral,5,B:W,naturalistic,8.47600565971486
subj03,parietal,0,A:E,simple,10.104536883801378
subj03,parietal,0,B:B,naturalistic,12.550575850970613
subj03,parietal,1,A:H,simple,6.184837684762823
subj03,parietal,1,B:C,naturalistic,12.486961382413728
subj03,parietal,2,A:L,simple,9.765899195193615
subj03,parietal,2,B:D,naturalistic,6.538067468451274
subj03,parietal,3,A:P,simple,8.4822519543192
subj03,parietal,3,B:K,naturalistic,5.731743277973182
subj03,parietal,4,A:R,simple,6.307990436681207
subj03,parietal,4,B:T,naturalistic,6.63124233279584
subj03,parietal,5,A:V,simple,7.528071967714294
subj03,parietal,5,B:W,naturalistic,11.262624232357066
subj04,V1,0,A:E,simple,1.0216763000363165
subj04,V1,0,B:B,naturalistic,0.6818438457686733
subj04,V1,1,A:H,simple,0.8957848729589152
subj04,V1,1,B:C,naturalistic,2.1581660519160852
subj04,V1,2,A:L,simple,1.4162010243597607
subj04,V1,2,B:D,naturalistic,1.2751957436689862
subj04,V1,3,A:P,simple,0.45100414385046217
subj04,V1,3,B:K,naturalistic,0.773883978625334
subj04,V1,4,A:R,simple,2.3424480327749198
subj04,V1,4,B:T,naturalistic,2.2743030320250757
subj04,V1,5,A:V,simple,0.8909147574219696
subj04,V1,5,B:W,naturalistic,1.430591531742158
subj04,V2,0,A:E,simple,0.8782762304938095
subj04,V2,0,B:B,naturalistic,0.6421773442165463
subj04,V2,1,A:H,simple,0.5285582213876071
subj04,V2,1,B:C,naturalistic,1.3116483041610663
subj04,V2,2,A:L,simple,1.161531130374465
subj04,V2,2,B:D,naturalistic,0.759505691790065
subj04,V2,3,A:P,simple,0.486379828530124
subj04,V2,3,B:K,naturalistic,1.2437364285852563
subj04,V2,4,A:R,simple,0.8379110880975713
subj04,V2,4,B:T,naturalistic,2.4410693088267155
subj04,V2,5,A:V,simple,0.788430565700273
subj04,V2,5,B:W,naturalistic,0.6382365961084643
subj04,V3,0,A:E,simple,2.1295908135643993
subj04,V3,0,B:B,naturalistic,1.2502583492870503
subj04,V3,1,A:H,simple,2.0920519280613754
subj04,V3,1,B:C,naturalistic,1.8585116886116935
subj04,V3,2,A:L,simple,1.7553020832193609
subj04,V3,2,B:D,naturalistic,1.2607665500155172
subj04,V3,3,A:P,simple,1.3477858941701744
subj04,V3,3,B:K,naturalistic,1.2897916828558773
subj04,V3,4,A:R,simple,1.2432634809710337
subj04,V3,4,B:T,naturalistic,3.577795739523342
subj04,V3,5,A:V,simple,2.919119512343931
subj04,V3,5,B:W,naturalistic,1.0961901345287017
subj04,hV4,0,A:E,simple,1.3856068077224188
subj04,hV4,0,B:B,naturalistic,0.9757818838772634
subj04,hV4,1,A:H,simple,2.219937523796641
subj04,hV4,1,B:C,naturalistic,1.789058107911607
subj04,hV4,2,A:L,simple,2.6070727441909693
subj04,hV4,2,B:D,naturalistic,1.617049353947479
subj04,hV4,3,A:P,simple,1.9407055490156684
subj04,hV4,3,B:K,naturalistic,2.2474783366984883
subj04,hV4,4,A:R,simple,0.9104282523598809
subj04,hV4,4,B:T,naturalistic,3.4026679370675224
subj04,hV4,5,A:V,simple,2.738358318170773
subj04,hV4,5,B:W,naturalistic,1.7876684453264677
subj04,ventral,0,A:E,simple,8.933246075642588
subj04,ventral,0,B:B,naturalistic,7.9328898039294895
subj04,ventral,1,A:H,simple,8.167921631449259
subj04,ventral,1,B:C,naturalistic,14.849370151781326
subj04,ventral,2,A:L,simple,7.597757603342024
subj04,ventral,2,B:D,naturalistic,10.19137912618433
subj04,ventral,3,A:P,simple,8.376236820159933
subj04,ventral,3,B:K,naturalistic,8.553500876159065
subj04,ventral,4,A:R,simple,7.2178823645309205
subj04,ventral,4,B:T,naturalistic,16.972992435254234
subj04,ventral,5,A:V,simple,8.912805497046568
subj04,ventral,5,B:W,naturalistic,8.25006946522954
subj04,lateral,0,A:E,simple,12.799131350224995
subj04,lateral,0,B:B,naturalistic,7.453579174443579
subj04,lateral,1,A:H,simple,7.4551030863365755
subj04,lateral,1,B:C,naturalistic,14.660652070064266
subj04,lateral,2,A:L,simple,7.336856134579051
subj04,lateral,2,B:D,naturalistic,9.69360910334199
subj04,lateral,3,A:P,simple,7.611517365586501
subj04,lateral,3,B:K,naturalistic,8.878641855956953
subj04,lateral,4,A:R,simple,8.40473605052892
subj04,lateral,4,B:T,naturalistic,35.766611144259365
subj04,lateral,5,A:V,simple,7.130789361338132
subj04,lateral,5,B:W,naturalistic,13.009255276127835
subj04,parietal,0,A:E,simple,5.331080266668834
subj04,parietal,0,B:B,naturalistic,7.21294102110552
subj04,parietal,1,A:H,simple,10.055200719924652
subj04,parietal,1,B:C,naturalistic,18.98478096197332
subj04,parietal,2,A:L,simple,12.21348798183291
subj04,parietal,2,B:D,naturalistic,4.554277456084198
subj04,parietal,3,A:P,simple,6.15856436780551
subj04,parietal,3,B:K,naturalistic,3.424267622463383
subj04,parietal,4,A:R,simple,4.254290529526775
subj04,parietal,4,B:T,naturalistic,12.568281925610421
subj04,parietal,5,A:V,simple,5.619492601003357
subj04,parietal,5,B:W,naturalistic,7.20064539526004
subj05,V1,0,A:E,simple,2.055925263204786
subj05,V1,0,B:B,naturalistic,1.1520989784801003
subj05,V1,1,A:H,simple,2.199051534775521
subj05,V1,1,B:C,naturalistic,1.3568578385270822
subj05,V1,2,A:L,simple,2.4828311686298283
subj05,V1,2,B:D,naturalistic,2.2090451406481706
subj05,V1,3,A:P,simple,1.0171281752418246
subj05,V1,3,B:K,naturalistic,2.4944826783067073
subj05,V1,4,A:R,simple,0.6517855936370898
subj05,V1,4,B:T,naturalistic,2.8659134137954205
subj05,V1,5,A:V,simple,1.1379462617488545
subj05,V1,5,B:W,naturalistic,3.2164456110506503
subj05,V2,0,A:E,simple,2.0589680877358063
subj05,V2,0,B:B,naturalistic,1.3525320052501497
subj05,V2,1,A:H,simple,1.984709212021693
subj05,V2,1,B:C,naturalistic,1.0964731595909816
subj05,V2,2,A:L,simple,2.3394503092646817
subj05,V2,2,B:D,naturalistic,1.072066133303127
subj05,V2,3,A:P,simple,1.4069718126925193
subj05,V2,3,B:K,naturalistic,1.4041839652421835
subj05,V2,4,A:R,simple,1.24523231088992
subj05,V2,4,B:T,naturalistic,1.04675223127325
subj05,V2,5,A:V,simple,1.2283511016600321
subj05,V2,5,B:W,naturalistic,1.040441340461316
subj05,V3,0,A:E,simple,4.139312493115593
subj05,V3,0,B:B,naturalistic,1.9959491000353153
subj05,V3,1,A:H,simple,2.057987328562374
subj05,V3,1,B:C,naturalistic,2.4410191104883943
subj05,V3,2,A:L,simple,1.3498347925420637
subj05,V3,2,B:D,naturalistic,2.8568818060685874
subj05,V3,3,A:P,simple,1.2663322192942617
subj05,V3,3,B:K,naturalistic,3.271884304179369
subj05,V3,4,A:R,simple,2.864432861514105
subj05,V3,4,B:T,naturalistic,1.658132438172282
subj05,V3,5,A:V,simple,3.6782372037650726
subj05,V3,5,B:W,naturalistic,2.0843010299000406
subj05,hV4,0,A:E,simple,3.161279573524246
subj05,hV4,0,B:B,naturalistic,4.4341778241194305
subj05,hV4,1,A:H,simple,2.150741172523865
subj05,hV4,1,B:C,naturalistic,7.529812153474613
subj05,hV4,2,A:L,simple,3.2319878316131163
subj05,hV4,2,B:D,naturalistic,4.163032917165973
subj05,hV4,3,A:P,simple,3.223644331856026
subj05,hV4,3,B:K,naturalistic,3.5013487024617493
subj05,hV4,4,A:R,simple,2.189652391392705
subj05,hV4,4,B:T,naturalistic,3.8323188859803383
subj05,hV4,5,A:V,simple,3.248976869277369
subj05,hV4,5,B:W,naturalistic,3.0179108975399265
subj05,ventral,0,A:E,simple,8.621801814764124
subj05,ventral,0,B:B,naturalistic,6.726747532063828
subj05,ventral,1,A:H,simple,9.614432757125659
subj05,ventral,1,B:C,naturalistic,11.273430225362995
subj05,ventral,2,A:L,simple,7.262009401207928
subj05,ventral,2,B:D,naturalistic,11.946161912641761
subj05,ventral,3,A:P,simple,8.457784071581845
subj05,ventral,3,B:K,naturalistic,8.023657298337488
subj05,ventral,4,A:R,simple,6.735103551959397
subj05,ventral,4,B:T,naturalistic,5.932412270277493
subj05,ventral,5,A:V,simple,7.483959657088755
subj05,ventral,5,B:W,naturalistic,9.550605144746854
subj05,lateral,0,A:E,simple,8.893567353979488
subj05,lateral,0,B:B,naturalistic,5.234076591092079
subj05,lateral,1,A:H,simple,8.382999209709647
subj05,lateral,1,B:C,naturalistic,6.821032274012322
subj05,lateral,2,A:L,simple,8.816562518907999
subj05,lateral,2,B:D,naturalistic,7.927802691737242
subj05,lateral,3,A:P,simple,8.400799626594758
subj05,lateral,3,B:K,naturalistic,8.90125764282412
subj05,lateral,4,A:R,simple,8.07876280287096
subj05,lateral,4,B:T,naturalistic,6.6818217753748
subj05,lateral,5,A:V,simple,7.313279843353655
subj05,lateral,5,B:W,naturalistic,6.947088993761745
subj05,parietal,0,A:E,simple,6.860988757931116
subj05,parietal,0,B:B,naturalistic,4.798533160893838
subj05,parietal,1,A:H,simple,4.7309829817175215
subj05,parietal,1,B:C,naturalistic,9.183116003076954
subj05,parietal,2,A:L,simple,4.895890102750328
subj05,parietal,2,B:D,naturalistic,5.8276790920400785
subj05,parietal,3,A:P,simple,5.748633152829284
subj05,parietal,3,B:K,naturalistic,5.457197227075681
subj05,parietal,4,A:R,simple,5.190535791171515
subj05,parietal,4,B:T,naturalistic,4.771967384926043
subj05,parietal,5,A:V,simple,4.980037084389961
subj05,parietal,5,B:W,naturalistic,3.3582640279014124
subj06,V1,0,A:E,simple,1.144986918439021
subj06,V1,0,B:B,naturalistic,1.7676403776101732
subj06,V1,1,A:H,simple,1.3427070162868784
subj06,V1,1,B:C,naturalistic,1.5740093338942145
subj06,V1,2,A:L,simple,1.3211785671152783
subj06,V1,2,B:D,naturalistic,1.1016156075750736
subj06,V1,3,A:P,simple,1.6734839236101586
subj06,V1,3,B:K,naturalistic,1.4390634121712744
subj06,V1,4,A:R,simple,2.052179160560042
subj06,V1,4,B:T,naturalistic,1.693863059907958
subj06,V1,5,A:V,simple,1.7313220298471206
subj06,V1,5,B:W,naturalistic,1.4249931195221879
subj06,V2,0,A:E,simple,1.9689827165988352
subj06,V2,0,B:B,naturalistic,1.1393089988891536
subj06,V2,1,A:H,simple,1.6415815839209373
subj06,V2,1,B:C,naturalistic,1.792268252270364
subj06,V2,2,A:L,simple,2.0683129349835765
subj06,V2,2,B:D,naturalistic,2.8817972688504407
subj06,V2,3,A:P,simple,1.6836611989617511
subj06,V2,3,B:K,naturalistic,1.1473317713270514
subj06,V2,4,A:R,simple,1.6447078528860304
subj06,V2,4,B:T,naturalistic,1.311913726299564
subj06,V2,5,A:V,simple,1.6868167541239036
subj06,V2,5,B:W,naturalistic,1.8663610960580697
subj06,V3,0,A:E,simple,2.5287017978276345
subj06,V3,0,B:B,naturalistic,1.1766544519843047
subj06,V3,1,A:H,simple,2.679623481307705
subj06,V3,1,B:C,naturalistic,2.5423736848360736
subj06,V3,2,A:L,simple,1.8458456731543542
subj06,V3,2,B:D,naturalistic,2.525415547679427
subj06,V3,3,A:P,simple,1.581824427803645
subj06,V3,3,B:K,naturalistic,1.8427095136387641
subj06,V3,4,A:R,simple,0.980389818899846
subj06,V3,4,B:T,naturalistic,1.380964313997912
subj06,V3,5,A:V,simple,1.4375616938028803
subj06,V3,5,B:W,naturalistic,2.3639312445064373
subj06,hV4,0,A:E,simple,1.5661336007401097
subj06,hV4,0,B:B,naturalistic,0.5119987000365147
subj06,hV4,1,A:H,simple,1.032902853888258
subj06,hV4,1,B:C,naturalistic,0.8413709939015548
subj06,hV4,2,A:L,simple,0.9833711726257318
subj06,hV4,2,B:D,naturalistic,1.264482506897641
subj06,hV4,3,A:P,simple,1.2917933802696615
subj06,hV4,3,B:K,naturalistic,0.6749756545970614
subj06,hV4,4,A:R,simple,1.4664924896763343
subj06,hV4,4,B:T,naturalistic,1.1219056388232407
subj06,hV4,5,A:V,simple,1.3572217712608354
subj06,hV4,5,B:W,naturalistic,1.2959249451139987
subj06,ventral,0,A:E,simple,11.899287759930385
subj06,ventral,0,B:B,naturalistic,9.416807717508675
subj06,ventral,1,A:H,simple,9.174137120428048
subj06,ventral,1,B:C,naturalistic,14.883099416167987
subj06,ventral,2,A:L,simple,8.070407365148593
subj06,ventral,2,B:D,naturalistic,16.524261011117584
subj06,ventral,3,A:P,simple,9.182971285496619
subj06,ventral,3,B:K,naturalistic,8.630147993588016
subj06,ventral,4,A:R,simple,7.2607896459886865
subj06,ventral,4,B:T,naturalistic,9.486018323215498
subj06,ventral,5,A:V,simple,8.457741666234213
subj06,ventral,5,B:W,naturalistic,10.16174955390673
subj06,lateral,0,A:E,simple,21.0161494487574
subj06,lateral,0,B:B,naturalistic,12.25738484657843
subj06,lateral,1,A:H,simple,8.412390675297136
subj06,lateral,1,B:C,naturalistic,7.991222265989834
subj06,lateral,2,A:L,simple,8.254068346717089
subj06,lateral,2,B:D,naturalistic,28.216395966892925
subj06,lateral,3,A:P,simple,9.63610654947132
subj06,lateral,3,B:K,naturalistic,16.99607680303531
subj06,lateral,4,A:R,simple,7.2646305782358445
subj06,lateral,4,B:T,naturalistic,7.603854374893214
subj06,lateral,5,A:V,simple,8.374969613205131
subj06,lateral,5,B:W,naturalistic,11.848737078007614
subj06,parietal,0,A:E,simple,14.25273076261803
subj06,parietal,0,B:B,naturalistic,6.752574016054464
subj06,parietal,1,A:H,simple,5.403073089423831
subj06,parietal,1,B:C,naturalistic,15.388258979062533
subj06,parietal,2,A:L,simple,4.92977355260464
subj06,parietal,2,B:D,naturalistic,10.568166053876917
subj06,parietal,3,A:P,simple,8.466161929107935
subj06,parietal,3,B:K,naturalistic,8.007747305570826
subj06,parietal,4,A:R,simple,5.559514135847917
subj06,parietal,4,B:T,naturalistic,3.9597274189384155
subj06,parietal,5,A:V,simple,4.620610500352828
subj06,parietal,5,B:W,naturalistic,5.3082572458415695
subj07,V1,0,A:E,simple,1.2176503577805289
subj07,V1,0,B:B,naturalistic,1.9508481393710875
subj07,V1,1,A:H,simple,0.8983171331286844
subj07,V1,1,B:C,naturalistic,1.391480964551902
subj07,V1,2,A:L,simple,0.8880775417634892
subj07,V1,2,B:D,naturalistic,0.7775431864364394
subj07,V1,3,A:P,simple,0.9215781834999851
subj07,V1,3,B:K,naturalistic,0.9418323622783454
subj07,V1,4,A:R,simple,1.7830465563757552
subj07,V1,4,B:T,naturalistic,5.475769837478344
subj07,V1,5,A:V,simple,0.925485532645304
subj07,V1,5,B:W,naturalistic,2.0907308920240886
subj07,V2,0,A:E,simple,1.7370215992237723
subj07,V2,0,B:B,naturalistic,2.930488548540164
subj07,V2,1,A:H,simple,1.9079731177673063
subj07,V2,1,B:C,naturalistic,2.3889673336973294
subj07,V2,2,A:L,simple,2.7827387349756423
subj07,V2,2,B:D,naturalistic,0.941814123242886
subj07,V2,3,A:P,simple,1.0490610760472312
subj07,V2,3,B:K,naturalistic,2.162184931663626
subj07,V2,4,A:R,simple,3.2816228064548767
subj07,V2,4,B:T,naturalistic,2.0910020007302954
subj07,V2,5,A:V,simple,2.225714369500275
subj07,V2,5,B:W,naturalistic,2.973794741304296
subj07,V3,0,A:E,simple,2.3898864455187816
subj07,V3,0,B:B,naturalistic,1.0811854958257372
subj07,V3,1,A:H,simple,1.619939259786191
subj07,V3,1,B:C,naturalistic,1.9468625383275997
subj07,V3,2,A:L,simple,1.796079495198774
subj07,V3,2,B:D,naturalistic,0.9675329994212933
subj07,V3,3,A:P,simple,1.1509055965207027
subj07,V3,3,B:K,naturalistic,0.644447483700254
subj07,V3,4,A:R,simple,4.193083137676709
subj07,V3,4,B:T,naturalistic,1.2407174112962622
subj07,V3,5,A:V,simple,1.5845014729343951
subj07,V3,5,B:W,naturalistic,2.3433551804968724
subj07,hV4,0,A:E,simple,1.8214730089572224
subj07,hV4,0,B:B,naturalistic,1.0311590728787108
subj07,hV4,1,A:H,simple,1.7767279381913363
subj07,hV4,1,B:C,naturalistic,1.2143218384074799
subj07,hV4,2,A:L,simple,1.3040644867028348
subj07,hV4,2,B:D,naturalistic,1.4477296963466313
subj07,hV4,3,A:P,simple,0.8171497481201767
subj07,hV4,3,B:K,naturalistic,0.7338146896034073
subj07,hV4,4,A:R,simple,4.5468049846085234
subj07,hV4,4,B:T,naturalistic,0.7498136911309332
subj07,hV4,5,A:V,simple,1.7778577359109269
subj07,hV4,5,B:W,naturalistic,2.6404439586133197
subj07,ventral,0,A:E,simple,7.707183219387514
subj07,ventral,0,B:B,naturalistic,6.885691459866013
subj07,ventral,1,A:H,simple,6.656956136045382
subj07,ventral,1,B:C,naturalistic,10.073739255283575
subj07,ventral,2,A:L,simple,7.689323159293953
subj07,ventral,2,B:D,naturalistic,9.343414118044437
subj07,ventral,3,A:P,simple,6.383842219723168
subj07,ventral,3,B:K,naturalistic,8.384562905701667
subj07,ventral,4,A:R,simple,9.106869099907112
subj07,ventral,4,B:T,naturalistic,6.718383476185241
subj07,ventral,5,A:V,simple,11.431615760254868
subj07,ventral,5,B:W,naturalistic,9.784726886555354
subj07,lateral,0,A:E,simple,8.991774317897436
subj07,lateral,0,B:B,naturalistic,7.633541695960123
subj07,lateral,1,A:H,simple,7.448040397481758
subj07,lateral,1,B:C,naturalistic,7.641516549435643
subj07,lateral,2,A:L,simple,9.711838183552349
subj07,lateral,2,B:D,naturalistic,9.399853732707006
subj07,lateral,3,A:P,simple,6.8687364600733165
subj07,lateral,3,B:K,naturalistic,8.472849230759666
subj07,lateral,4,A:R,simple,9.50600263575233
subj07,lateral,4,B:T,naturalistic,7.377219114946324
subj07,lateral,5,A:V,simple,10.52085973404182
subj07,lateral,5,B:W,naturalistic,12.558628262635795
subj07,parietal,0,A:E,simple,7.956614568452708
subj07,parietal,0,B:B,naturalistic,6.5338641418185786
subj07,parietal,1,A:H,simple,4.802644137943038
subj07,parietal,1,B:C,naturalistic,7.102540447798464
subj07,parietal,2,A:L,simple,4.4775202966427985
subj07,parietal,2,B:D,naturalistic,5.01839411585252
subj07,parietal,3,A:P,simple,4.096381321245739
subj07,parietal,3,B:K,naturalistic,6.638855474167907
subj07,parietal,4,A:R,simple,10.609259803327113
subj07,parietal,4,B:T,naturalistic,3.7774866918231345
subj07,parietal,5,A:V,simple,7.290729630461261
subj07,parietal,5,B:W,naturalistic,5.843217797445779
subj08,V1,0,A:E,simple,1.7787439648776553
subj08,V1,0,B:B,naturalistic,2.420878238936593
subj08,V1,1,A:H,simple,3.953548715725211
subj08,V1,1,B:C,naturalistic,2.545274142629015
subj08,V1,2,A:L,simple,2.4867794499564786
subj08,V1,2,B:D,naturalistic,3.303207370594688
subj08,V1,3,A:P,simple,2.394633476399419
subj08,V1,3,B:K,naturalistic,3.621447098399679
subj08,V1,4,A:R,simple,2.32837012073713
subj08,V1,4,B:T,naturalistic,4.917853240359287
subj08,V1,5,A:V,simple,1.9993370834324464
subj08,V1,5,B:W,naturalistic,5.062318710686942
subj08,V2,0,A:E,simple,2.6074618598669965
subj08,V2,0,B:B,naturalistic,3.106465134606379
subj08,V2,1,A:H,simple,3.677927198342001
subj08,V2,1,B:C,naturalistic,3.475712942762821
subj08,V2,2,A:L,simple,4.071316184448365
subj08,V2,2,B:D,naturalistic,4.582776721578069
subj08,V2,3,A:P,simple,3.528452059947124
subj08,V2,3,B:K,naturalistic,3.40326229971081
subj08,V2,4,A:R,simple,2.1792652999271342
subj08,V2,4,B:T,naturalistic,5.030938021702529
subj08,V2,5,A:V,simple,3.8342075484059284
subj08,V2,5,B:W,naturalistic,4.979500793053622
subj08,V3,0,A:E,simple,3.134535335168588
subj08,V3,0,B:B,naturalistic,1.994631317279573
subj08,V3,1,A:H,simple,3.2778056478252107
subj08,V3,1,B:C,naturalistic,2.515223703591051
subj08,V3,2,A:L,simple,2.194364130282142
subj08,V3,2,B:D,naturalistic,4.278374165809721
subj08,V3,3,A:P,simple,1.3994189199495832
subj08,V3,3,B:K,naturalistic,5.6577983176823805
subj08,V3,4,A:R,simple,1.9640979928620061
subj08,V3,4,B:T,naturalistic,2.452512228792981
subj08,V3,5,A:V,simple,1.9417802267017246
subj08,V3,5,B:W,naturalistic,3.8288145967231335
subj08,hV4,0,A:E,simple,2.5917659504917436
subj08,hV4,0,B:B,naturalistic,2.070070382994041
subj08,hV4,1,A:H,simple,5.991221459083945
subj08,hV4,1,B:C,naturalistic,2.2635683824974793
subj08,hV4,2,A:L,simple,1.90872209702385
subj08,hV4,2,B:D,naturalistic,1.4938424094702372
subj08,hV4,3,A:P,simple,1.6153179467239511
subj08,hV4,3,B:K,naturalistic,1.6487031476233391
subj08,hV4,4,A:R,simple,1.3345122950497978
subj08,hV4,4,B:T,naturalistic,2.476708722962558
subj08,hV4,5,A:V,simple,2.592242811208638
subj08,hV4,5,B:W,naturalistic,5.314785254571226
subj08,ventral,0,A:E,simple,20.745345635762384
subj08,ventral,0,B:B,naturalistic,21.167157288972184
subj08,ventral,1,A:H,simple,18.492044007612463
subj08,ventral,1,B:C,naturalistic,17.57656364291448
subj08,ventral,2,A:L,simple,19.80280969579288
subj08,ventral,2,B:D,naturalistic,20.395435268987246
subj08,ventral,3,A:P,simple,18.046401743955286
subj08,ventral,3,B:K,naturalistic,16.785100977516326
subj08,ventral,4,A:R,simple,13.736440857340412
subj08,ventral,4,B:T,naturalistic,25.231130709873803
subj08,ventral,5,A:V,simple,17.299013529003236
subj08,ventral,5,B:W,naturalistic,31.375202129626896
subj08,lateral,0,A:E,simple,19.43625449443232
subj08,lateral,0,B:B,naturalistic,17.133651625515167
subj08,lateral,1,A:H,simple,21.047189851499223
subj08,lateral,1,B:C,naturalistic,13.903458886195503
subj08,lateral,2,A:L,simple,15.34621387205881
subj08,lateral,2,B:D,naturalistic,27.727587588539354
subj08,lateral,3,A:P,simple,17.702875818386882
subj08,lateral,3,B:K,naturalistic,13.719209240098463
subj08,lateral,4,A:R,simple,16.367377019607883
subj08,lateral,4,B:T,naturalistic,17.722195703394483
subj08,lateral,5,A:V,simple,17.8577187886714
subj08,lateral,5,B:W,naturalistic,15.860316402875217
subj08,parietal,0,A:E,simple,13.99403569458238
subj08,parietal,0,B:B,naturalistic,12.727814499923136
subj08,parietal,1,A:H,simple,10.468442900717374
subj08,parietal,1,B:C,naturalistic,11.96876932055654
subj08,parietal,2,A:L,simple,11.21437477482022
subj08,parietal,2,B:D,naturalistic,15.919365516876937
subj08,parietal,3,A:P,simple,10.245882147619858
subj08,parietal,3,B:K,naturalistic,13.732215705183988
subj08,parietal,4,A:R,simple,6.647729566733632
subj08,parietal,4,B:T,naturalistic,11.830235260788378
subj08,parietal,5,A:V,simple,10.169958856323642
subj08,parietal,5,B:W,naturalistic,11.836636414645755
