query_nsd_id,anchor_nsd_id,gt_rank,bucket,confidence,strength,guidance_scale,steps,n_candidates,retrieval_pixcorr,retrieval_ssim,retrieval_psnr,retrieval_lpips,retrieval_clip_image_similarity,retrieval_alexnet2,retrieval_alexnet5,diffusion_pixcorr,diffusion_ssim,diffusion_psnr,diffusion_lpips,diffusion_clip_image_similarity,diffusion_alexnet2,diffusion_alexnet5,delta_pixcorr,delta_ssim,delta_psnr,delta_lpips,delta_clip_image_similarity,delta_alexnet2,delta_alexnet5
11932,11932,1,perfect,0.5597931146621704,0.0,0.0,0,0,1.0,1.0,inf,0.0,1.0000001192092896,0.9999998807907104,0.9999998807907104,1.0,1.0,inf,0.0,1.0000001192092896,0.9999998807907104,0.9999998807907104,0.0,0.0,nan,0.0,0.0,0.0,0.0
20633,20633,1,perfect,0.2177411913871765,0.0,0.0,0,0,0.9999999999999998,1.0,inf,0.0,1.0000001192092896,1.0000001192092896,1.0,0.9999999999999998,1.0,inf,0.0,1.0000001192092896,1.0000001192092896,1.0,0.0,0.0,nan,0.0,0.0,0.0,0.0
51745,51745,1,perfect,0.36160582304000854,0.0,0.0,0,0,1.0,1.0,inf,0.0,1.0000001192092896,1.0,0.9999998807907104,1.0,1.0,inf,0.0,1.0000001192092896,1.0,0.9999998807907104,0.0,0.0,nan,0.0,0.0,0.0,0.0
60456,60456,1,perfect,0.27394336462020874,0.0,0.0,0,0,1.0,1.0,inf,0.0,1.0,0.9999999403953552,1.0,1.0,1.0,inf,0.0,1.0,0.9999999403953552,1.0,0.0,0.0,nan,0.0,0.0,0.0,0.0
2950,2990,5,good,0.06806084513664246,0.2796,3.31,47,16,0.1030221369990446,0.07146499305963516,8.082784464347375,0.6882621049880981,0.5974689722061157,0.36307814717292786,0.3071041405200958,0.0997040858699457,0.0743161216378212,8.165652765392576,0.6926790475845337,0.6128475666046143,0.36218324303627014,0.3130948543548584,-0.0033180511290989007,0.002851128578186035,0.08286830104520071,0.004416942596435547,0.015378594398498535,-0.0008949041366577148,0.005990713834762573
2990,56948,2,good,0.13034456968307495,0.2609,3.59,46,16,0.12250081460368731,0.08027184754610062,8.43419664170003,0.6750996708869934,0.6656261086463928,0.36818167567253113,0.28567230701446533,0.12221784537004038,0.08444055169820786,8.532981564037042,0.66782546043396,0.6807562112808228,0.37020570039749146,0.2943846583366394,-0.00028296923364692916,0.004168704152107239,0.0987849223370123,-0.007274210453033447,0.015130102634429932,0.002024024724960327,0.008712351322174072
3842,64004,2,good,0.026592493057250977,0.292,3.12,49,16,0.08451427226094413,0.05508783459663391,11.462299994601363,0.714398980140686,0.6445868611335754,0.39070093631744385,0.2547166049480438,0.08233139987603265,0.065851129591465,11.562449514174203,0.7308247089385986,0.6611223816871643,0.3898944556713104,0.2602187395095825,-0.00218287238491148,0.010763294994831085,0.1001495195728399,0.016425728797912598,0.016535520553588867,-0.0008064806461334229,0.005502134561538696
3847,70360,3,good,0.005967617034912109,0.2982,3.03,49,16,0.3378473404902124,0.43551620841026306,14.24655192604386,0.7036436796188354,0.8159024715423584,0.5976141691207886,0.4669109880924225,0.3363201002723747,0.4663420617580414,14.271158425235475,0.7041455507278442,0.8209878206253052,0.6069629788398743,0.4640668034553528,-0.0015272402178377331,0.03082585334777832,0.024606499191614617,0.0005018711090087891,0.005085349082946777,0.009348809719085693,-0.002844184637069702
3951,22809,2,good,0.03401017189025879,0.2898,3.15,48,16,0.20287927947738466,0.3514726459980011,11.446661154195485,0.5584187507629395,0.6863566637039185,0.5119805335998535,0.4076043963432312,0.19972712554916094,0.3624444305896759,11.453572379447824,0.5545433163642883,0.7488394975662231,0.5047177076339722,0.4027462899684906,-0.003152153928223711,0.010971784591674805,0.006911225252338227,-0.003875434398651123,0.06248283386230469,-0.007262825965881348,-0.004858106374740601
4690,51051,5,good,0.02913069725036621,0.2913,3.13,49,16,0.21972962220769351,0.3262721300125122,12.979203062364881,0.696300208568573,0.853914737701416,0.5123883485794067,0.416073739528656,0.21976422418030767,0.33945432305336,13.0520020009887,0.7007694840431213,0.8392424583435059,0.5059780478477478,0.42063647508621216,3.46019726141511e-05,0.013182193040847778,0.07279893862381925,0.00446927547454834,-0.014672279357910156,-0.0064103007316589355,0.004562735557556152
4768,44144,2,good,0.0658687949180603,0.2802,3.3,48,16,-0.10237574034121678,0.04124513640999794,6.891274053786542,0.664321780204773,0.5274589657783508,0.35709646344184875,0.28703588247299194,-0.10861141424422634,0.04678083956241608,6.940025877657014,0.6564306020736694,0.5450440049171448,0.3572337329387665,0.29839518666267395,-0.006235673903009553,0.005535703152418137,0.0487518238704725,-0.007891178131103516,0.017585039138793945,0.0001372694969177246,0.011359304189682007
5034,43445,2,good,0.030071020126342773,0.291,3.14,49,16,-0.07950041448769783,0.3986562192440033,10.074327995462282,0.7734888792037964,0.5997893214225769,0.4370867609977722,0.34772923588752747,-0.07899399603150062,0.4459897577762604,10.156050519227875,0.77395099401474,0.6211299300193787,0.4497468173503876,0.3509625792503357,0.0005064184561972135,0.04733353853225708,0.08172252376559364,0.0004621148109436035,0.021340608596801758,0.012660056352615356,0.0032333433628082275
5502,30601,2,good,0.08821016550064087,0.2735,3.4,47,16,0.31106983587123477,0.25461500883102417,11.263750273714887,0.6504116654396057,0.6807430982589722,0.5151757597923279,0.4583907425403595,0.3103778345027603,0.2686319351196289,11.362448644726214,0.6624065041542053,0.693383514881134,0.5137984752655029,0.44635623693466187,-0.0006920013684744708,0.014016926288604736,0.09869837101132717,0.01199483871459961,0.012640416622161865,-0.0013772845268249512,-0.012034505605697632
5878,11689,2,good,0.03481340408325195,0.2896,3.16,48,16,-0.3884345001810331,0.19391362369060516,6.068858921225192,0.7312296032905579,0.6832826733589172,0.4165114462375641,0.2961009740829468,-0.3936030221385769,0.20525257289409637,6.077756607515861,0.7162060141563416,0.693588376045227,0.4193129539489746,0.2991829514503479,-0.0051685219575438035,0.011338949203491211,0.008897686290668894,-0.015023589134216309,0.010305702686309814,0.0028015077114105225,0.003081977367401123
6524,16063,2,good,0.07596081495285034,0.2772,3.34,47,16,0.18891440168259122,0.15305529534816742,11.534750731963381,0.6948046684265137,0.7718008756637573,0.562458872795105,0.3604431450366974,0.1886635472087175,0.17563802003860474,11.62449696810704,0.6764540672302246,0.7676142454147339,0.5605807900428772,0.3570316433906555,-0.00025085447387371285,0.022582724690437317,0.08974623614365917,-0.018350601196289062,-0.0041866302490234375,-0.0018780827522277832,-0.00341150164604187
7207,27275,2,good,0.06721383333206177,0.2798,3.3,47,16,0.007348450002476137,0.031912680715322495,7.161431060927555,0.6632962822914124,0.8093457818031311,0.42988982796669006,0.23119357228279114,0.010497561849558974,0.034282002598047256,7.215764049417412,0.6756858229637146,0.8262012600898743,0.4225353002548218,0.21254152059555054,0.0031491118470828375,0.002369321882724762,0.05433298848985668,0.012389540672302246,0.016855478286743164,-0.007354527711868286,-0.0186520516872406
9434,45750,2,good,0.010338544845581055,0.2969,3.05,49,16,0.21015673872704982,0.21093350648880005,9.215810981255286,0.6625502705574036,0.828032910823822,0.5416354537010193,0.5393879413604736,0.19909231600280514,0.2120201587677002,9.178964667581596,0.6610456705093384,0.843159556388855,0.5423263311386108,0.5525776147842407,-0.011064422724244682,0.0010866522789001465,-0.03684631367369029,-0.0015046000480651855,0.015126645565032959,0.0006908774375915527,0.01318967342376709
9804,71241,2,good,0.015125274658203125,0.2955,3.07,49,16,0.1760858900114345,0.19621022045612335,8.721887358803162,0.713427722454071,0.7875710725784302,0.42993804812431335,0.469664067029953,0.176037521731587,0.20429448783397675,8.749157842106264,0.7115400433540344,0.7743830680847168,0.42974984645843506,0.47004812955856323,-4.836827984749936e-05,0.008084267377853394,0.02727048330310211,-0.001887679100036621,-0.013188004493713379,-0.0001882016658782959,0.0003840625286102295
9917,28024,2,good,0.0714489221572876,0.2786,3.32,47,16,0.3492947917921104,0.4071779251098633,11.717637726623645,0.5830578804016113,0.7848688364028931,0.6205644011497498,0.5027912855148315,0.35623134107288773,0.42317190766334534,11.773823585816883,0.6032989025115967,0.7362891435623169,0.6174687743186951,0.5037871599197388,0.006936549280777304,0.015993982553482056,0.056185859193238485,0.02024102210998535,-0.04857969284057617,-0.0030956268310546875,0.0009958744049072266
9978,68418,2,good,0.0728381872177124,0.2781,3.33,47,16,-0.057028122738046964,0.1514434814453125,8.369049465807056,0.7453193068504333,0.38922783732414246,0.34243765473365784,0.35765790939331055,-0.06500894112797176,0.16653667390346527,8.416077726893574,0.7440944910049438,0.3892073929309845,0.34288516640663147,0.3699190616607666,-0.007980818389924794,0.015093192458152771,0.0470282610865187,-0.001224815845489502,-2.0444393157958984e-05,0.0004475116729736328,0.012261152267456055
10393,34186,5,good,0.05302703380584717,0.2841,3.24,48,16,0.11536427367624524,0.2556447684764862,7.526809768080877,0.6996394395828247,0.7965269088745117,0.43986523151397705,0.4372856318950653,0.12426284650127123,0.26391318440437317,7.596327810151404,0.696495532989502,0.8015828132629395,0.44849079847335815,0.461675763130188,0.008898572825025985,0.008268415927886963,0.06951804207052703,-0.003143906593322754,0.005055904388427734,0.008625566959381104,0.02439013123512268
10507,8435,2,good,0.04753386974334717,0.2857,3.21,48,16,0.1762752968974935,0.12721361219882965,9.564487979668886,0.723677933216095,0.6223350167274475,0.47048479318618774,0.2555355429649353,0.1738588676099595,0.13448269665241241,9.625140613367186,0.733984112739563,0.6360437273979187,0.4722491502761841,0.2560221552848816,-0.0024164292875339943,0.007269084453582764,0.06065263369830021,0.010306179523468018,0.013708710670471191,0.0017643570899963379,0.00048661231994628906
11159,26372,2,good,0.08849751949310303,0.2735,3.4,47,16,0.04071300458059061,0.05468880012631416,9.344067733325778,0.7505480647087097,0.6804161071777344,0.5133153200149536,0.38016796112060547,0.03634684434728161,0.05725568160414696,9.379320908889504,0.7559929490089417,0.6912484169006348,0.4967882037162781,0.38446885347366333,-0.004366160233308998,0.002566881477832794,0.0352531755637262,0.005444884300231934,0.01083230972290039,-0.016527116298675537,0.004300892353057861
11521,8109,2,good,0.10433977842330933,0.2687,3.47,46,16,-0.30499646924296103,0.24765218794345856,9.030611510018108,0.8705689907073975,0.7744990587234497,0.43452879786491394,0.33941832184791565,-0.3039001481610402,0.30983325839042664,9.134790972866808,0.858471155166626,0.7806037068367004,0.436393141746521,0.37884536385536194,0.0010963210819208147,0.06218107044696808,0.10417946284870006,-0.012097835540771484,0.006104648113250732,0.0018643438816070557,0.03942704200744629
11942,24640,5,good,0.01986461877822876,0.294,3.09,49,16,0.07838942990143483,0.23616869747638702,11.15015101409317,0.628415584564209,0.8114711046218872,0.49394112825393677,0.5041841268539429,0.0838510253327047,0.2440706044435501,11.208672967789674,0.6340603232383728,0.842228889465332,0.49022117257118225,0.502034604549408,0.0054615954312698806,0.007901906967163086,0.058521953696503815,0.005644738674163818,0.030757784843444824,-0.0037199556827545166,-0.002149522304534912
12937,56751,2,good,0.05483180284500122,0.2836,3.25,48,16,0.2976775866773616,0.21195638179779053,8.466721340434267,0.7115010023117065,0.8386834263801575,0.36063480377197266,0.3635300099849701,0.29406269018795583,0.23229743540287018,8.504217492394913,0.7132078409194946,0.8327821493148804,0.36244678497314453,0.3670715093612671,-0.0036148964894057722,0.02034105360507965,0.03749615196064582,0.001706838607788086,-0.0059012770652771,0.001811981201171875,0.003541499376296997
14594,4325,2,good,0.17919999361038208,0.2462,3.81,44,16,-0.09500283671375861,0.24167121946811676,8.049444054315275,0.8069808483123779,0.7590976357460022,0.41990038752555847,0.2812516689300537,-0.09904049676634911,0.24802452325820923,8.11664613402965,0.8085377216339111,0.7585870027542114,0.42390596866607666,0.29040759801864624,-0.0040376600525905,0.006353303790092468,0.06720207971437553,0.0015568733215332031,-0.0005106329917907715,0.0040055811405181885,0.00915592908859253
14644,28096,2,good,0.07529330253601074,0.2774,3.34,47,16,0.4864870777022978,0.28092581033706665,9.407510694543578,0.7377161979675293,0.76180499792099,0.4731242060661316,0.3494775593280792,0.49273057626936145,0.29265132546424866,9.534444879496307,0.7098021507263184,0.7561745047569275,0.47791382670402527,0.3773356080055237,0.006243498567063632,0.011725515127182007,0.126934184952729,-0.027914047241210938,-0.0056304931640625,0.004789620637893677,0.027858048677444458
15819,28068,4,good,0.1551784873008728,0.2534,3.7,45,16,-0.05224247315345709,0.12131430953741074,9.290721995468639,0.5830224752426147,0.7828768491744995,0.4820071756839752,0.4396147131919861,-0.056158383634002315,0.1361703723669052,9.382136908997582,0.5935024619102478,0.8378854990005493,0.4825194776058197,0.4477960467338562,-0.003915910480545223,0.014856062829494476,0.09141491352894349,0.010479986667633057,0.055008649826049805,0.0005123019218444824,0.008181333541870117
16063,11159,2,good,0.01577049493789673,0.2953,3.07,49,16,0.3091015478349684,0.09714706987142563,11.587248345783806,0.6298447847366333,0.8125876188278198,0.6622737646102905,0.5424380302429199,0.316683376986794,0.10528003424406052,11.684505333104784,0.6126289963722229,0.7913499474525452,0.664197564125061,0.5321915149688721,0.007581829151825592,0.008132964372634888,0.09725698732097854,-0.0172157883644104,-0.021237671375274658,0.0019237995147705078,-0.010246515274047852
16421,61122,4,good,0.038102686405181885,0.2886,3.17,48,16,0.14688031224120562,0.15276898443698883,10.357541572814256,0.7075464725494385,0.7513810992240906,0.43946120142936707,0.23629863560199738,0.13988986502059486,0.15959642827510834,10.46994298712792,0.7002500295639038,0.7522281408309937,0.44430261850357056,0.2382853627204895,-0.006990447220610763,0.006827443838119507,0.11240141431366446,-0.007296442985534668,0.0008470416069030762,0.004841417074203491,0.0019867271184921265
16917,12634,2,good,0.0668177604675293,0.28,3.3,47,16,0.4483438341485306,0.22378599643707275,9.28346290098305,0.7108359336853027,0.7270728945732117,0.3922848701477051,0.2751282751560211,0.44948119017428656,0.23610036075115204,9.353038967585409,0.7108433842658997,0.7618654370307922,0.3948178291320801,0.28103315830230713,0.0011373560257559867,0.012314364314079285,0.06957606660235882,7.450580596923828e-06,0.034792542457580566,0.002532958984375,0.005904883146286011
17048,37736,3,good,0.015576064586639404,0.2953,3.07,49,16,0.44072837594097736,0.28552529215812683,12.2704008986947,0.6350470185279846,0.6579868793487549,0.49325454235076904,0.4290107488632202,0.44401515466641917,0.3053865134716034,12.378573703042651,0.6239597201347351,0.6481436491012573,0.4936218559741974,0.42897674441337585,0.003286778725441808,0.019861221313476562,0.10817280434795151,-0.011087298393249512,-0.009843230247497559,0.0003673136234283447,-3.400444984436035e-05
17230,57443,3,good,0.1125994324684143,0.2662,3.51,46,16,0.30139482868703815,0.2205955535173416,8.052419705695732,0.6687144041061401,0.7211259007453918,0.4590558707714081,0.34573084115982056,0.2991087581042311,0.2243373990058899,8.090704625447747,0.6630999445915222,0.7152343988418579,0.45261651277542114,0.34603971242904663,-0.0022860705828070538,0.003741845488548279,0.03828491975201587,-0.00561445951461792,-0.0058915019035339355,-0.0064393579959869385,0.0003088712692260742
17369,47687,4,good,0.061928749084472656,0.2814,3.28,48,16,0.03281680204024922,0.10655346512794495,7.842938055628138,0.6526373028755188,0.4809621274471283,0.3826446533203125,0.42118436098098755,0.029885979705309464,0.11239317804574966,7.879101850470858,0.6605557799339294,0.49346598982810974,0.3917176425457001,0.41916775703430176,-0.002930822334939756,0.005839712917804718,0.03616379484271981,0.007918477058410645,0.012503862380981445,0.009072989225387573,-0.002016603946685791
17485,53858,3,good,0.10574257373809814,0.2683,3.48,46,16,0.2972243877813254,0.29905804991722107,10.196310144730017,0.6528677940368652,0.8483637571334839,0.46707814931869507,0.4411415457725525,0.2942160989984369,0.3183117210865021,10.249175853699162,0.6569740772247314,0.8425564765930176,0.46877148747444153,0.4499439597129822,-0.003008288782888502,0.019253671169281006,0.05286570896914533,0.004106283187866211,-0.005807280540466309,0.00169333815574646,0.008802413940429688
19642,56695,5,good,0.0648031234741211,0.2806,3.29,48,16,-0.006573369532783527,0.11884549260139465,7.763094331274001,0.6745129823684692,0.6506580114364624,0.3988286852836609,0.3435424566268921,-0.006587540274890667,0.12153005599975586,7.8428442669318965,0.6755964756011963,0.6425893902778625,0.4020032286643982,0.3444899320602417,-1.417074210713961e-05,0.002684563398361206,0.07974993565789568,0.0010834932327270508,-0.008068621158599854,0.0031745433807373047,0.0009474754333496094
20064,65414,2,good,0.041445136070251465,0.2876,3.19,48,16,0.25071594256547775,0.08876195549964905,10.221736909904175,0.6544008255004883,0.8061942458152771,0.42017504572868347,0.31838351488113403,0.25252152760157964,0.09515031427145004,10.281257241098377,0.6382784843444824,0.7998787760734558,0.4195503890514374,0.32892054319381714,0.0018055850361018977,0.006388358771800995,0.05952033119420186,-0.01612234115600586,-0.006315469741821289,-0.0006246566772460938,0.010537028312683105
21108,22587,2,good,0.10207128524780273,0.2694,3.46,46,16,0.0010259572799046664,0.4985707998275757,12.53895073832524,0.5634062886238098,0.7856364250183105,0.5547043085098267,0.4769376218318939,0.0018009483711544612,0.5069040656089783,12.575836834032758,0.5763745903968811,0.8163135051727295,0.5561489462852478,0.47454947233200073,0.0007749910912497949,0.008333265781402588,0.03688609570751744,0.012968301773071289,0.030677080154418945,0.0014446377754211426,-0.0023881494998931885
21553,72510,3,good,0.01480334997177124,0.2956,3.07,49,16,0.8031544126251332,0.41581571102142334,14.202774165884342,0.5668826103210449,0.8049461245536804,0.5700644254684448,0.4738488793373108,0.8055171178197954,0.4252978265285492,14.267451434555976,0.5618535280227661,0.7788572311401367,0.5713115930557251,0.4501022696495056,0.0023627051946621958,0.009482115507125854,0.06467726867163393,-0.005029082298278809,-0.0260888934135437,0.0012471675872802734,-0.023746609687805176
22138,72605,2,good,0.050086379051208496,0.285,3.23,48,16,0.6791493481500173,0.3171961009502411,11.97580803813869,0.5745640397071838,0.9338997602462769,0.5482319593429565,0.36982882022857666,0.6779458603442569,0.3272010385990143,11.960129545372215,0.5750848054885864,0.9203245043754578,0.544086754322052,0.37853261828422546,-0.001203487805760406,0.010004937648773193,-0.01567849276647415,0.0005207657814025879,-0.013575255870819092,-0.004145205020904541,0.008703798055648804
22515,29711,5,good,0.01533430814743042,0.2954,3.07,49,16,0.3183680671393559,0.24214310944080353,9.159470633636104,0.7024527192115784,0.7605938911437988,0.4785761833190918,0.4035530686378479,0.31461840832590987,0.27133533358573914,9.24530850915507,0.6707824468612671,0.8203469514846802,0.47903770208358765,0.41765040159225464,-0.003749658813446022,0.029192224144935608,0.08583787551896549,-0.03167027235031128,0.05975306034088135,0.0004615187644958496,0.014097332954406738
22845,40840,2,good,0.03465878963470459,0.2896,3.16,48,16,0.10780674547250303,0.04288335144519806,9.277445902938254,0.5610746741294861,0.8730814456939697,0.46080225706100464,0.31245166063308716,0.11174034640576958,0.045625146478414536,9.312590652290911,0.5566161274909973,0.8610857725143433,0.45953306555747986,0.31447479128837585,0.003933600933266543,0.0027417950332164764,0.0351447493526571,-0.0044585466384887695,-0.011995673179626465,-0.0012691915035247803,0.0020231306552886963
22886,21192,2,good,0.06265515089035034,0.2812,3.28,48,16,0.1443758877376081,0.1683971881866455,9.612899514714915,0.6170750856399536,0.6467664241790771,0.40890297293663025,0.42390644550323486,0.14200617784230576,0.17614640295505524,9.697044247464511,0.6164568662643433,0.6215001344680786,0.41563332080841064,0.4174991846084595,-0.00236970989530233,0.007749214768409729,0.08414473274959633,-0.0006182193756103516,-0.025266289710998535,0.0067303478717803955,-0.006407260894775391
24530,47598,4,good,0.1421474814414978,0.2574,3.64,45,16,-0.011891896266319873,0.07677466422319412,7.514992514629595,0.6517011523246765,0.7562084794044495,0.43323034048080444,0.32983046770095825,-0.013340659971817896,0.08184342831373215,7.577039778211941,0.6365271806716919,0.7637248039245605,0.424518346786499,0.3244405686855316,-0.0014487637054980233,0.005068764090538025,0.06204726358234591,-0.01517397165298462,0.007516324520111084,-0.00871199369430542,-0.005389899015426636
25111,72257,5,good,0.05981588363647461,0.2821,3.27,48,16,0.35673938176597747,0.12600894272327423,11.44460972954011,0.5710146427154541,0.7364757657051086,0.5505908131599426,0.45892250537872314,0.35602008899682086,0.14001581072807312,11.536655509310307,0.5658297538757324,0.721766471862793,0.5445073246955872,0.43842536211013794,-0.0007192927691566098,0.01400686800479889,0.09204577977019746,-0.00518488883972168,-0.014709293842315674,-0.006083488464355469,-0.020497143268585205
25268,7944,2,good,0.053369998931884766,0.284,3.24,48,16,0.13057317728463233,0.04379202798008919,9.658177364889816,0.6411982178688049,0.9039890766143799,0.47338390350341797,0.3269091248512268,0.13045091673933187,0.046762753278017044,9.71540762028633,0.6498399972915649,0.8828574419021606,0.46511560678482056,0.32774436473846436,-0.0001222605453004566,0.0029707252979278564,0.057230255396513385,0.00864177942276001,-0.02113163471221924,-0.008268296718597412,0.0008352398872375488
25711,4930,2,good,0.05477142333984375,0.2836,3.25,48,16,-0.19180700606799905,0.16647768020629883,9.454519119187148,0.8017880320549011,0.6132291555404663,0.508255124092102,0.3084096908569336,-0.20295921098477257,0.18321390450000763,9.486395662170695,0.8046619296073914,0.6810130476951599,0.5025345683097839,0.29755914211273193,-0.011152204916773517,0.0167362242937088,0.031876542983546585,0.0028738975524902344,0.0677838921546936,-0.005720555782318115,-0.01085054874420166
26780,8843,4,good,0.0931706428527832,0.272,3.42,47,16,-0.13504446026466138,0.12905842065811157,11.603805451237763,0.6545107364654541,0.691251277923584,0.40864014625549316,0.3886649012565613,-0.13975860793720396,0.16649480164051056,11.676728677610331,0.663536548614502,0.6537021994590759,0.41164249181747437,0.3809087872505188,-0.004714147672542579,0.03743638098239899,0.0729232263725681,0.009025812149047852,-0.03754907846450806,0.003002345561981201,-0.0077561140060424805
27580,33245,2,good,0.005991458892822266,0.2982,3.03,49,16,-0.0936367427640212,0.2481960505247116,10.719766623553468,0.7920253276824951,0.8734042644500732,0.5152478814125061,0.3447485864162445,-0.09390016001110665,0.28446120023727417,10.844749103981592,0.7879635691642761,0.8704109191894531,0.5134896039962769,0.36562398076057434,-0.0002634172470854512,0.03626514971256256,0.12498248042812321,-0.004061758518218994,-0.002993345260620117,-0.001758277416229248,0.020875394344329834
27878,38246,2,good,0.03021419048309326,0.2909,3.14,49,16,-0.03538140379785664,0.13001161813735962,11.962735376387938,0.6601629257202148,0.9332778453826904,0.5050635933876038,0.40589573979377747,-0.04569514571216778,0.1467915177345276,12.071097059791423,0.6948724985122681,0.9245589375495911,0.4867982864379883,0.38067707419395447,-0.010313741914311142,0.01677989959716797,0.10836168340348529,0.03470957279205322,-0.008718907833099365,-0.01826530694961548,-0.025218665599822998
28024,10105,2,good,0.04574549198150635,0.2863,3.21,48,16,0.4865288336678042,0.48091554641723633,13.310790818077153,0.41521549224853516,0.7344996333122253,0.6622834205627441,0.6437489986419678,0.48707892482598075,0.49337875843048096,13.458442992500853,0.41891753673553467,0.7562224268913269,0.6677087545394897,0.6489896178245544,0.0005500911581765577,0.012463212013244629,0.14765217442369938,0.0037020444869995117,0.021722793579101562,0.0054253339767456055,0.00524061918258667
28745,44097,4,good,0.03157484531402588,0.2905,3.14,49,16,-0.1483267208955968,0.07280822843313217,7.9610304118483395,0.5922467708587646,0.7861952185630798,0.45072585344314575,0.3266175389289856,-0.15459814509317407,0.08011078834533691,7.988601528741356,0.6058622598648071,0.8171043395996094,0.43963176012039185,0.2992602586746216,-0.0062714241975772855,0.007302559912204742,0.027571116893016168,0.01361548900604248,0.03090912103652954,-0.011094093322753906,-0.027357280254364014
28751,6640,2,good,0.02538907527923584,0.2924,3.11,49,16,0.08634793283891076,0.0939558818936348,7.49156646889662,0.697930097579956,0.9351896047592163,0.4974229335784912,0.41428571939468384,0.08184976276078178,0.10159898549318314,7.494536895580408,0.6958204507827759,0.9375776052474976,0.49446290731430054,0.4005664885044098,-0.004498170078128985,0.00764310359954834,0.0029704266837882187,-0.0021096467971801758,0.00238800048828125,-0.002960026264190674,-0.013719230890274048
29660,64893,2,good,0.051668405532836914,0.2845,3.23,48,16,0.05574409454054089,0.1519450694322586,6.4607228263230905,0.7217347621917725,0.8484981060028076,0.41029953956604004,0.4007733464241028,0.05475918837126642,0.15573740005493164,6.50879343588487,0.721687912940979,0.8726712465286255,0.4064456820487976,0.3947266936302185,-0.0009849061692744701,0.0037923306226730347,0.048070609561779776,-4.684925079345703e-05,0.02417314052581787,-0.0038538575172424316,-0.006046652793884277
30847,33171,3,good,0.026253819465637207,0.2921,3.12,49,16,-0.24593406496355333,0.04443083330988884,8.48405829379952,0.679542601108551,0.8896210193634033,0.5093822479248047,0.4335273206233978,-0.24881498459110293,0.0432162843644619,8.54247122018888,0.6944803595542908,0.9106081128120422,0.4931189715862274,0.4177197217941284,-0.002880919627549605,-0.001214548945426941,0.05841292638935869,0.014937758445739746,0.020987093448638916,-0.01626327633857727,-0.01580759882926941
30856,51788,3,good,0.004936158657073975,0.2985,3.02,49,16,0.24065435613248798,0.5175697803497314,12.033052383512457,0.6546339988708496,0.5646544694900513,0.6611896753311157,0.4779245853424072,0.24096419311017253,0.5287511944770813,12.094796654733571,0.6489412188529968,0.610314667224884,0.6695700287818909,0.4681415855884552,0.0003098369776845522,0.011181414127349854,0.06174427122111403,-0.005692780017852783,0.045660197734832764,0.008380353450775146,-0.009782999753952026
30887,46274,2,good,0.002892613410949707,0.2991,3.01,49,16,0.2957050361354152,0.17118693888187408,9.023194300549406,0.7054339051246643,0.8216845989227295,0.43066930770874023,0.34871935844421387,0.30495620831242704,0.17850065231323242,9.117141033405474,0.7062703371047974,0.8400979042053223,0.4269832968711853,0.33809134364128113,0.009251172177011824,0.007313713431358337,0.09394673285606814,0.0008364319801330566,0.018413305282592773,-0.0036860108375549316,-0.01062801480293274
31233,6489,2,good,0.049274563789367676,0.2852,3.22,48,16,0.10557903955772308,0.11957765370607376,8.615202930310032,0.666761040687561,0.8208620548248291,0.43673959374427795,0.4603934586048126,0.10958616083633377,0.13648247718811035,8.690491580895053,0.6764673590660095,0.8208014965057373,0.4366353750228882,0.46723464131355286,0.0040071212786106924,0.01690482348203659,0.07528865058502099,0.009706318378448486,-6.0558319091796875e-05,-0.00010421872138977051,0.006841182708740234
31837,28788,2,good,0.03993058204650879,0.288,3.18,48,16,0.3052728796051202,0.33165666460990906,12.573462229102411,0.6320374608039856,0.8431683778762817,0.5146471858024597,0.5566226243972778,0.30571942405414915,0.35399624705314636,12.667131730491207,0.6230709552764893,0.8262042999267578,0.5243110656738281,0.5619479417800903,0.00044654444902897383,0.022339582443237305,0.0936695013887956,-0.008966505527496338,-0.016964077949523926,0.009663879871368408,0.0053253173828125
31936,34186,2,good,0.04743516445159912,0.2858,3.21,48,16,0.19072415773040885,0.2687534987926483,8.571382975806099,0.7447521090507507,0.8686067461967468,0.4465332627296448,0.40089577436447144,0.18114966285683126,0.27067598700523376,8.616774729881332,0.7429250478744507,0.8695101737976074,0.4474583566188812,0.40497416257858276,-0.009574494873577588,0.0019224882125854492,0.04539175407523288,-0.0018270611763000488,0.0009034276008605957,0.0009250938892364502,0.004078388214111328
33289,24480,2,good,0.01689523458480835,0.2949,3.08,49,16,0.08643612126679627,0.11055171489715576,10.241264474398609,0.6374388337135315,0.8180331587791443,0.5216816663742065,0.46248939633369446,0.09164631928102986,0.12813976407051086,10.396418248146372,0.6237965226173401,0.835167646408081,0.5243083238601685,0.4537314474582672,0.005210198014233586,0.017588049173355103,0.15515377374776307,-0.013642311096191406,0.017134487628936768,0.002626657485961914,-0.008757948875427246
33752,61216,4,good,0.09144461154937744,0.2726,3.41,47,16,8.66198556903688e-05,0.08661254495382309,8.372949716411323,0.700053334236145,0.805302619934082,0.3879656493663788,0.3824446201324463,0.0025066899944364753,0.09567222744226456,8.462040003511799,0.7086629867553711,0.8227620124816895,0.382712185382843,0.3801255226135254,0.0024200701387461065,0.009059682488441467,0.08909028710047551,0.008609652519226074,0.017459392547607422,-0.005253463983535767,-0.0023190975189208984
34603,67829,2,good,0.21735548973083496,0.2348,3.98,43,16,0.30671234332270036,0.2250431925058365,10.74689107778229,0.626190185546875,0.6311416029930115,0.47439345717430115,0.39386653900146484,0.31611200557828184,0.2504728436470032,10.860248902888543,0.6160223484039307,0.6436837315559387,0.474570095539093,0.38020169734954834,0.009399662255581476,0.025429651141166687,0.11335782510625236,-0.010167837142944336,0.012542128562927246,0.00017663836479187012,-0.013664841651916504
35752,24640,2,good,0.02461695671081543,0.2926,3.11,49,16,-0.2039349629851474,0.1304274946451187,8.630597716707767,0.705101490020752,0.8282731771469116,0.5304529070854187,0.39881011843681335,-0.1955929416640836,0.13327106833457947,8.719181221271528,0.7194902300834656,0.8433693051338196,0.5240321159362793,0.39016079902648926,0.008342021321063792,0.0028435736894607544,0.0885835045637613,0.014388740062713623,0.015096127986907959,-0.006420791149139404,-0.008649319410324097
36258,60834,2,good,0.010343313217163086,0.2969,3.05,49,16,0.1958522567852713,0.09066756814718246,10.732560797216363,0.542471706867218,0.9483975768089294,0.5422156453132629,0.46982699632644653,0.2057108807092697,0.09518715739250183,10.833405062905708,0.528579831123352,0.9350861310958862,0.5393257737159729,0.46770673990249634,0.009858623923998416,0.0045195892453193665,0.10084426568934468,-0.013891875743865967,-0.013311445713043213,-0.002889871597290039,-0.0021202564239501953
36682,62302,2,good,0.07762575149536133,0.2767,3.35,47,16,0.2206858879232788,0.2102435678243637,8.030381903897077,0.7490254044532776,0.7471371293067932,0.436178058385849,0.3297777771949768,0.21741667864715447,0.21698696911334991,8.033373533413048,0.7426451444625854,0.7362381815910339,0.4478067457675934,0.34134843945503235,-0.0032692092761243408,0.006743401288986206,0.002991629515971539,-0.006380259990692139,-0.010898947715759277,0.011628687381744385,0.011570662260055542
36910,22772,4,good,0.0392342209815979,0.2882,3.18,48,16,-0.06350199651488307,0.05954417586326599,6.875863434099536,0.7226377725601196,0.7407267093658447,0.4703141152858734,0.2839824855327606,-0.07208690458542201,0.06498569995164871,6.877594799075477,0.7337174415588379,0.7375943660736084,0.4572782814502716,0.27678540349006653,-0.008584908070538938,0.005441524088382721,0.0017313649759413963,0.011079668998718262,-0.003132343292236328,-0.013035833835601807,-0.007197082042694092
36978,4768,2,good,0.006275653839111328,0.2981,3.03,49,16,0.047766949632987304,0.10285589843988419,8.284112070722022,0.7198278903961182,0.6663609743118286,0.3332601487636566,0.2907522916793823,0.045187282357914756,0.11158382892608643,8.333289517132657,0.6954203248023987,0.6878088712692261,0.3376745879650116,0.2941536605358124,-0.002579667275072549,0.00872793048620224,0.04917744641063493,-0.024407565593719482,0.02144789695739746,0.0044144392013549805,0.0034013688564300537
37608,20820,2,good,0.06311684846878052,0.2811,3.28,48,16,0.14207567004749816,0.2133324146270752,11.36935971917826,0.6260035634040833,0.821091890335083,0.5329501628875732,0.37535059452056885,0.14345297197377696,0.24833397567272186,11.418733325560897,0.6325242519378662,0.8221770524978638,0.5214770436286926,0.3558865785598755,0.001377301926278801,0.03500156104564667,0.04937360638263755,0.006520688533782959,0.0010851621627807617,-0.011473119258880615,-0.01946401596069336
38246,46806,3,good,0.09206408262252808,0.2724,3.41,47,16,-0.05783900778131365,0.1446112096309662,11.280733637114546,0.675957441329956,0.743155837059021,0.48299211263656616,0.3915920555591583,-0.05057075921238541,0.1698293685913086,11.489258113055762,0.6926983594894409,0.7641065716743469,0.4780612885951996,0.3871743381023407,0.007268248568928243,0.025218158960342407,0.20852447594121593,0.016740918159484863,0.020950734615325928,-0.004930824041366577,-0.004417717456817627
38297,70671,2,good,0.17634397745132446,0.2471,3.79,44,16,0.3164089738232392,0.19166870415210724,9.547900759773913,0.6828081607818604,0.6386463642120361,0.4191865921020508,0.3701987862586975,0.32317142014530453,0.20048992335796356,9.624187105476654,0.6881625652313232,0.6672022342681885,0.42065826058387756,0.35150057077407837,0.006762446322065352,0.008821219205856323,0.07628634570274073,0.005354404449462891,0.028555870056152344,0.0014716684818267822,-0.01869821548461914
39058,25741,2,good,0.17948168516159058,0.2462,3.81,44,16,0.23947260274784568,0.10812870413064957,8.5647717109255,0.659132719039917,0.9328056573867798,0.3480951189994812,0.3469194769859314,0.2347176027372393,0.11652245372533798,8.590094296379965,0.6607055068016052,0.927963137626648,0.34895065426826477,0.3672424852848053,-0.004755000010606386,0.008393749594688416,0.02532258545446453,0.0015727877616882324,-0.004842519760131836,0.0008555352687835693,0.0203230082988739
39841,25959,2,good,0.08335596323013306,0.275,3.38,47,16,-0.07335735006852258,0.1634833812713623,8.636133145128479,0.6391041278839111,0.5894491076469421,0.36705902218818665,0.3559456467628479,-0.0722906326123966,0.17617572844028473,8.744894613386109,0.652247428894043,0.6209761500358582,0.3718661367893219,0.35836488008499146,0.001066717456125979,0.012692347168922424,0.10876146825762945,0.013143301010131836,0.031527042388916016,0.004807114601135254,0.0024192333221435547
40935,38641,2,good,0.13997817039489746,0.258,3.63,45,16,0.07529109227756316,0.10405680537223816,7.930712427157243,0.6732946038246155,0.8614912033081055,0.4091012477874756,0.4362243413925171,0.07459286626429813,0.11051959544420242,8.018204068299399,0.6819460988044739,0.8482770919799805,0.4094737768173218,0.4310302436351776,-0.0006982260132650242,0.006462790071964264,0.08749164114215624,0.008651494979858398,-0.013214111328125,0.0003725290298461914,-0.0051940977573394775
41137,33543,4,good,0.1719011664390564,0.2484,3.77,44,16,0.49897755565654905,0.26827338337898254,9.570162894024538,0.5636052489280701,0.7850248217582703,0.44579407572746277,0.32292112708091736,0.5027756506338823,0.2717091143131256,9.592310303798394,0.5604417324066162,0.7670941948890686,0.4492684304714203,0.3261720836162567,0.003798094977333244,0.0034357309341430664,0.022147409773856097,-0.0031635165214538574,-0.01793062686920166,0.0034743547439575195,0.0032509565353393555
41566,72948,2,good,0.02406233549118042,0.2928,3.11,49,16,0.17516699485355147,0.22861172258853912,8.580182348645351,0.685598611831665,0.7661577463150024,0.42176368832588196,0.4388115406036377,0.17547257486584997,0.24136744439601898,8.643112377250835,0.681236207485199,0.7648513913154602,0.4249321222305298,0.44327062368392944,0.0003055800122984953,0.012755721807479858,0.06293002860548391,-0.0043624043464660645,-0.0013063549995422363,0.003168433904647827,0.004459083080291748
42648,24846,2,good,0.1416671872138977,0.2575,3.64,45,16,0.45006018222608973,0.21479131281375885,11.908274878611174,0.6478033661842346,0.721482515335083,0.6442387700080872,0.524781346321106,0.4506656983488647,0.24030394852161407,11.983418979082982,0.6260885000228882,0.713971734046936,0.639756441116333,0.5227680802345276,0.000605516122774985,0.025512635707855225,0.07514410047180853,-0.021714866161346436,-0.007510781288146973,-0.00448232889175415,-0.002013266086578369
42851,44971,2,good,0.012009620666503906,0.2964,3.05,49,16,-0.08292600283684459,0.0991993322968483,9.163089918258931,0.7862465381622314,0.617122232913971,0.37660983204841614,0.3270126283168793,-0.07998730385214292,0.10169640928506851,9.175514529416324,0.7795888781547546,0.6419075131416321,0.3785974979400635,0.33460119366645813,0.002938698984701671,0.002497076988220215,0.012424611157392462,-0.006657660007476807,0.024785280227661133,0.001987665891647339,0.007588565349578857
43107,51745,2,good,0.06783050298690796,0.2797,3.31,47,16,-0.06242768890824454,0.030613521113991737,7.4593072257741975,0.7234591245651245,0.6863579154014587,0.4967345595359802,0.42564713954925537,-0.06345686733631441,0.035437654703855515,7.534343013028586,0.7405486106872559,0.7248193025588989,0.4846862554550171,0.38423579931259155,-0.0010291784280698699,0.004824133589863777,0.07503578725438853,0.017089486122131348,0.038461387157440186,-0.012048304080963135,-0.04141134023666382
44369,67802,2,good,0.009464502334594727,0.2972,3.04,49,16,0.20883137477368788,0.40796947479248047,10.819010454108131,0.5420721173286438,0.7136638760566711,0.508050799369812,0.4245704412460327,0.2104396693973372,0.4590732157230377,10.815852514953065,0.5422574877738953,0.692101240158081,0.5125682353973389,0.4242902398109436,0.001608294623649309,0.05110374093055725,-0.003157939155066458,0.00018537044525146484,-0.021562635898590088,0.0045174360275268555,-0.00028020143508911133
46460,16616,2,good,0.005501508712768555,0.2983,3.02,49,16,0.1913888749024759,0.21114064753055573,10.857444649870923,0.7386236786842346,0.8207072019577026,0.42603012919425964,0.40107426047325134,0.20219107029267933,0.23508918285369873,10.943069890387457,0.7334392070770264,0.8346640467643738,0.43121832609176636,0.40426287055015564,0.01080219539020344,0.023948535323143005,0.08562524051653497,-0.005184471607208252,0.013956844806671143,0.005188196897506714,0.003188610076904297
47290,41482,2,good,0.03130340576171875,0.2906,3.14,49,16,0.1840234240524809,0.14901910722255707,10.776694224256289,0.6901388168334961,0.8235470652580261,0.46137121319770813,0.418179452419281,0.19351557710790737,0.16039995849132538,10.920182600868253,0.690143883228302,0.8108335733413696,0.4591221511363983,0.4226897358894348,0.009492153055426472,0.01138085126876831,0.14348837661196434,5.066394805908203e-06,-0.012713491916656494,-0.0022490620613098145,0.004510283470153809
48260,22530,3,good,0.201852947473526,0.2394,3.91,43,16,0.04618385540786137,0.13013005256652832,8.703941045267182,0.6198207139968872,0.5243260264396667,0.41279077529907227,0.283407598733902,0.0434472640697916,0.13305418193340302,8.730021144574128,0.6197774410247803,0.5160923600196838,0.4060720205307007,0.2965877652168274,-0.00273659133806977,0.002924129366874695,0.026080099306945215,-4.3272972106933594e-05,-0.00823366641998291,-0.006718754768371582,0.013180166482925415
48422,29980,3,good,0.10062479972839355,0.2698,3.45,46,16,0.34473596266074574,0.162862166762352,10.456226576712703,0.651949405670166,0.7216167449951172,0.42871323227882385,0.3307033181190491,0.35668726188190236,0.17095784842967987,10.576417608238595,0.6438077688217163,0.713367223739624,0.42422816157341003,0.3389384150505066,0.01195129922115662,0.00809568166732788,0.12019103152589139,-0.008141636848449707,-0.008249521255493164,-0.004485070705413818,0.00823509693145752
48679,60305,2,good,0.06485539674758911,0.2805,3.29,48,16,0.01435598758280349,0.21787603199481964,11.544671580440502,0.687914252281189,0.7401955723762512,0.42924684286117554,0.37928855419158936,0.008399486649204896,0.23642663657665253,11.579056208189426,0.6911165714263916,0.706404447555542,0.4325418770313263,0.3952900767326355,-0.005956500933598594,0.018550604581832886,0.034384627748924146,0.0032023191452026367,-0.03379112482070923,0.003295034170150757,0.016001522541046143
48681,38641,3,good,0.0722583532333374,0.2783,3.33,47,16,0.3231948734754256,0.18306775391101837,8.987907038034331,0.6896553635597229,0.8824938535690308,0.35215187072753906,0.40271782875061035,0.31844315707174065,0.19806332886219025,9.01291614170277,0.6969295144081116,0.8521334528923035,0.35312560200691223,0.3953816890716553,-0.004751716403684936,0.014995574951171875,0.025009103668438115,0.007274150848388672,-0.030360400676727295,0.0009737312793731689,-0.007336139678955078
48832,21526,2,good,0.09484314918518066,0.2715,3.43,47,16,-0.04581185484366439,0.29878559708595276,9.254315874532248,0.6228711605072021,0.7879430055618286,0.49307286739349365,0.35313305258750916,-0.0341320470992907,0.3118636906147003,9.34024218272783,0.6444190740585327,0.7857432961463928,0.4905204176902771,0.3546302318572998,0.011679807744373688,0.013078093528747559,0.08592630819558167,0.021547913551330566,-0.002199709415435791,-0.0025524497032165527,0.0014971792697906494
51052,15364,2,good,0.32290220260620117,0.2031,4.45,40,16,0.42582389603475357,0.20819078385829926,8.212039540666911,0.6953027248382568,0.5533004999160767,0.3374040424823761,0.2878720164299011,0.42587850786873854,0.21453696489334106,8.256281220025045,0.6951562762260437,0.5635249614715576,0.3354237675666809,0.2837780714035034,5.461183398497438e-05,0.006346181035041809,0.04424167935813372,-0.00014644861221313477,0.010224461555480957,-0.0019802749156951904,-0.004093945026397705
52394,47656,2,good,0.04372304677963257,0.2869,3.2,48,16,0.3427738099918542,0.20848049223423004,9.134020777643995,0.6335305571556091,0.7961772084236145,0.41993555426597595,0.3822559118270874,0.34351134836183417,0.23072601854801178,9.201424679719585,0.6281576156616211,0.7899515628814697,0.42339026927948,0.3848297595977783,0.0007375383699799731,0.02224552631378174,0.06740390207558988,-0.005372941493988037,-0.006225645542144775,0.0034547150135040283,0.002573847770690918
53070,8843,2,good,0.04644399881362915,0.2861,3.21,48,16,0.13733740608070466,0.15546345710754395,11.291100257305683,0.6412245035171509,0.6615263819694519,0.4478028416633606,0.423475980758667,0.14053906981334605,0.2235536426305771,11.408581123019253,0.6268701553344727,0.6801698207855225,0.4452943801879883,0.4256959557533264,0.0032016637326413855,0.06809018552303314,0.11748086571357064,-0.014354348182678223,0.018643438816070557,-0.0025084614753723145,0.002219974994659424
53511,11521,2,good,0.10553926229476929,0.2683,3.47,46,16,0.044198077966321796,0.49196887016296387,11.49029047827802,0.6449132561683655,0.8925917744636536,0.45909279584884644,0.4618874192237854,0.039366168593034094,0.5130884647369385,11.565516105892415,0.6344379782676697,0.8741576075553894,0.47086796164512634,0.462032675743103,-0.004831909373287702,0.02111959457397461,0.07522562761439566,-0.0104752779006958,-0.01843416690826416,0.011775165796279907,0.00014525651931762695
53773,64893,3,good,0.03442174196243286,0.2897,3.15,48,16,-0.08072238099806908,0.12606839835643768,6.90241734104541,0.6916204690933228,0.7961589097976685,0.3849337100982666,0.40128228068351746,-0.08236768095972884,0.13243621587753296,6.961765363037954,0.6976828575134277,0.8013393878936768,0.38498958945274353,0.40279489755630493,-0.0016452999616597547,0.006367817521095276,0.05934802199254374,0.0060623884201049805,0.005180478096008301,5.587935447692871e-05,0.0015126168727874756
53881,22263,3,good,0.004814088344573975,0.2986,3.02,49,16,0.048451109313767414,0.0793832466006279,12.643854165281168,0.803235650062561,0.6580080389976501,0.5339825749397278,0.3405876159667969,0.050119803571412144,0.08362773805856705,12.763415062964151,0.8026632070541382,0.6595546007156372,0.5157750844955444,0.3093882203102112,0.0016686942576447303,0.004244491457939148,0.11956089768298384,-0.0005724430084228516,0.0015465617179870605,-0.01820749044418335,-0.031199395656585693
55107,38494,2,good,0.17445307970046997,0.2477,3.79,44,16,0.2589027444364966,0.30075761675834656,8.442089811877814,0.671349823474884,0.4750168025493622,0.41980668902397156,0.3934358060359955,0.25378677988640114,0.3203003704547882,8.47369617145817,0.668816864490509,0.4481927454471588,0.41760581731796265,0.40688642859458923,-0.005115964550095442,0.01954275369644165,0.031606359580356624,-0.002532958984375,-0.02682405710220337,-0.002200871706008911,0.01345062255859375
57046,32910,4,good,0.05760824680328369,0.2827,3.26,48,16,0.06353769916310995,0.1034725084900856,9.7659502742241,0.7811985015869141,0.7144375443458557,0.40555480122566223,0.3353837728500366,0.0635517158430325,0.11310379952192307,9.802070076499291,0.7861956357955933,0.7253270745277405,0.4016215205192566,0.3266676366329193,1.4016679922554398e-05,0.009631291031837463,0.036119802275191404,0.004997134208679199,0.010889530181884766,-0.00393328070640564,-0.00871613621711731
57650,9048,4,good,0.07022666931152344,0.2789,3.32,47,16,0.40486105437502773,0.25672799348831177,10.871002133449428,0.6820089817047119,0.9204010963439941,0.4437251091003418,0.43368956446647644,0.40088567821683024,0.2647426426410675,10.883020718000049,0.6870664358139038,0.9024043083190918,0.4488671123981476,0.4373360872268677,-0.003975376158197486,0.008014649152755737,0.012018584550620659,0.0050574541091918945,-0.017996788024902344,0.005142003297805786,0.0036465227603912354
57681,47687,4,good,0.1915540099143982,0.2425,3.86,44,16,0.0301030544528533,0.08818036317825317,8.142253436716821,0.6425859928131104,0.5794992446899414,0.3400542736053467,0.31892433762550354,0.029842139610764092,0.08973035216331482,8.206761592391999,0.6448725461959839,0.5953705906867981,0.33936864137649536,0.31947970390319824,-0.00026091484208920837,0.0015499889850616455,0.06450815567517765,0.002286553382873535,0.01587134599685669,-0.0006856322288513184,0.0005553662776947021
57822,16252,2,good,0.07796388864517212,0.2766,3.35,47,16,0.2146294748069857,0.03316771984100342,10.389136748911374,0.6914738416671753,0.6011333465576172,0.4246198534965515,0.27487513422966003,0.2149830004593676,0.04305864870548248,10.502459407929353,0.6787335276603699,0.5843369364738464,0.4274046719074249,0.2695213854312897,0.0003535256523819197,0.009890928864479065,0.11332265901797811,-0.01274031400680542,-0.016796410083770752,0.002784818410873413,-0.005353748798370361
58144,66342,2,good,0.05121159553527832,0.2846,3.23,48,16,0.20994404812256118,0.06742797046899796,8.98484472583683,0.6957727670669556,0.63438880443573,0.2841860353946686,0.2128993272781372,0.1997614854325358,0.07217203825712204,8.988404013009696,0.693657636642456,0.6236953139305115,0.27769505977630615,0.21851271390914917,-0.010182562690025376,0.0047440677881240845,0.0035592871728660214,-0.0021151304244995117,-0.010693490505218506,-0.006490975618362427,0.005613386631011963
59046,9462,3,good,0.2804960012435913,0.2159,4.26,41,16,-0.0641814254972102,0.04262937605381012,7.58356169415894,0.6419486403465271,0.6773943901062012,0.3929192125797272,0.28097453713417053,-0.06583722271244344,0.04473989084362984,7.595564022553528,0.644249677658081,0.67291659116745,0.39017897844314575,0.28170108795166016,-0.0016557972152332345,0.0021105147898197174,0.012002328394588702,0.002301037311553955,-0.004477798938751221,-0.002740234136581421,0.000726550817489624
59994,16252,2,good,0.11266538500785828,0.2662,3.51,46,16,0.006589058056160295,0.025825297459959984,9.159115117433489,0.733503520488739,0.6230560541152954,0.4027141034603119,0.34731191396713257,0.011091450711821427,0.028452135622501373,9.300573199495144,0.7261097431182861,0.6360432505607605,0.4115879535675049,0.3260265588760376,0.004502392655661132,0.0026268381625413895,0.14145808206165533,-0.007393777370452881,0.012987196445465088,0.008873850107192993,-0.02128535509109497
61216,64867,4,good,0.10331577062606812,0.269,3.46,46,16,0.27050032065877966,0.15733663737773895,9.460785053238524,0.6852890253067017,0.754166841506958,0.4225430488586426,0.4308437705039978,0.25445569021624154,0.15939722955226898,9.451369640748004,0.6985492706298828,0.7729954123497009,0.4199700653553009,0.43072932958602905,-0.01604463044253812,0.0020605921745300293,-0.00941541249052058,0.013260245323181152,0.01882857084274292,-0.002572983503341675,-0.00011444091796875
61752,21318,3,good,0.17563313245773315,0.2473,3.79,44,16,0.025977002573344392,0.087915800511837,8.763506962152945,0.6894194483757019,0.6475711464881897,0.31418976187705994,0.22845736145973206,0.02612795507710839,0.09239014983177185,8.81470677578596,0.6949731111526489,0.6409725546836853,0.31015488505363464,0.23131081461906433,0.0001509525037639986,0.004474349319934845,0.051199813633013846,0.0055536627769470215,-0.0065985918045043945,-0.004034876823425293,0.0028534531593322754
62015,22967,2,good,0.025005221366882324,0.2925,3.11,49,16,0.06968133151063191,0.18911081552505493,8.850931240693187,0.7719933390617371,0.7382575869560242,0.46160688996315,0.3404540419578552,0.06472590001052596,0.1922958344221115,8.90349165637107,0.765343189239502,0.7554941773414612,0.45669928193092346,0.33870744705200195,-0.004955431500105953,0.0031850188970565796,0.05256041567788294,-0.006650149822235107,0.01723659038543701,-0.0049076080322265625,-0.0017465949058532715
62275,21508,2,good,0.006574273109436035,0.298,3.03,49,16,0.5791269374683464,0.11412786692380905,12.965984783638653,0.5061748623847961,0.8760673999786377,0.6029503345489502,0.4714094400405884,0.5745498866886675,0.12104927748441696,13.08262500116675,0.5093806385993958,0.8690539598464966,0.5949925184249878,0.4967482089996338,-0.0045770507796789595,0.00692141056060791,0.11664021752809717,0.0032057762145996094,-0.007013440132141113,-0.007957816123962402,0.02533876895904541
62365,63825,5,good,0.009558320045471191,0.2971,3.04,49,16,0.5351425605238413,0.2949581444263458,11.749784056303401,0.6539450883865356,0.5740727782249451,0.46437397599220276,0.4135761260986328,0.5336620355163276,0.3045308589935303,11.762482351186632,0.6388225555419922,0.5235674977302551,0.4665408134460449,0.4415082335472107,-0.0014805250075137222,0.009572714567184448,0.012698294883231043,-0.015122532844543457,-0.05050528049468994,0.002166837453842163,0.02793210744857788
63182,49234,2,good,0.09163552522659302,0.2725,3.41,47,16,0.051434523205614216,0.17073838412761688,8.442022691861945,0.6895574331283569,0.8372970223426819,0.3753480315208435,0.3802943825721741,0.05612058678478901,0.18449930846691132,8.51619928008777,0.6853699684143066,0.839495062828064,0.37511327862739563,0.38417884707450867,0.004686063579174796,0.013760924339294434,0.07417658822582496,-0.004187464714050293,0.00219804048538208,-0.00023475289344787598,0.0038844645023345947
64867,61216,2,good,0.011007428169250488,0.2967,3.05,49,16,0.27050032065877966,0.15733663737773895,9.460785053238524,0.6852890253067017,0.754166841506958,0.4225430488586426,0.4308437705039978,0.2614734558569091,0.16873939335346222,9.492194053317641,0.681738018989563,0.7834301590919495,0.42171162366867065,0.436617374420166,-0.009026864801870538,0.011402755975723267,0.03140900007911718,-0.003551006317138672,0.029263317584991455,-0.0008314251899719238,0.005773603916168213
65187,63781,4,good,0.04957699775695801,0.2851,3.22,48,16,-0.05347458024611059,0.05313373729586601,9.033132251338834,0.7507466077804565,0.6789818406105042,0.5082114338874817,0.3850090503692627,-0.05910182831884061,0.05959044024348259,8.996541567526714,0.7464540600776672,0.7138353586196899,0.5010485053062439,0.3665269613265991,-0.005627248072730018,0.006456702947616577,-0.03659068381212016,-0.004292547702789307,0.03485351800918579,-0.007162928581237793,-0.018482089042663574
65639,71229,2,good,0.09951996803283691,0.2701,3.45,47,16,0.2123710611391571,0.5667573809623718,10.095801682803573,0.5076026320457458,0.7364369034767151,0.47033989429473877,0.3598094582557678,0.22241116928488688,0.5747649073600769,10.215296750743445,0.5030823349952698,0.743194580078125,0.4757397472858429,0.3562498688697815,0.010040108145729781,0.008007526397705078,0.11949506793987119,-0.004520297050476074,0.006757676601409912,0.005399852991104126,-0.003559589385986328
66214,42642,3,good,0.10638344287872314,0.2681,3.48,46,16,0.08416849430686173,0.04721688851714134,10.686611848385844,0.5679451823234558,0.8592771291732788,0.39803382754325867,0.520453929901123,0.08745356921917015,0.056316208094358444,10.747307807559148,0.5813550353050232,0.8501101732254028,0.39284244179725647,0.5070822238922119,0.003285074912308422,0.009099319577217102,0.06069595917330339,0.013409852981567383,-0.009166955947875977,-0.005191385746002197,-0.013371706008911133
66489,29660,2,good,0.10280835628509521,0.2692,3.46,46,16,-0.006496538711214981,0.1502102166414261,7.390764101652416,0.6816971302032471,0.8159353137016296,0.4143593907356262,0.37637490034103394,-0.005606049429711908,0.15594682097434998,7.457170297576146,0.6857210397720337,0.8145358562469482,0.41867274045944214,0.37973782420158386,0.000890489281503073,0.005736604332923889,0.06640619592372943,0.004023909568786621,-0.0013994574546813965,0.004313349723815918,0.0033629238605499268
67045,10907,2,good,0.20331281423568726,0.239,3.91,43,16,0.11070538117963372,0.2890988886356354,7.92295072612283,0.6289175748825073,0.8529204726219177,0.5285158157348633,0.4795737564563751,0.10902396851490777,0.29796838760375977,7.923155740890654,0.6233518123626709,0.8355313539505005,0.5280432105064392,0.48819077014923096,-0.001681412664725948,0.00886949896812439,0.00020501476782452954,-0.005565762519836426,-0.017389118671417236,-0.00047260522842407227,0.008617013692855835
67363,38853,2,good,0.1444924771785736,0.2567,3.65,45,16,0.026689324445069097,0.06811419874429703,7.596136906949347,0.7549002170562744,0.49771714210510254,0.3123732805252075,0.29065394401550293,0.023721337857398064,0.07213618606328964,7.644825081024116,0.7551510334014893,0.5108776092529297,0.30517634749412537,0.27941563725471497,-0.002967986587671032,0.004021987318992615,0.04868817407476911,0.00025081634521484375,0.013160467147827148,-0.007196933031082153,-0.011238306760787964
68023,5204,3,good,0.008037686347961426,0.2976,3.04,49,16,0.6181594701198658,0.2936376631259918,11.204688042200232,0.664206862449646,0.6323972940444946,0.4989669919013977,0.33159318566322327,0.6298148106231379,0.3008156716823578,11.341117079962055,0.6482122540473938,0.6514371037483215,0.49610745906829834,0.3078456521034241,0.011655340503272105,0.007178008556365967,0.13642903776182358,-0.015994608402252197,0.019039809703826904,-0.0028595328330993652,-0.023747533559799194
68168,26372,3,good,0.09747624397277832,0.2708,3.44,47,16,0.06392935633571663,0.07605183124542236,8.410676741720218,0.6727851629257202,0.6282609701156616,0.46317294239997864,0.2907659411430359,0.0644006605432479,0.08739656209945679,8.46377835639825,0.6743815541267395,0.6266435384750366,0.46510744094848633,0.28977519273757935,0.00047130420753127567,0.011344730854034424,0.053101614678030984,0.0015963912010192871,-0.001617431640625,0.0019344985485076904,-0.000990748405456543
68278,14528,4,good,0.027592569589614868,0.2917,3.12,49,16,0.21274820474507464,0.1785823553800583,11.193884522180609,0.7044777870178223,0.7200984358787537,0.4389498829841614,0.30821841955184937,0.20310314355317838,0.2044321894645691,11.263614264001681,0.7033027410507202,0.7430071234703064,0.4499834477901459,0.34258052706718445,-0.00964506119189626,0.025849834084510803,0.06972974182107272,-0.0011750459671020508,0.022908687591552734,0.011033564805984497,0.03436210751533508
68311,66342,2,good,0.3877400755882263,0.1837,4.74,38,16,0.021831369758980517,0.05209276080131531,7.0098318871625285,0.7927432060241699,0.5795127749443054,0.3405017852783203,0.2254868745803833,0.024096943138977887,0.05817580223083496,7.0710050430479665,0.7947298288345337,0.5814544558525085,0.3422471582889557,0.22175467014312744,0.0022655733799973703,0.006083041429519653,0.061173155885438035,0.0019866228103637695,0.001941680908203125,0.001745373010635376,-0.0037322044372558594
71232,70947,2,good,0.17900896072387695,0.2463,3.81,44,16,0.07949573030652887,0.15198610723018646,8.896935168094082,0.5916509628295898,0.8767732977867126,0.47102639079093933,0.43110334873199463,0.08303136307498414,0.163923442363739,8.949582613316768,0.5828240513801575,0.8608706593513489,0.46844732761383057,0.4252593219280243,0.0035356327684552685,0.011937335133552551,0.05264744522268572,-0.008826911449432373,-0.01590263843536377,-0.0025790631771087646,-0.005844026803970337
72510,37436,2,good,0.1710658073425293,0.2487,3.77,44,16,0.651747442485966,0.33820390701293945,12.246655028757264,0.6239805817604065,0.6587745547294617,0.5800316333770752,0.4617059528827667,0.6635704944871542,0.36796531081199646,12.38829854417795,0.6020771861076355,0.7358623743057251,0.592331051826477,0.46999216079711914,0.011823052001188161,0.029761403799057007,0.14164351542068587,-0.021903395652770996,0.07708781957626343,0.012299418449401855,0.008286207914352417
6489,66489,6,near_good,0.0024306178092956543,0.2993,3.01,49,16,0.1546878801464692,0.08835955709218979,8.302704821159482,0.6775144338607788,0.8035166263580322,0.37853729724884033,0.31159508228302,0.1493166395961073,0.09470250457525253,8.367522679408673,0.6781481504440308,0.8029090166091919,0.37765514850616455,0.3221142888069153,-0.005371240550361894,0.006342947483062744,0.06481785824919051,0.0006337165832519531,-0.000607609748840332,-0.0008821487426757812,0.010519206523895264
14110,4786,14,near_good,0.008401811122894287,0.2975,3.04,49,16,0.08850199615391253,0.05709310993552208,8.013169630492833,0.736090898513794,0.6937627196311951,0.41744211316108704,0.37932080030441284,0.09040842865333396,0.059243422001600266,8.031278156612311,0.7316134572029114,0.7207873463630676,0.41777417063713074,0.3824288845062256,0.0019064324994214205,0.002150312066078186,0.01810852611947844,-0.004477441310882568,0.02702462673187256,0.00033205747604370117,0.003108084201812744
17942,19181,7,near_good,0.12708288431167603,0.2619,3.57,46,16,0.037594911394980744,0.04130193963646889,8.141192465825469,0.6659960150718689,0.6986778974533081,0.4037799537181854,0.2518214285373688,0.03395095168367519,0.04548906907439232,8.165339872230371,0.6661505103111267,0.7071576714515686,0.39870813488960266,0.2593798041343689,-0.0036439597113055514,0.004187129437923431,0.024147406404901872,0.0001544952392578125,0.008479773998260498,-0.005071818828582764,0.007558375597000122
22967,47290,11,near_good,0.1295377016067505,0.2611,3.58,46,16,0.08171903695201939,0.1400585174560547,9.068762692176595,0.7259607315063477,0.7459454536437988,0.4962337613105774,0.42210426926612854,0.07157897577304875,0.15118716657161713,9.069584297628762,0.7300553321838379,0.8159160017967224,0.49998190999031067,0.4313563108444214,-0.010140061178970636,0.011128649115562439,0.000821605452166807,0.004094600677490234,0.06997054815292358,0.0037481486797332764,0.009252041578292847
23883,10600,7,near_good,0.013315916061401367,0.296,3.06,49,16,0.04107052849682193,0.23074917495250702,9.132116510938843,0.645226240158081,0.8141223192214966,0.44433656334877014,0.4575314521789551,0.04429777803923922,0.25309523940086365,9.224789964476031,0.6554093360900879,0.8320778608322144,0.4401263892650604,0.46974870562553406,0.003227249542417286,0.02234606444835663,0.09267345353718781,0.010183095932006836,0.017955541610717773,-0.004210174083709717,0.01221725344657898
24480,62683,8,near_good,0.03862285614013672,0.2884,3.17,48,16,0.1578724813854928,0.12921352684497833,9.425550801408322,0.6898810863494873,0.5157715678215027,0.39828357100486755,0.3363649249076843,0.16219431739075116,0.13666649162769318,9.546087596497763,0.6967003345489502,0.5247185230255127,0.39583060145378113,0.3502103090286255,0.004321836005258345,0.007452964782714844,0.12053679508944093,0.006819248199462891,0.00894695520401001,-0.0024529695510864258,0.013845384120941162
31446,39289,7,near_good,0.05603295564651489,0.2832,3.25,48,16,0.11710434126265072,0.0770733579993248,8.060492713941894,0.7068134546279907,0.7099201083183289,0.4016290307044983,0.30068328976631165,0.11810822755605375,0.08265768736600876,8.110861934288675,0.7173919677734375,0.7221961617469788,0.40058633685112,0.32461926341056824,0.0010038862934030335,0.00558432936668396,0.05036922034678071,0.010578513145446777,0.012276053428649902,-0.001042693853378296,0.023935973644256592
34850,28689,14,near_good,0.07008057832717896,0.279,3.32,47,16,0.10204663772381191,0.11198500543832779,9.43911343578807,0.7299811244010925,0.5861789584159851,0.3894291818141937,0.29820960760116577,0.1040857536261473,0.12094742804765701,9.502572509614165,0.7243107557296753,0.6024457812309265,0.384764701128006,0.288433313369751,0.002039115902335395,0.008962422609329224,0.06345907382609539,-0.005670368671417236,0.016266822814941406,-0.004664480686187744,-0.009776294231414795
51051,57650,14,near_good,0.023561477661132812,0.2929,3.11,49,16,-0.13914843749590075,0.3391517698764801,10.128893798735596,0.7637469172477722,0.8404287099838257,0.5263640880584717,0.485612690448761,-0.15068819442556594,0.3702317774295807,10.213502560996222,0.7622843384742737,0.8509684205055237,0.540294885635376,0.5105507373809814,-0.01153975692966519,0.031080007553100586,0.08460876226062553,-0.0014625787734985352,0.010539710521697998,0.013930797576904297,0.02493804693222046
51521,19181,7,near_good,0.0023992061614990234,0.2993,3.01,49,16,0.17272597461113307,0.06015380099415779,8.774188474042129,0.6971555948257446,0.7090859413146973,0.3658624291419983,0.2173013985157013,0.16959712260851278,0.06553137302398682,8.792200577966556,0.6877342462539673,0.7015055418014526,0.36514049768447876,0.21925990283489227,-0.0031288520026202804,0.005377572029829025,0.01801210392442698,-0.009421348571777344,-0.007580399513244629,-0.0007219314575195312,0.001958504319190979
53728,51521,6,near_good,0.2402365803718567,0.2279,4.08,42,16,0.036030788770220964,0.044523000717163086,7.3509463714647785,0.7054145932197571,0.8022686839103699,0.3352067172527313,0.2826770842075348,0.03800328413438327,0.04735327884554863,7.423912573785952,0.7051918506622314,0.8261843919754028,0.34098562598228455,0.28835999965667725,0.001972495364162302,0.002830278128385544,0.07296620232117323,-0.00022274255752563477,0.02391570806503296,0.005778908729553223,0.005682915449142456
64880,27972,11,near_good,0.08385986089706421,0.2748,3.38,47,16,-0.10097541061194251,0.08191994577646255,5.745987523437512,0.7383694052696228,0.5194072723388672,0.3727167844772339,0.19462481141090393,-0.10368703046132899,0.08380178362131119,5.823540945548854,0.7368624210357666,0.5205631256103516,0.3782684803009033,0.19685885310173035,-0.0027116198493864763,0.0018818378448486328,0.07755342211134142,-0.0015069842338562012,0.001155853271484375,0.005551695823669434,0.002234041690826416
65943,37059,10,near_good,0.037219107151031494,0.2888,3.17,48,16,-0.49227573737023317,0.09151991456747055,7.401510636433803,0.6525800824165344,0.7004554271697998,0.4656304717063904,0.33939146995544434,-0.5030721088030475,0.09672730416059494,7.417800783799065,0.6564509272575378,0.696115255355835,0.46631723642349243,0.34378916025161743,-0.010796371432814367,0.00520738959312439,0.016290147365262797,0.003870844841003418,-0.004340171813964844,0.0006867647171020508,0.004397690296173096
7654,13312,37,hard,0.04207956790924072,0.2874,3.19,48,16,-0.04680268196968428,0.06705588847398758,7.330097981086547,0.6976394653320312,0.7196542620658875,0.3524450957775116,0.3556036353111267,-0.04543175788172399,0.07418829947710037,7.3879152310453975,0.6921758651733398,0.728445291519165,0.3529558479785919,0.3563993573188782,0.0013709240879602944,0.007132411003112793,0.05781724995885007,-0.005463600158691406,0.008791029453277588,0.0005107522010803223,0.0007957220077514648
10586,49076,24,hard,0.19131016731262207,0.2426,3.86,44,16,-0.049179523628322876,0.229722797870636,10.0019054555702,0.679214596748352,0.8776761293411255,0.5176223516464233,0.4561641216278076,-0.057558864979502126,0.24412445724010468,10.012142997631718,0.7070913910865784,0.8907136917114258,0.51840740442276,0.46289265155792236,-0.00837934135117925,0.014401659369468689,0.010237542061519278,0.02787679433822632,0.013037562370300293,0.0007850527763366699,0.006728529930114746
26720,10600,53,hard,0.09161460399627686,0.2725,3.41,47,16,0.327312783166744,0.22252416610717773,10.262580067796144,0.6480791568756104,0.7074464559555054,0.4361253082752228,0.4947877526283264,0.332644721941891,0.24071939289569855,10.342735853405603,0.6398507952690125,0.7200485467910767,0.441421777009964,0.5061992406845093,0.005331938775146983,0.018195226788520813,0.08015578560945968,-0.0082283616065979,0.012602090835571289,0.005296468734741211,0.011411488056182861
32910,52652,16,hard,0.28614580631256104,0.2142,4.29,41,16,0.18478056028399734,0.12400708347558975,10.166638215536935,0.7586344480514526,0.716011106967926,0.4085274636745453,0.33550864458084106,0.19069234864512832,0.1303279846906662,10.293341854549967,0.7418122291564941,0.7052798271179199,0.41187238693237305,0.32929784059524536,0.005911788361130987,0.0063209012150764465,0.12670363901303183,-0.016822218894958496,-0.010731279850006104,0.003344923257827759,-0.006210803985595703
52652,48379,18,hard,0.10244721174240112,0.2693,3.46,46,16,0.10711199569051515,0.13702751696109772,8.413556749200758,0.6828793287277222,0.698521077632904,0.46952155232429504,0.4052223563194275,0.10524128722414805,0.1447736769914627,8.452868700284014,0.6965131759643555,0.7156294584274292,0.46254679560661316,0.3853321075439453,-0.0018707084663670964,0.00774616003036499,0.03931195108325625,0.0136338472366333,0.017108380794525146,-0.006974756717681885,-0.019890248775482178
57553,26292,16,hard,0.03645354509353638,0.2891,3.16,48,16,-0.12873957165489494,0.27154549956321716,10.270874177687839,0.8301794528961182,0.7341163158416748,0.4395570158958435,0.3201005160808563,-0.14492676992745165,0.29252755641937256,10.312075973035466,0.8303127288818359,0.7398185729980469,0.4412124752998352,0.31885984539985657,-0.016187198272556713,0.020982056856155396,0.04120179534762691,0.00013327598571777344,0.00570225715637207,0.0016554594039916992,-0.0012406706809997559
64893,10393,20,hard,0.1171455979347229,0.2649,3.53,46,16,0.39644858225679264,0.19028329849243164,8.951267534838994,0.6331722736358643,0.8706562519073486,0.39653483033180237,0.4637433886528015,0.394725802668321,0.19214928150177002,8.977785373140481,0.6373493075370789,0.8686503767967224,0.39819908142089844,0.4652876555919647,-0.0017227795884716124,0.001865983009338379,0.026517838301487018,0.0041770339012146,-0.0020058751106262207,0.0016642510890960693,0.001544266939163208
