subject,roi,fold,R0,R_CAL0,dev,sym,idem,range_in_colW,rank,r_best,ok
subj01,ventral,0,0.10882218937550564,0.10882218937550564,0.0,0.0,1.1529018499058736e-15,3.2936361407105975e-15,6,6,1
subj01,ventral,1,0.042403378362650415,0.042403378362650415,0.0,0.0,1.319924754701905e-15,3.0692054181014923e-15,6,6,1
subj01,ventral,2,0.09505444735055624,0.09505444735055624,0.0,0.0,1.3904583372998984e-15,3.173338953424313e-15,6,6,1
subj01,ventral,3,0.08144673040492087,0.08144673040492087,0.0,0.0,1.1263246297891537e-15,2.885933592801938e-15,6,6,1
subj01,ventral,4,0.085199565668667,0.085199565668667,0.0,0.0,1.3845852091205958e-15,3.0901684785334462e-15,6,6,1
subj01,ventral,5,0.0472750728655718,0.0472750728655718,0.0,0.0,1.1773938134892043e-15,3.2150769027050304e-15,6,6,1
subj02,ventral,0,0.18709786832809833,0.18709786832809833,0.0,0.0,1.4979266494499577e-15,3.648224154719184e-15,6,6,1
subj02,ventral,1,0.07285350826956442,0.07285350826956442,0.0,0.0,1.5986207696010612e-15,3.499699081435078e-15,6,6,1
subj02,ventral,2,0.10793941394070951,0.10793941394070951,0.0,0.0,1.2501678492802435e-15,3.846220834259071e-15,6,6,1
subj02,ventral,3,0.09842362724020332,0.09842362724020332,0.0,0.0,2.147158797354654e-15,3.7663513652448576e-15,6,6,1
subj02,ventral,4,0.07471680356922494,0.07471680356922494,0.0,0.0,1.2846360385226337e-15,3.7246852275518596e-15,6,6,1
subj02,ventral,5,0.12135082484129478,0.12135082484129478,0.0,0.0,1.6582223132623667e-15,3.865360939245349e-15,6,6,1
subj03,ventral,0,0.05563350908085189,0.05563350908085189,0.0,0.0,1.4993199970509369e-15,4.515885454027729e-15,6,6,1
subj03,ventral,1,0.03328079445697759,0.03328079445697759,0.0,0.0,1.195815585961082e-15,4.123664482912598e-15,6,6,1
subj03,ventral,2,0.045057596078440426,0.045057596078440426,0.0,0.0,1.7206649117997934e-15,4.065997758599289e-15,6,6,1
subj03,ventral,3,0.04488653835174137,0.04488653835174137,0.0,0.0,1.274507593884453e-15,3.985074463546523e-15,6,6,1
subj03,ventral,4,0.0564731213194927,0.0564731213194927,0.0,0.0,1.5624333733477435e-15,4.163924695254839e-15,6,6,1
subj03,ventral,5,0.023853698392255485,0.023853698392255485,0.0,0.0,1.45009026515241e-15,3.877324437038927e-15,6,6,1
subj04,ventral,0,0.03169004135716613,0.03169004135716613,0.0,0.0,9.600140921595362e-16,3.1970198001725247e-15,6,6,1
subj04,ventral,1,0.07487473703282638,0.07487473703282638,0.0,0.0,1.073966592287698e-15,3.21263716242672e-15,6,6,1
subj04,ventral,2,0.08993644627769014,0.08993644627769014,0.0,0.0,1.314953231029904e-15,3.138549914698087e-15,6,6,1
subj04,ventral,3,0.056623822318314185,0.056623822318314185,0.0,0.0,1.2889762983233453e-15,3.2830138181744806e-15,6,6,1
subj04,ventral,4,0.0910385928948324,0.0910385928948324,0.0,0.0,1.4146576700221457e-15,3.2121057086466346e-15,6,6,1
subj04,ventral,5,0.09262952019969077,0.09262952019969077,0.0,0.0,1.3402566242433089e-15,3.2509387656259404e-15,6,6,1
subj05,ventral,0,0.034305190882839384,0.034305190882839384,0.0,0.0,1.1909942907505389e-15,3.9317537375137e-15,6,6,1
subj05,ventral,1,0.04989708230557105,0.04989708230557105,0.0,0.0,9.481181772251838e-16,3.996145714082033e-15,6,6,1
subj05,ventral,2,0.08945668530965731,0.08945668530965731,0.0,0.0,1.3207444055600347e-15,3.915292910018685e-15,6,6,1
subj05,ventral,3,0.05494836761930069,0.05494836761930069,0.0,0.0,1.4978455195335368e-15,4.019003437066276e-15,6,6,1
subj05,ventral,4,0.09064902591766223,0.09064902591766223,0.0,0.0,1.3525157815760596e-15,3.96859220643667e-15,6,6,1
subj05,ventral,5,0.0571264037565907,0.0571264037565907,0.0,0.0,1.1489813452899527e-15,4.0500801553141e-15,6,6,1
subj06,ventral,0,0.051041215255136586,0.051041215255136586,0.0,0.0,1.3994908324058917e-15,5.52137220206995e-15,6,6,1
subj06,ventral,1,0.08332968126213525,0.08332968126213525,0.0,0.0,1.2631341609148344e-15,5.252234371681121e-15,6,6,1
subj06,ventral,2,0.0879529212148983,0.0879529212148983,0.0,0.0,1.2125040561547947e-15,5.621572887459818e-15,6,6,1
subj06,ventral,3,0.022920926806815012,0.022920926806815012,0.0,0.0,1.079030536764981e-15,5.590472095757273e-15,6,6,1
subj06,ventral,4,0.05746171939490791,0.05746171939490791,0.0,0.0,1.437812833996298e-15,5.419669523006171e-15,6,6,1
subj06,ventral,5,0.04037001597669514,0.04037001597669514,0.0,0.0,1.2749832086896913e-15,5.55269979658855e-15,6,6,1
subj07,ventral,0,0.04909128624831283,0.04909128624831283,0.0,0.0,1.1632511660538443e-15,4.665180593306793e-15,6,6,1
subj07,ventral,1,0.04960039466467116,0.04960039466467116,0.0,0.0,1.199139063796097e-15,4.4146891516621505e-15,6,6,1
subj07,ventral,2,0.029029886594618904,0.029029886594618904,0.0,0.0,1.3701209941610254e-15,4.747318597257919e-15,6,6,1
subj07,ventral,3,0.04246593698577296,0.04246593698577296,0.0,0.0,1.0170873541407731e-15,4.882812974595249e-15,6,6,1
subj07,ventral,4,0.08212049288907314,0.08212049288907314,0.0,0.0,1.2476486583616397e-15,4.742402352152283e-15,6,6,1
subj07,ventral,5,0.08552139280510399,0.08552139280510399,0.0,0.0,1.1335853081276617e-15,4.55646419934698e-15,6,6,1
subj08,ventral,0,0.07772693248099158,0.07772693248099158,0.0,0.0,1.4493986797891251e-15,4.360077879468597e-15,6,6,1
subj08,ventral,1,0.0611981838034457,0.0611981838034457,0.0,0.0,1.232937463110165e-15,4.753197762912446e-15,6,6,1
subj08,ventral,2,0.08242595104951156,0.08242595104951156,0.0,0.0,1.2363346539631625e-15,4.651671068188294e-15,6,6,1
subj08,ventral,3,0.10113737392592892,0.10113737392592892,0.0,0.0,1.3199573059121825e-15,4.7635140819634314e-15,6,6,1
subj08,ventral,4,0.05034875602711626,0.05034875602711626,0.0,0.0,1.2687109946439463e-15,4.6929519926342774e-15,6,6,1
subj08,ventral,5,0.055102901016561324,0.055102901016561324,0.0,0.0,1.3016529039573793e-15,4.5326442664067136e-15,6,6,1
subj01,lateral,0,0.12951659164603532,0.12951659164603532,0.0,0.0,1.3762296071384682e-15,4.079434742224226e-15,6,6,1
subj01,lateral,1,0.11338771962475133,0.11338771962475133,0.0,0.0,1.6360731523645634e-15,3.906886579382762e-15,6,6,1
subj01,lateral,2,0.09944987000629948,0.09944987000629948,0.0,0.0,1.273327697424944e-15,3.5529940445548555e-15,6,6,1
subj01,lateral,3,0.15490599365820598,0.15490599365820598,0.0,0.0,1.4347412334218202e-15,3.951788467585107e-15,6,6,1
subj01,lateral,4,0.13724521381212826,0.13724521381212826,0.0,0.0,1.516415636417405e-15,4.0644394993664906e-15,6,6,1
subj01,lateral,5,0.1211943040943988,0.1211943040943988,0.0,0.0,1.2410290685761391e-15,3.937984092157977e-15,6,6,1
subj02,lateral,0,0.1504794182831691,0.1504794182831691,0.0,0.0,1.1183716294418665e-15,2.5999053347967193e-15,6,6,1
subj02,lateral,1,0.11251160313859357,0.11251160313859357,0.0,0.0,1.1364554042466899e-15,2.5768920860362583e-15,6,6,1
subj02,lateral,2,0.13477055014787254,0.13477055014787254,0.0,0.0,1.3451838192428056e-15,2.5525419691021464e-15,6,6,1
subj02,lateral,3,0.0893491128561634,0.0893491128561634,0.0,0.0,1.2581304864413543e-15,2.8652111282132506e-15,6,6,1
subj02,lateral,4,0.1178729713164479,0.1178729713164479,0.0,0.0,1.370785375149123e-15,3.0062593408530633e-15,6,6,1
subj02,lateral,5,0.0889581519676716,0.0889581519676716,0.0,0.0,1.6360683209799677e-15,3.0500245783707137e-15,6,6,1
subj03,lateral,0,0.19890980235787553,0.19890980235787553,0.0,0.0,1.2796657862602074e-15,2.659181296294673e-15,6,6,1
subj03,lateral,1,0.1406079829245157,0.1406079829245157,0.0,0.0,1.4903823830226972e-15,2.779227537913155e-15,6,6,1
subj03,lateral,2,0.14322554453822606,0.14322554453822606,0.0,0.0,1.2914967994602566e-15,2.8121923092312085e-15,6,6,1
subj03,lateral,3,0.21049893060703434,0.21049893060703434,0.0,0.0,1.5261111207926461e-15,2.8057788712960928e-15,6,6,1
subj03,lateral,4,0.1261252133218715,0.1261252133218715,0.0,0.0,1.245057846121731e-15,2.808531454275577e-15,6,6,1
subj03,lateral,5,0.09892034777782344,0.09892034777782344,0.0,0.0,1.597069035091027e-15,2.860834191146207e-15,6,6,1
subj04,lateral,0,0.12811511074698534,0.12811511074698534,0.0,0.0,9.755695521150608e-16,2.2136850891713012e-15,6,6,1
subj04,lateral,1,0.13469005205777335,0.13469005205777335,0.0,0.0,1.4503538994754997e-15,2.21335639925263e-15,6,6,1
subj04,lateral,2,0.1596133308597619,0.1596133308597619,0.0,0.0,1.212248034122747e-15,2.0839252739991177e-15,6,6,1
subj04,lateral,3,0.12740556899115113,0.12740556899115113,0.0,0.0,1.2504378066217849e-15,2.2277486717827126e-15,6,6,1
subj04,lateral,4,0.09464851590747848,0.09464851590747848,0.0,0.0,1.3857459088770094e-15,2.4166153427243e-15,6,6,1
subj04,lateral,5,0.1662411198401435,0.1662411198401435,0.0,0.0,1.4345230655912553e-15,2.2112428950677705e-15,6,6,1
subj05,lateral,0,0.143024774082227,0.143024774082227,0.0,0.0,1.0799809319042115e-15,2.3660884122718145e-15,6,6,1
subj05,lateral,1,0.16611502429999558,0.16611502429999558,0.0,0.0,1.1079286371961942e-15,2.2327558028167485e-15,6,6,1
subj05,lateral,2,0.1259496144322311,0.1259496144322311,0.0,0.0,9.00968421074302e-16,2.417209747524954e-15,6,6,1
subj05,lateral,3,0.03966948102758183,0.03966948102758183,0.0,0.0,1.1664150311662244e-15,2.2924826885252885e-15,6,6,1
subj05,lateral,4,0.14529392334949548,0.14529392334949548,0.0,0.0,1.0952802716881496e-15,2.6020805387238086e-15,6,6,1
subj05,lateral,5,0.08442736750310592,0.08442736750310592,0.0,0.0,1.1299235889572923e-15,2.420895705996592e-15,6,6,1
subj06,lateral,0,0.14124846395462437,0.14124846395462437,0.0,0.0,1.2992206129846528e-15,2.416031791037384e-15,6,6,1
subj06,lateral,1,0.04911832722374772,0.04911832722374772,0.0,0.0,1.3809139890824939e-15,2.432889196744435e-15,6,6,1
subj06,lateral,2,0.1006094773618907,0.1006094773618907,0.0,0.0,1.3380662884828086e-15,2.289391221965253e-15,6,6,1
subj06,lateral,3,0.09537243174859986,0.09537243174859986,0.0,0.0,1.286939394141016e-15,2.4333341819537695e-15,6,6,1
subj06,lateral,4,0.09549431390063584,0.09549431390063584,0.0,0.0,1.2416345622003725e-15,2.580743570537559e-15,6,6,1
subj06,lateral,5,0.06214385333104115,0.06214385333104115,0.0,0.0,1.5196107373879752e-15,2.5003385068127126e-15,6,6,1
subj07,lateral,0,0.1562635909536735,0.1562635909536735,0.0,0.0,1.0155788716785268e-15,3.3483082385376567e-15,6,6,1
subj07,lateral,1,0.10553508712330145,0.10553508712330145,0.0,0.0,1.4888000469578952e-15,3.333403271758287e-15,6,6,1
subj07,lateral,2,0.16690386306562638,0.16690386306562638,0.0,0.0,1.0932417234050275e-15,3.2407630545498922e-15,6,6,1
subj07,lateral,3,0.15262592259263733,0.15262592259263733,0.0,0.0,1.1034774413173602e-15,3.3582341280532106e-15,6,6,1
subj07,lateral,4,0.10145872260548229,0.10145872260548229,0.0,0.0,1.2413070472290912e-15,3.326166910643094e-15,6,6,1
subj07,lateral,5,0.15686467145355176,0.15686467145355176,0.0,0.0,1.3425883171645263e-15,3.42510871738165e-15,6,6,1
subj08,lateral,0,0.11430588205661721,0.11430588205661721,0.0,0.0,1.3173630747265777e-15,3.245992014939727e-15,6,6,1
subj08,lateral,1,0.045558450302665095,0.045558450302665095,0.0,0.0,1.1173514335207352e-15,3.35005930440178e-15,6,6,1
subj08,lateral,2,0.06557485899630351,0.06557485899630351,0.0,0.0,1.6138271773755485e-15,3.413116717258264e-15,6,6,1
subj08,lateral,3,0.0707740832872125,0.0707740832872125,0.0,0.0,1.2775224472907316e-15,3.2381755650421635e-15,6,6,1
subj08,lateral,4,0.06781860374769322,0.06781860374769322,0.0,0.0,1.1570137063913414e-15,3.209338806095704e-15,6,6,1
subj08,lateral,5,0.050423096444881105,0.050423096444881105,0.0,0.0,1.343043325173939e-15,3.3773238491747134e-15,6,6,1
