ROI,target_subject,identity_fold,core_capture_of_residual
ventral,subj01,0,0.2308295785526799
ventral,subj01,1,0.1670909761806823
ventral,subj01,2,0.2344710660174115
ventral,subj01,3,0.1938680572674834
ventral,subj01,4,0.294712134471966
ventral,subj01,5,0.0916450883522243
ventral,subj02,0,0.2350243990810855
ventral,subj02,1,0.1108078122795707
ventral,subj02,2,0.307324878540907
ventral,subj02,3,0.1591117097626326
ventral,subj02,4,0.3141661373044848
ventral,subj02,5,0.233601876107812
ventral,subj03,0,0.1906251702187394
ventral,subj03,1,0.1008191562899522
ventral,subj03,2,0.1699368718847956
ventral,subj03,3,0.1569850421680992
ventral,subj03,4,0.0933602226729042
ventral,subj03,5,0.0704184877212113
ventral,subj04,0,0.1669970086096484
ventral,subj04,1,0.2706735862642183
ventral,subj04,2,0.2785128499436669
ventral,subj04,3,0.1818731635668656
ventral,subj04,4,0.3350469282371859
ventral,subj04,5,0.3389162176985306
ventral,subj05,0,0.2157985063679207
ventral,subj05,1,0.2203375642491838
ventral,subj05,2,0.2869771860114632
ventral,subj05,3,0.2307887553735225
ventral,subj05,4,0.2775971152706498
ventral,subj05,5,0.2080829615519943
ventral,subj06,0,0.2336052948519297
ventral,subj06,1,0.1704873075897143
ventral,subj06,2,0.2449742158544557
ventral,subj06,3,0.1518036849135834
ventral,subj06,4,0.2211373988399561
ventral,subj06,5,0.2232958455170757
ventral,subj07,0,0.1091908513025285
ventral,subj07,1,0.2182223437012244
ventral,subj07,2,0.193312689216267
ventral,subj07,3,0.199197067455218
ventral,subj07,4,0.2594206995155613
ventral,subj07,5,0.214088676322747
ventral,subj08,0,0.2023012834827009
ventral,subj08,1,0.1408681752109577
ventral,subj08,2,0.1101719916920769
ventral,subj08,3,0.2051604653347897
ventral,subj08,4,0.1167786785651185
ventral,subj08,5,0.2035525466874268
lateral,subj01,0,0.1402694831228637
lateral,subj01,1,0.2228268468562905
lateral,subj01,2,0.2123300527876051
lateral,subj01,3,0.1923564919473585
lateral,subj01,4,0.1318271211254535
lateral,subj01,5,0.0722680387436831
lateral,subj02,0,0.3075588738489627
lateral,subj02,1,0.1714209698113625
lateral,subj02,2,0.1493408430021051
lateral,subj02,3,0.3306706274039541
lateral,subj02,4,0.168025796636348
lateral,subj02,5,0.2409168566053318
lateral,subj03,0,0.2131013500802751
lateral,subj03,1,0.1458918135548135
lateral,subj03,2,0.2640996073484888
lateral,subj03,3,0.1611341138009023
lateral,subj03,4,0.1967105686633616
lateral,subj03,5,0.1464878221825102
lateral,subj04,0,0.0651868008545867
lateral,subj04,1,0.0771813885544579
lateral,subj04,2,0.0405139987989839
lateral,subj04,3,0.1017051764818239
lateral,subj04,4,0.2709241761901584
lateral,subj04,5,0.0508974606440649
lateral,subj05,0,0.2091765366854581
lateral,subj05,1,0.2038286482500976
lateral,subj05,2,0.1483025516807076
lateral,subj05,3,0.050032723562957
lateral,subj05,4,0.2166706094299924
lateral,subj05,5,0.0703961992790256
lateral,subj06,0,0.2234750681445986
lateral,subj06,1,0.0812606959404393
lateral,subj06,2,0.081398607350507
lateral,subj06,3,0.1881672227656995
lateral,subj06,4,0.099779134410501
lateral,subj06,5,0.0448984561554382
lateral,subj07,0,0.1427478687477835
lateral,subj07,1,0.1220275799181803
lateral,subj07,2,0.1300632421877432
lateral,subj07,3,0.1678574221027526
lateral,subj07,4,0.0734582284977471
lateral,subj07,5,0.1156765411411267
lateral,subj08,0,0.1442917391237515
lateral,subj08,1,0.0664528411342801
lateral,subj08,2,0.0877897894921251
lateral,subj08,3,0.1284040482729719
lateral,subj08,4,0.0766171652043977
lateral,subj08,5,0.055129771036165
parietal,subj01,0,0.3056013359450368
parietal,subj01,1,0.2296393383137655
parietal,subj01,2,0.2537462178117498
parietal,subj01,3,0.2977722392781735
parietal,subj01,4,0.3325972861810314
parietal,subj01,5,0.2834233409767599
parietal,subj02,0,0.4754906291454037
parietal,subj02,1,0.2153696216087954
parietal,subj02,2,0.3693640447753641
parietal,subj02,3,0.4107277011314579
parietal,subj02,4,0.4657235172796166
parietal,subj02,5,0.2761727205173829
parietal,subj03,0,0.2400912393789563
parietal,subj03,1,0.1166471773119557
parietal,subj03,2,0.4078671502864738
parietal,subj03,3,0.2877908209639189
parietal,subj03,4,0.3107384552847976
parietal,subj03,5,0.2780825975148655
parietal,subj04,0,0.2570950063182866
parietal,subj04,1,0.3421132313518406
parietal,subj04,2,0.4057457565503253
parietal,subj04,3,0.2818039902381852
parietal,subj04,4,0.3294633857786441
parietal,subj04,5,0.2697736776547054
parietal,subj05,0,0.2676829105624653
parietal,subj05,1,0.2265045859868821
parietal,subj05,2,0.4564597483856485
parietal,subj05,3,0.5215963384488246
parietal,subj05,4,0.525656819583293
parietal,subj05,5,0.4978730855535166
parietal,subj06,0,0.5420974589287393
parietal,subj06,1,0.3073302954208532
parietal,subj06,2,0.4307996555909679
parietal,subj06,3,0.435503932990566
parietal,subj06,4,0.2779206348043821
parietal,subj06,5,0.4974027891224004
parietal,subj07,0,0.1568752779596883
parietal,subj07,1,0.3699621193108745
parietal,subj07,2,0.4506829360050838
parietal,subj07,3,0.4753859163609346
parietal,subj07,4,0.2057406347546604
parietal,subj07,5,0.3021510510657409
parietal,subj08,0,0.4782276904589961
parietal,subj08,1,0.5035816043641309
parietal,subj08,2,0.5022580818029383
parietal,subj08,3,0.4844000162661876
parietal,subj08,4,0.307447044934114
parietal,subj08,5,0.3779729353578335
V1,subj01,0,0.6676205512547051
V1,subj01,1,0.6050949785804222
V1,subj01,2,0.5272385726845756
V1,subj01,3,0.6392566418157144
V1,subj01,4,0.568453271442067
V1,subj01,5,0.8720504632609608
V1,subj02,0,0.5798755701449159
V1,subj02,1,0.6643173695443686
V1,subj02,2,0.5649291004290916
V1,subj02,3,0.6282489122330608
V1,subj02,4,0.8330856020717547
V1,subj02,5,0.3514098254973954
V1,subj03,0,0.7493867839084836
V1,subj03,1,0.5881003088049357
V1,subj03,2,0.7575170309088209
V1,subj03,3,0.6647729575721736
V1,subj03,4,0.4903554369939094
V1,subj03,5,0.5557462673180396
V1,subj04,0,0.9532993987731976
V1,subj04,1,0.8849538677326922
V1,subj04,2,0.7015955052295313
V1,subj04,3,0.9573651514396216
V1,subj04,4,0.6068354130767702
V1,subj04,5,0.992307848766116
V1,subj05,0,0.5386216407507897
V1,subj05,1,0.6065847157664536
V1,subj05,2,0.676553507815224
V1,subj05,3,0.821264514032854
V1,subj05,4,0.8003596945182337
V1,subj05,5,0.7091669757330876
V1,subj06,0,0.5786635596661192
V1,subj06,1,0.8322036531681515
V1,subj06,2,0.7075777043232849
V1,subj06,3,0.6792473150376374
V1,subj06,4,0.5440328478372226
V1,subj06,5,0.6664665767564565
V1,subj07,0,0.5124739310061925
V1,subj07,1,0.3139178105540114
V1,subj07,2,0.8090638071067977
V1,subj07,3,0.3972822469893459
V1,subj07,4,0.632671172559797
V1,subj07,5,0.8608404473411657
V1,subj08,0,0.5088191460345437
V1,subj08,1,0.4750417426415593
V1,subj08,2,0.5314923102884599
V1,subj08,3,0.4004919859260534
V1,subj08,4,0.7348092515138737
V1,subj08,5,0.560413600477202
V3,subj01,0,0.239373484130689
V3,subj01,1,0.0441133572270476
V3,subj01,2,0.1821739742953017
V3,subj01,3,0.1504664152997061
V3,subj01,4,0.2257589196525044
V3,subj01,5,0.1612082007142637
V3,subj02,0,0.4495190615853563
V3,subj02,1,0.3574876405743214
V3,subj02,2,0.4016621021308535
V3,subj02,3,0.614944597766941
V3,subj02,4,0.1514594007488317
V3,subj02,5,0.0774456360115958
V3,subj03,0,0.0752213211191117
V3,subj03,1,0.1733787170701791
V3,subj03,2,0.158723219607198
V3,subj03,3,0.5457932896251498
V3,subj03,4,0.3367992573170817
V3,subj03,5,0.2670581064675821
V3,subj04,0,0.432433269704488
V3,subj04,1,0.513998032718617
V3,subj04,2,0.2462035336622041
V3,subj04,3,0.2430237336913875
V3,subj04,4,0.2427814734600733
V3,subj04,5,0.6373262467517667
V3,subj05,0,0.536249399690483
V3,subj05,1,0.3276918031640566
V3,subj05,2,0.1824302391083277
V3,subj05,3,0.0759260403738191
V3,subj05,4,0.1237207267984114
V3,subj05,5,0.261800202223852
V3,subj06,0,0.2305617669535334
V3,subj06,1,0.2992813529673874
V3,subj06,2,0.2230475177597872
V3,subj06,3,0.2458831937797475
V3,subj06,4,0.0933039808958078
V3,subj06,5,0.2108254274935431
V3,subj07,0,0.2989175964948165
V3,subj07,1,0.3766119828162251
V3,subj07,2,0.4821978902976192
V3,subj07,3,0.4790265172079581
V3,subj07,4,0.768053081901164
V3,subj07,5,0.356897851506459
V3,subj08,0,0.7708534421301975
V3,subj08,1,0.540781223269108
V3,subj08,2,0.6683180668111426
V3,subj08,3,0.5558992940846437
V3,subj08,4,0.4889953034675157
V3,subj08,5,0.4999993968642577
