ROI,target_subject,identity_fold,K,r_sel,predicted_residual_retention,oracle_retention,null_median,null_p95,oracle_recovery
ventral,subj01,0,16,6,0.1444999174837383,0.2308295784225333,0.0867817451838359,0.1674002864073303,0.6260026053473587
ventral,subj01,1,16,6,0.0574571597032714,0.167090975861959,0.0538710791691458,0.10673062757304,0.3438675213120981
ventral,subj01,2,16,6,0.0900015520837337,0.234471064433492,0.0811044274013796,0.146542006580094,0.383849292027515
ventral,subj01,3,16,6,0.0536608459297701,0.1938680575899991,0.0737784361078521,0.1224269097937564,0.2767905481533969
ventral,subj01,4,16,6,0.1301421048882568,0.2947121309538443,0.1095154272044338,0.1660986701450256,0.4415905937331054
ventral,subj01,5,16,6,0.0233249047418521,0.0916450894463991,0.0343416297895679,0.0651415332701955,0.2545134156423542
ventral,subj02,0,16,6,0.1155124865214669,0.2350243968669905,0.0726396803551706,0.1510339198480937,0.4914914709337172
ventral,subj02,1,16,6,0.0271546309647126,0.1108078105883449,0.0432373603815417,0.0754697745482395,0.2450606218147661
ventral,subj02,2,16,6,0.1710637713087683,0.3073248780687081,0.1105179558152683,0.1865811101207499,0.5566219447763804
ventral,subj02,3,16,6,0.0457059381615841,0.1591117059221218,0.0608587873035384,0.0968651382222739,0.2872569173757412
ventral,subj02,4,16,6,0.2266523408279547,0.3141661431995165,0.0979585388723285,0.1993906672267994,0.7214410137250702
ventral,subj02,5,16,6,0.1512103263016395,0.2336018764231378,0.0810020741652559,0.1651813729598507,0.6472992795132462
ventral,subj03,0,16,6,0.0254979874713481,0.1906251704556198,0.0685014550211388,0.1139439769011993,0.1337598146687792
ventral,subj03,1,16,6,0.0133178540334326,0.100819157334026,0.0369133554436488,0.0758855829628808,0.132096462473982
ventral,subj03,2,16,6,0.0491640915331293,0.1699368722471416,0.0606825846945763,0.0989865180867437,0.289307969971516
ventral,subj03,3,16,6,0.0431981442656424,0.156985041908576,0.0564134120859383,0.0897443749357252,0.2751736327261032
ventral,subj03,4,16,6,0.0228808383272714,0.0933602216815138,0.0316426043049178,0.0639005823192116,0.2450812339041616
ventral,subj03,5,16,6,0.0084550484804367,0.0704184870794605,0.0262313695756088,0.0365934036512742,0.1200685903816149
ventral,subj04,0,16,6,0.057861289363754,0.1669970100433981,0.0468469574951146,0.1080865575190553,0.346480989981302
ventral,subj04,1,16,6,0.1101529856610403,0.2706735863732972,0.1181332362159728,0.2090942132782273,0.4069587547752951
ventral,subj04,2,16,6,0.1510083665193123,0.2785128451986063,0.1018531850342125,0.1672534687223906,0.5421953390035885
ventral,subj04,3,16,6,0.0587947384869448,0.1818731619989248,0.0734888796912111,0.1085611897284973,0.3232733067416095
ventral,subj04,4,16,6,0.1308123274615786,0.3350469331784603,0.1296318856628471,0.2103224691156774,0.3904298607380549
ventral,subj04,5,16,6,0.1923745827835714,0.3389162165812271,0.0779547556752059,0.2572400419438215,0.5676169311817677
ventral,subj05,0,16,6,0.1074210867593668,0.2157985078182197,0.0778081950887193,0.1215542336289146,0.4977841962181414
ventral,subj05,1,16,6,0.1355482508913381,0.2203375671303477,0.0784696844428666,0.1507795155587493,0.6151844765134863
ventral,subj05,2,16,6,0.1130978137871182,0.286977185324043,0.1044680787954074,0.1646712256337816,0.3941003660601549
ventral,subj05,3,16,6,0.0919624741012084,0.230788757848388,0.0743615378346627,0.1598573830385306,0.398470336937388
ventral,subj05,4,16,6,0.1813147145802766,0.2775971202889801,0.0995330848072934,0.1845120742686269,0.6531577647186219
ventral,subj05,5,16,6,0.1261035241011497,0.2080829603541517,0.0750030519242658,0.1074534193526084,0.6060252309296483
ventral,subj06,0,16,6,0.0835328072572082,0.2336052957419835,0.0856769442168968,0.1184364476675824,0.357580965756316
ventral,subj06,1,16,6,0.0822247883202359,0.1704873076317158,0.0667779182161436,0.1057380734140374,0.4822927258482886
ventral,subj06,2,16,6,0.1153046413290429,0.2449742140955202,0.0874324019917612,0.1412169127683922,0.4706807275809178
ventral,subj06,3,16,6,0.0353583133155711,0.1518036831346549,0.0561618268141131,0.0945870628057748,0.2329213138011094
ventral,subj06,4,16,6,0.0304273099994883,0.2211373975330919,0.0721328178104874,0.1353633496182066,0.1375945920451335
ventral,subj06,5,16,6,0.1078764409352641,0.2232958438265327,0.0855529811397279,0.1437300683243667,0.4831099365157367
ventral,subj07,0,16,6,0.0449231767940504,0.1091908512743752,0.0395325317762426,0.0718490720317342,0.4114188713591697
ventral,subj07,1,16,6,0.0260169652853836,0.2182223427429527,0.0811946029093883,0.1374697043291548,0.1192222801678441
ventral,subj07,2,16,6,0.075033345215505,0.1933126901540655,0.059852309128855,0.1265185966177887,0.3881449539381261
ventral,subj07,3,16,6,0.1337042517122265,0.1991970673544742,0.0726304862461063,0.1230773831304428,0.671215964612058
ventral,subj07,4,16,6,0.1714405388178845,0.2594207052527602,0.1011010087381535,0.1579885578254927,0.6608591193630656
ventral,subj07,5,16,6,0.079363867257904,0.214088678722439,0.0783780573689537,0.1522606535250709,0.3707055773873848
ventral,subj08,0,16,6,0.0643015478796701,0.202301282754274,0.0868857755508871,0.1626965264724192,0.3178504209376382
ventral,subj08,1,16,6,0.0521547129653623,0.1408681759591468,0.0527651705415593,0.0886768821832199,0.3702377248108029
ventral,subj08,2,16,6,0.0305125279512724,0.1101719921857617,0.0413541624194644,0.0681048893619657,0.2769535827202352
ventral,subj08,3,16,6,0.0499655149242743,0.2051604626920651,0.0565857651559647,0.137574915593041,0.2435435866571907
ventral,subj08,4,16,6,0.070507129689457,0.1167786774208803,0.036057293238625,0.0804469740521111,0.6037671537873587
ventral,subj08,5,16,6,0.1017372873674615,0.2035525474575683,0.0767331766504355,0.1350402198466756,0.4998084702853902
lateral,subj01,0,8,6,0.0775323804204254,0.1402694840544083,0.0988710137829841,0.1346933674063528,0.5527387581346763
lateral,subj01,1,8,6,0.1920968219965768,0.2228268474938885,0.1853364747288858,0.2111342440418283,0.8620901123768107
lateral,subj01,2,8,6,0.1437720225688586,0.2123300522298526,0.1903318499310417,0.2081164716677781,0.6771157500268582
lateral,subj01,3,8,6,0.1027604986722925,0.192356490235525,0.1833828425523408,0.1903162606563063,0.5342190354298446
lateral,subj01,4,8,6,0.1061897984481771,0.1318271196817355,0.1096234529003513,0.1294563515226111,0.8055231632500701
lateral,subj01,5,8,6,0.0617121143411256,0.0722680390389809,0.056953003053646,0.0704031039559426,0.8539337051589094
lateral,subj02,0,8,6,0.2551943835162446,0.3075588722333877,0.212422439118921,0.2896747935146192,0.829741576508946
lateral,subj02,1,8,6,0.0719304043292045,0.1714209670244516,0.1483475222187115,0.1695581518735119,0.4196126388608248
lateral,subj02,2,8,6,0.1438176307205117,0.1493408429160482,0.129466068479091,0.1447164701320758,0.963016063873154
lateral,subj02,3,8,6,0.2765551222507997,0.3306706320696202,0.2361886979250218,0.3268910998520196,0.8363461868986695
lateral,subj02,4,8,6,0.1605772901448103,0.1680257998695208,0.1373192789485217,0.1608887571842221,0.955670440310389
lateral,subj02,5,8,6,0.1910141524876584,0.2409168572582388,0.1778223489908284,0.2340197048335105,0.792863374782074
lateral,subj03,0,8,6,0.2094871306479462,0.2131013523499833,0.1776408970489013,0.2074350203160083,0.9830398931673536
lateral,subj03,1,8,6,0.0232937644927094,0.1458918115996929,0.1121765489589642,0.1443847431950282,0.1596646462696916
lateral,subj03,2,8,6,0.1696485393378118,0.2640996094627131,0.1932915164241376,0.2393335196540905,0.6423657334554433
lateral,subj03,3,8,6,0.1513800557200776,0.1611341150968251,0.1311929278814604,0.1472239182326542,0.9394662057076724
lateral,subj03,4,8,6,0.1961795272348611,0.1967105698122739,0.1370801582940383,0.1710387900430384,0.9973003861565772
lateral,subj03,5,8,6,0.1453834563403579,0.1464878210145997,0.1180524589898606,0.1438934054567649,0.992461047842798
lateral,subj04,0,8,6,0.03657319939271,0.0651868011688624,0.0519817521018896,0.0649903072779661,0.5610522181932105
lateral,subj04,1,8,6,0.0632147887643273,0.0771813895985363,0.0574686846266548,0.0771251661823441,0.8190418583176974
lateral,subj04,2,8,6,0.0380488853050402,0.0405139982961966,0.0257423965936002,0.0398214647410989,0.9391540431745578
lateral,subj04,3,8,6,0.0991120827134319,0.1017051773044355,0.0760635277339561,0.0965963468560213,0.9745038093464832
lateral,subj04,4,8,6,0.2393075074449467,0.2709241762270326,0.2382092563084759,0.2623654293293992,0.883300673928814
lateral,subj04,5,8,6,0.0506985520991008,0.0508974608127864,0.0375996131607226,0.0497842993002322,0.996091971770121
lateral,subj05,0,8,6,0.1886812794782313,0.2091765368879876,0.1572073368795147,0.1936593283950627,0.902019329152909
lateral,subj05,1,8,6,0.1823752864647911,0.2038286482171195,0.191114457671124,0.1981225077377427,0.8947480546038052
lateral,subj05,2,8,6,0.1169196131022162,0.1483025517873548,0.1151514957899184,0.1445600981919179,0.7883857134829524
lateral,subj05,3,8,6,0.0437048752012019,0.0500327248201424,0.0369194963120995,0.0478345284213887,0.873525784540262
lateral,subj05,4,8,6,0.1927264668145941,0.2166706086439657,0.1804547532187412,0.2091098538704695,0.889490586751816
lateral,subj05,5,8,6,0.0644267244581239,0.0703961996072695,0.0554065491585981,0.0686580840013228,0.91520174125239
lateral,subj06,0,8,6,0.1873236381767147,0.2234750663331012,0.1810564184778207,0.2218029139116986,0.8382305965959491
lateral,subj06,1,8,6,0.071597353910209,0.0812606946144306,0.0629107363207305,0.0796757251579319,0.8810822286214425
lateral,subj06,2,8,6,0.071144156467984,0.0813986084648856,0.0709181673141873,0.0808623861469237,0.8740217776410121
lateral,subj06,3,8,6,0.154477537057818,0.1881672215574576,0.1494644253673071,0.1845620237802702,0.8209588034473247
lateral,subj06,4,8,6,0.0892674013369929,0.099779136612368,0.0814961396879318,0.0931391102695933,0.8946499675958091
lateral,subj06,5,8,6,0.0435263312165217,0.0448984575942934,0.0381646098155616,0.0436034027704274,0.9694393426569278
lateral,subj07,0,8,6,0.1381595469866184,0.1427478683487425,0.1155749831578303,0.1405579229652725,0.9678571637166972
lateral,subj07,1,8,6,0.1077340355753255,0.1220275794371165,0.1081198978190084,0.120069734853032,0.8828662837718849
lateral,subj07,2,8,6,0.1273292166310208,0.1300632432241092,0.1040878101970277,0.1219609882780259,0.9789792525135068
lateral,subj07,3,8,6,0.1091322020413158,0.1678574195297153,0.1514190265656441,0.1637453412909222,0.6501482171420876
lateral,subj07,4,8,6,0.0726358709574242,0.0734582290267307,0.0520396999817783,0.0730569285053152,0.988805092632886
lateral,subj07,5,8,6,0.1083409963260049,0.1156765417716253,0.1068480919767452,0.112829691307677,0.936585712770506
lateral,subj08,0,8,6,0.0956057478141097,0.1442917390460791,0.1203323096882331,0.1429659715928143,0.6625864269580833
lateral,subj08,1,8,6,0.0532055351321378,0.0664528425110582,0.0492366079342228,0.0643244318098569,0.8006510048578281
lateral,subj08,2,8,6,0.0725517381109388,0.0877897863130269,0.0704400402801837,0.0856131413666361,0.826425728526611
lateral,subj08,3,8,6,0.0784601778730941,0.1284040465544457,0.0971063327010567,0.1252198185075493,0.6110413182331098
lateral,subj08,4,8,6,0.065209966547492,0.0766171658942724,0.0588273783848547,0.0741949460324399,0.8511143134356899
lateral,subj08,5,8,6,0.029445209344667,0.0551297706300046,0.0489549903177204,0.0545040161945622,0.5341072347694722
parietal,subj01,0,16,6,0.0700472892470383,0.3056013410457258,0.1120012634889424,0.1855266313382889,0.2292113280895501
parietal,subj01,1,16,6,0.1022673964084977,0.2296393347397089,0.0820824404267247,0.1591916117470297,0.4453391947177322
parietal,subj01,2,16,6,0.0769803401823874,0.2537462174584374,0.0943434283489558,0.1522544044516451,0.3033753210330967
parietal,subj01,3,16,6,0.1132534144430998,0.2977722349620777,0.1113265093671127,0.2152936640675368,0.3803357101360475
parietal,subj01,4,16,6,0.0807362442147711,0.3325972898907604,0.0916627722956634,0.2364548467536598,0.242744744676929
parietal,subj01,5,16,6,0.139474285629723,0.2834233415118931,0.0879929125019997,0.2451888757979171,0.492105854393331
parietal,subj02,0,16,6,0.1762924215503941,0.475490634913747,0.1736654624918954,0.2915119261954026,0.370758977371601
parietal,subj02,1,16,6,0.034538784740119,0.215369627080706,0.0727464665046184,0.1253269993113224,0.1603698033389647
parietal,subj02,2,16,6,0.1725768647732502,0.3693640409574922,0.1452325775681311,0.2538593564453362,0.467227032512109
parietal,subj02,3,16,6,0.0724367691649136,0.4107276963291764,0.0796793901724419,0.3394305567958537,0.1763620272319289
parietal,subj02,4,16,6,0.1045089534461895,0.4657235117616187,0.1893277291354172,0.3088403725808975,0.2244012827501022
parietal,subj02,5,16,6,0.1222715274901557,0.2761727163309501,0.084355000396131,0.1714154859408476,0.4427357239142779
parietal,subj03,0,16,6,0.1071304194793568,0.240091240830356,0.0873798011854066,0.145547136040183,0.4462071132159843
parietal,subj03,1,16,6,0.0116804943997209,0.1166471743518937,0.0372256424247603,0.0716039469629636,0.1001352537223406
parietal,subj03,2,16,6,0.0862163610770649,0.407867165283382,0.1399751186932113,0.2524638947081012,0.2113834317041988
parietal,subj03,3,16,6,0.1521240319009045,0.2877908195304592,0.0867120895335156,0.2025311124438747,0.5285923718800349
parietal,subj03,4,16,6,0.038607844384426,0.3107384510032166,0.126112560597369,0.194008842979562,0.124245468366663
parietal,subj03,5,16,6,0.1116665581135147,0.2780825849803577,0.1125014710272391,0.1874816444421489,0.4015589761631505
parietal,subj04,0,16,6,0.0880747350348622,0.2570950094690967,0.0935268582084408,0.1617239274367553,0.3425766031660331
parietal,subj04,1,16,6,0.103266875745567,0.3421132369967653,0.1152519869002361,0.2403914718706152,0.3018499858470644
parietal,subj04,2,16,6,0.2079352956090447,0.4057457620259889,0.1489580674912563,0.2466274886635396,0.5124768144731136
parietal,subj04,3,16,6,0.0362679520655054,0.2818039848696021,0.0677804816561942,0.2174000555331248,0.1286992165220357
parietal,subj04,4,16,6,0.1113364125073473,0.3294633848722949,0.0958163942601538,0.2408494979483112,0.3379325825554275
parietal,subj04,5,16,6,0.0955944237388096,0.2697736708469039,0.1035316984607997,0.200018575164895,0.354350457695552
parietal,subj05,0,16,6,0.1202975464779709,0.2676829196401427,0.1053255997510122,0.1629182320509967,0.4494031469758771
parietal,subj05,1,16,6,0.1011321872916097,0.2265045784328415,0.0850404850676605,0.1474746797918212,0.4464906978540187
parietal,subj05,2,16,6,0.2168794576122837,0.4564597495527344,0.1603426810036849,0.2806993571330887,0.4751338049516848
parietal,subj05,3,16,6,0.1700605830773963,0.5215963418321659,0.1972546213321547,0.3584721632608186,0.326038680562903
parietal,subj05,4,16,6,0.3320721293542617,0.5256568225241475,0.1902470528070892,0.2995316309758341,0.6317279927228703
parietal,subj05,5,16,6,0.121097896622887,0.4978730834443909,0.144468931609918,0.3241416956234097,0.2432304550089477
parietal,subj06,0,16,6,0.40906957103297,0.5420974632689411,0.1873051541915891,0.318920984215271,0.7546052117016191
parietal,subj06,1,16,6,0.0898522321271834,0.307330296831646,0.1117553736168159,0.2148698166877895,0.2923637306620766
parietal,subj06,2,16,6,0.1688493591894901,0.4307996595858643,0.0865729739123136,0.3347929989425429,0.3919440404196423
parietal,subj06,3,16,6,0.2027797713453089,0.4355039205569088,0.1686123926299336,0.2852969060907095,0.4656210008075254
parietal,subj06,4,16,6,0.0998573568460519,0.277920623639048,0.0796491117200279,0.1929437538521179,0.3593017154989641
parietal,subj06,5,16,6,0.2933034114650372,0.4974027907393948,0.1591175549259756,0.3476563216444473,0.5896698147371439
parietal,subj07,0,16,6,0.0405182910720083,0.1568752788786188,0.0555244926857697,0.0934412113895753,0.2582834679985432
parietal,subj07,1,16,6,0.0711667841149152,0.3699621182037855,0.1467571007898942,0.229306340740176,0.1923623544497995
parietal,subj07,2,16,6,0.1251458136459792,0.450682936360036,0.1584325804255231,0.2759143942967581,0.2776803902466905
parietal,subj07,3,16,6,0.1047775783724156,0.475385925664078,0.1784566879132973,0.3297477908595136,0.2204053017052394
parietal,subj07,4,16,6,0.0671014456835693,0.2057406395859058,0.0684519216396931,0.1313332987285254,0.3261458009395927
parietal,subj07,5,16,6,0.0537560941941147,0.3021510497753509,0.1198752403257944,0.1991199491030156,0.1779113269144103
parietal,subj08,0,16,6,0.1172946910994425,0.4782276887073506,0.187469390454695,0.3497871591891585,0.2452695522847915
parietal,subj08,1,16,6,0.0838672474062728,0.5035816147794403,0.1881723800944648,0.3161749403292224,0.1665415196760215
parietal,subj08,2,16,6,0.2831907101101927,0.5022580780046342,0.1888805404276186,0.3572380583753319,0.563835053156835
parietal,subj08,3,16,6,0.1797297522694037,0.4844000136748362,0.1848144071289025,0.3180274084593046,0.3710358117166593
parietal,subj08,4,16,6,0.1638483424917144,0.3074470480680814,0.0952920440957441,0.2076010572110882,0.5329319098078692
parietal,subj08,5,16,6,0.199707757886721,0.3779729396996391,0.1396379184347696,0.2196213911780209,0.5283652264773802
V1,subj01,0,16,6,0.388099626711211,0.6676205502011696,0.2267064898082177,0.5127834055028603,0.5813176760275992
V1,subj01,1,16,6,0.2804871553699429,0.6050949831336198,0.2321399560081972,0.3880299556071532,0.4635423581226494
V1,subj01,2,16,6,0.3357761583375282,0.5272385627235368,0.2041546808314688,0.3281951860847313,0.6368581171358592
V1,subj01,3,16,6,0.2272066117438476,0.6392566430802626,0.2291383445712745,0.3808991230777556,0.3554231531315044
V1,subj01,4,16,6,0.1514948345697142,0.5684532759612507,0.1991750442117526,0.3938042268390571,0.2665035825742009
V1,subj01,5,16,6,0.252114876737047,0.872050468521588,0.3258527557683588,0.4770483950981004,0.289105832560889
V1,subj02,0,16,6,0.216652262792251,0.5798755742612349,0.211360058886614,0.3743782389923092,0.373618535438861
V1,subj02,1,16,6,0.3304570456833558,0.6643173834059309,0.2591263072746266,0.3758341007754251,0.4974385044526678
V1,subj02,2,16,6,0.1143875184590581,0.5649290993525125,0.2152663147205261,0.3740537916397038,0.202481193817352
V1,subj02,3,16,6,0.1497356044792752,0.6282488974993041,0.2428797285252183,0.3525275010815644,0.2383380298402213
V1,subj02,4,16,6,0.2775144707053487,0.8330856064933926,0.3456221383252166,0.5022474910579763,0.3331163910914955
V1,subj02,5,16,6,0.1905651102003623,0.3514098254973954,0.1267009254604308,0.2067258437897898,0.5422873703961779
V1,subj03,0,16,6,0.4792162788522693,0.7493867852531655,0.2315633127930579,0.5221595499598501,0.6394778881647555
V1,subj03,1,16,6,0.1602777761657618,0.5881002919178642,0.1684962298857565,0.4026606742134828,0.2725347672300539
V1,subj03,2,16,6,0.307918346370918,0.7575170324346725,0.2740191906832705,0.4904740845067601,0.4064837266843535
V1,subj03,3,16,6,0.1303546544572354,0.6647729469682073,0.2447633123138234,0.4054012041460961,0.1960889880548487
V1,subj03,4,16,6,0.2193784603557618,0.4903554434636089,0.1339246591668848,0.3999842915737974,0.4473866116509069
V1,subj03,5,16,6,0.3619457576690436,0.5557462643232308,0.2172575102267963,0.3472881192522583,0.6512787955665504
V1,subj04,0,16,6,0.780806661673219,0.953299397588786,0.3690118057345925,0.608056489265215,0.8190571227131171
V1,subj04,1,16,6,0.4392878090461996,0.8849538760828317,0.3155037149475255,0.5845618241108359,0.4963962765954169
V1,subj04,2,16,6,0.5050231964459462,0.7015954981723832,0.2674030344846708,0.433660831399718,0.7198210332898418
V1,subj04,3,16,6,0.3621094856518925,0.9573651515014248,0.4263314636218474,0.8390387302050429,0.3782354988417954
V1,subj04,4,16,6,0.2095512375555724,0.6068353553983095,0.1750700521436547,0.399887606674447,0.345318109255564
V1,subj04,5,16,6,0.5519065163536004,0.9923078493119408,0.3435393723260987,0.6805333799351971,0.5561847734413151
V1,subj05,0,16,6,0.266188888805254,0.5386216596093492,0.2026080935216627,0.3958686089357568,0.4942038331661507
V1,subj05,1,16,6,0.2710745081735787,0.6065847328282897,0.1578255153087924,0.4412836846385584,0.446886466973302
V1,subj05,2,16,6,0.2618123583043821,0.6765534837919384,0.2393733891578301,0.4028562634439748,0.3869795434900128
V1,subj05,3,16,6,0.2296993134859936,0.8212645207489233,0.3148723147293871,0.5107048735307106,0.2796898047860723
V1,subj05,4,16,6,0.3868578897611823,0.800359695422283,0.3125508314003352,0.4801357919767847,0.4833550364590382
V1,subj05,5,16,6,0.5017631677835072,0.7091669810612033,0.2586359303258061,0.4853196877924965,0.7075388183367824
V1,subj06,0,16,6,0.1215302904908366,0.5786635578766166,0.2121932815946881,0.3976803037387903,0.2100189113978203
V1,subj06,1,16,6,0.2402640562215352,0.8322036587893998,0.3363647620444107,0.5368848798352978,0.2887082430892523
V1,subj06,2,16,6,0.1750115040948507,0.7075777097939348,0.2652350711859242,0.4324877204490203,0.2473389165210117
V1,subj06,3,16,6,0.2904926539201025,0.6792473198901398,0.258939978949446,0.409276116972654,0.4276684580324678
V1,subj06,4,16,6,0.2496021046581099,0.5440328475605974,0.2000083416838788,0.3486737120436845,0.4587996952340415
V1,subj06,5,16,6,0.1198809399064907,0.6664665770821703,0.2542327142660591,0.3332516498399585,0.1798753966498013
V1,subj07,0,16,6,0.3134609854034522,0.5124739186688744,0.1951355890403328,0.308993901640213,0.6116623187725369
V1,subj07,1,16,6,0.0940974802952701,0.3139178043503536,0.1180174285702156,0.1802859103093595,0.2997519700738317
V1,subj07,2,16,6,0.1711352444146769,0.8090638080570892,0.3145786834197508,0.6323588027337036,0.2115225557124429
V1,subj07,3,16,6,0.1286229962617367,0.3972822383193054,0.1399634859704455,0.2598319347362369,0.32375722812546
V1,subj07,4,16,6,0.1657252067892305,0.6326711762746531,0.2449722409548391,0.3734568901297669,0.261945245814844
V1,subj07,5,16,6,0.1925764602582322,0.8608404268654891,0.2607645070148737,0.5291720427794844,0.2237075005404263
V1,subj08,0,16,6,0.1340235313745872,0.5088191524676702,0.1981340430780115,0.335174627820573,0.2634011135874115
V1,subj08,1,16,6,0.0813137327357741,0.4750417460610169,0.1281760595406128,0.380296405159484,0.1711717620819998
V1,subj08,2,16,6,0.2693664466449739,0.5314923046418559,0.2029164156126019,0.3176602383354228,0.5068115648945951
V1,subj08,3,16,6,0.0373167888035915,0.4004919840664192,0.1470306002592946,0.2772892269242007,0.0931773675585047
V1,subj08,4,16,6,0.4903299127627046,0.7348092470818918,0.2859844673148666,0.4546575118490747,0.6672887075250145
V1,subj08,5,16,6,0.2654299989485618,0.5604136026170395,0.2110872980071914,0.3633248457829469,0.4736323274614451
V3,subj01,0,8,6,0.2299338785834216,0.2393734816217862,0.2286863027727935,0.236568665337238,0.9605653768562415
V3,subj01,1,8,6,0.0396080254375883,0.0441133613096825,0.0370765453071619,0.0430848482656739,0.897869132200876
V3,subj01,2,8,6,0.17121283920863,0.1821739793709722,0.159309140387117,0.1721794139332379,0.9398314720895384
V3,subj01,3,8,6,0.1422273020884968,0.1504664156446418,0.1406942688260542,0.1483331914249488,0.9452428402654094
V3,subj01,4,8,6,0.2179229428600593,0.2257589131426075,0.1916254220889773,0.2168397870930571,0.965290538595044
V3,subj01,5,8,6,0.1482880764807467,0.1612081923012249,0.131692729502954,0.1560518497781856,0.9198544711900472
V3,subj02,0,8,6,0.4354453378423686,0.4495190509899027,0.3309983412531531,0.4150186542368046,0.9686916202627188
V3,subj02,1,8,6,0.2210075062376515,0.3574876400704266,0.2611741433451271,0.3217712839417612,0.6182241886575773
V3,subj02,2,8,6,0.2486679959116522,0.4016621132859259,0.3119662614581225,0.3997972343468868,0.6190974644766565
V3,subj02,3,8,6,0.4609725510528709,0.6149446041399482,0.4834887015970516,0.5851642757620661,0.7496163848735282
V3,subj02,4,8,6,0.1107555709484205,0.1514594017477209,0.1359214700130938,0.1470189515405938,0.7312558327207779
V3,subj02,5,8,6,0.0718119388500036,0.0774456358849075,0.0582868361019301,0.0771868092976791,0.9272561071965858
V3,subj03,0,8,6,0.074107053734305,0.0752213254996569,0.0651323151496585,0.0747035257031604,0.9851867571071052
V3,subj03,1,8,6,0.1178656887436299,0.1733787194845104,0.1394268454821122,0.1730321262171738,0.6798163528607674
V3,subj03,2,8,6,0.1396489891766316,0.1587232178034476,0.1378224769871173,0.158126263404541,0.87982710475013
V3,subj03,3,8,6,0.4794110476877159,0.5457932744179615,0.3587844882784612,0.538569021692773,0.8783747806327658
V3,subj03,4,8,6,0.3343354766842477,0.3367992717008068,0.2526420899503845,0.3311570274741885,0.9926846783126426
V3,subj03,5,8,6,0.2489658483242336,0.2670581077921088,0.2295332614147657,0.2624562753986121,0.9322534724092364
V3,subj04,0,8,6,0.4018738393115023,0.4324332482695835,0.4106056156310623,0.4301347169710269,0.9293315001092836
V3,subj04,1,8,6,0.4436698394445812,0.5139980235674999,0.4821796923500682,0.5119076969039049,0.863174212938033
V3,subj04,2,8,6,0.1999282553767973,0.2462035276251475,0.1853571533304829,0.2444576043851452,0.8120446417047046
V3,subj04,3,8,6,0.217499981208586,0.2430237403168095,0.2313560717139951,0.2427315822258373,0.894974214967845
V3,subj04,4,8,6,0.2250696199115684,0.2427814829840659,0.2016028812304854,0.2339234974935152,0.9270460709985038
V3,subj04,5,8,6,0.4652645204747592,0.6373262507883753,0.4657097930366217,0.6137930254717534,0.7300256656606016
V3,subj05,0,8,6,0.3495824957548199,0.5362493956812265,0.4022566887681111,0.4836133836164561,0.6519028246376416
V3,subj05,1,8,6,0.2493209287627905,0.3276917979536651,0.2576358221738934,0.2991049106114639,0.7608396985207545
V3,subj05,2,8,6,0.1568767017546981,0.1824302339628157,0.1394862313112811,0.1708345066897938,0.8599270984143662
V3,subj05,3,8,6,0.0725446895645801,0.0759260356262442,0.0594402921107271,0.0718364437753985,0.955465262557508
V3,subj05,4,8,6,0.113315117658708,0.1237207253238837,0.0956801739095259,0.1201213692941578,0.9158943852136716
V3,subj05,5,8,6,0.2113026500287308,0.2618001862900381,0.1918774022891022,0.2439830176478846,0.8071142080649133
V3,subj06,0,8,6,0.2134539431736706,0.230561769739624,0.1848888857456674,0.2298281681652704,0.9257993786859224
V3,subj06,1,8,6,0.2591379776080022,0.2992813604623167,0.2538541540598416,0.2909140679064557,0.8658674138867093
V3,subj06,2,8,6,0.1931137387382327,0.2230475172733792,0.1846760766544196,0.2182490099658409,0.8657964056221346
V3,subj06,3,8,6,0.2088814848174748,0.2458831956771241,0.200033201072606,0.2453846237177603,0.8495150888300751
V3,subj06,4,8,6,0.0891563513094161,0.0933039810787427,0.0695523581910904,0.0922428818633607,0.9555471297004337
V3,subj06,5,8,6,0.1883916265671277,0.2108254239845993,0.164773489123015,0.2106656315854956,0.8935906448402996
V3,subj07,0,8,6,0.2870702979129687,0.2989175974154769,0.21699293787954,0.2955103101016853,0.9603660018515364
V3,subj07,1,8,6,0.2219130994592566,0.3766119720700324,0.2928458064232354,0.3540817343799851,0.5892353826128264
V3,subj07,2,8,6,0.4643783836587348,0.4821978980445306,0.3751154451386375,0.4507295718164773,0.963045225916455
V3,subj07,3,8,6,0.4595934206181039,0.479026517767811,0.3797960235657649,0.4786174804723507,0.959432105679113
V3,subj07,4,8,6,0.5328274566670628,0.7680530771304518,0.6411107370095129,0.7495211158898893,0.6937378060612385
V3,subj07,5,8,6,0.3551241359466232,0.3568978572345789,0.2641371007586727,0.3411741130231543,0.9950301710923696
V3,subj08,0,8,6,0.538445287709986,0.7708534366434427,0.5868598849399028,0.7165969428583512,0.6985053994888566
V3,subj08,1,8,6,0.2820998983049468,0.5407812211266023,0.4774336929787929,0.5239040119048965,0.5216525413313203
V3,subj08,2,8,6,0.3439544998067084,0.6683180452172361,0.6398431408343662,0.6638844428842913,0.5146569096378452
V3,subj08,3,8,6,0.5446185514403926,0.5558993070867018,0.5102679155947889,0.5392680813290752,0.9797071960650066
V3,subj08,4,8,6,0.4545812101733545,0.4889952996663218,0.4058710502335242,0.4853342162043113,0.9296228623946884
V3,subj08,5,8,6,0.4073853410597455,0.4999993996254676,0.4424486272509524,0.4983536984763218,0.8147716604558003
