participant,ROI,beta,fold,n_voxels,v2v_lambda_median,v2v_r_model,v2i_lambda_min,v2i_lambda_median,v2i_lambda_max,v2i_n_unique_lambdas,v2i_r_model,val_score,test_mean_r,test_median_r,finite_frac,target_constant,prediction_constant,null_mean,null_p95_mean,fraction_voxels_above_null_p95
subj01,V1,B0,0,27,40.37017258596558,7,0.001,27.825594022071257,100000.0,17,11,0.2844355476621146,0.2739604524537242,0.2951960506948116,1.0,0,0,0.004223243120146463,0.3446507095845138,0.3333333333333333
subj01,V1,B0,1,27,27.825594022071257,5,0.001,10.974987654930567,100000.0,17,12,0.2322701077445479,0.06950442518360533,0.10147064186035244,1.0,0,0,-0.003980929331318514,0.3332047275049177,0.037037037037037035
subj01,V1,B0,2,27,48.62601580065353,12,0.1261856883066021,178.8649529057435,100000.0,20,7,0.257399478873507,0.2251084532597648,0.23262310195334626,1.0,0,0,0.0059213092806448975,0.3499025892951046,0.3333333333333333
subj01,V1,B0,3,27,9.111627561154895,10,0.001,48.62601580065353,100000.0,19,7,0.2722016932280391,0.19786067391759726,0.2267504539209192,1.0,0,0,-0.0011036519769973346,0.3410615724126218,0.18518518518518517
subj01,V1,B1,0,27,27.825594022071257,3,0.001,215.44346900318865,100000.0,15,8,0.1402306686636691,0.09222134408944328,0.057582036054475934,1.0,0,0,-0.001755320395196255,0.33648378026636466,0.18518518518518517
subj01,V1,B1,1,27,84.97534359086455,3,0.001,2.0565123083486534,100000.0,13,11,0.07099482378743024,0.0992025527330783,0.10078702975320698,1.0,0,0,-0.0015983758490688458,0.3429578627551387,0.07407407407407407
subj01,V1,B1,2,27,19.179102616724887,12,0.001,10.974987654930567,100000.0,17,7,0.1427858824318759,-0.042634519366884685,-0.036438070673756456,1.0,0,0,0.000984252425628834,0.3476743302527738,0.0
subj01,V1,B1,3,27,33.516026509388475,7,0.001,19.179102616724887,100000.0,20,1,0.2785262059087063,0.1280869817129879,0.19396480923360018,1.0,0,0,0.003326995022298376,0.35176796335959826,0.07407407407407407
subj01,V2,B0,0,29,2.9836472402833403,6,0.001,0.013530477745798075,100000.0,19,1,0.4267685488363622,0.044760348006184406,0.05097242554272605,1.0,0,0,-0.0018160326832785778,0.3430610065427416,0.1724137931034483
subj01,V2,B0,1,29,178.8649529057435,12,0.001,13.219411484660315,100000.0,17,8,0.30080151187462156,0.018133637621437063,-0.007946904154627937,1.0,0,0,-1.1953277068493859e-05,0.3432127051486208,0.06896551724137931
subj01,V2,B0,2,29,6.280291441834259,4,0.0030538555088334154,1668.100537200059,100000.0,17,9,0.20284457450115875,0.09754990145978043,0.12520335899527096,1.0,0,0,0.0026391485566621352,0.35168591799100446,0.034482758620689655
subj01,V2,B0,3,29,27.825594022071257,8,0.001,84.97534359086455,100000.0,17,9,0.10466627085251372,0.09883087800052147,0.12070152319562619,1.0,0,0,0.0029104554199569353,0.3468095490670951,0.06896551724137931
subj01,V2,B1,0,29,0.9770099572992257,7,0.001,0.001,100000.0,10,1,0.17063545917218365,0.03247452503241346,0.01935500548050118,1.0,0,0,-0.0031412844275129966,0.34667593527501733,0.034482758620689655
subj01,V2,B1,1,29,58.57020818056673,11,0.001,7390.722033525791,100000.0,11,10,0.1365402466245115,0.029799897660518538,-0.019076031659604684,1.0,0,0,0.005243366900393811,0.3518440194430327,0.13793103448275862
subj01,V2,B1,2,29,1.1768119524349991,5,0.001,7.56463327554629,100000.0,15,12,0.2735693396054675,0.11497192977386789,0.10834121387668498,1.0,0,0,-0.007913489846793877,0.3374094797857786,0.034482758620689655
subj01,V2,B1,3,29,33.516026509388475,12,0.001,1.7073526474706922,100000.0,15,3,0.3550823520342371,-0.051046820216678765,-0.08213794462893899,1.0,0,0,0.0017366139271915075,0.345749142949377,0.034482758620689655
subj01,V3,B0,0,24,86.45056264854458,2,0.001,21.140199808778256,100000.0,16,8,0.1913539211234856,0.14872510688018212,0.13396879490382785,1.0,0,0,-0.002322095661136004,0.33791579850041414,0.16666666666666666
subj01,V3,B0,1,24,191.3935475420903,6,0.001,215.44346900318865,100000.0,13,10,0.20887368514949925,0.07603420142945476,0.09802571824174731,1.0,0,0,-0.00012379628434224348,0.34178085922496537,0.08333333333333333
subj01,V3,B0,2,24,86.45056264854458,4,0.001,0.8679464853431109,100000.0,21,10,0.25975421256829573,0.09402620402985325,0.09350109143964098,1.0,0,0,-0.0006974821869553859,0.3438272758381619,0.08333333333333333
subj01,V3,B0,3,24,203.9996236827102,12,0.001,264.0075269860064,100000.0,8,7,0.14896723863152264,-0.021440372026597616,-0.0413477401838413,1.0,0,0,-0.001166416651773867,0.34079406718280914,0.041666666666666664
subj01,V3,B1,0,24,6.922462358690275,5,0.001,4.3786838989129855,100000.0,15,7,0.15701321981607996,0.005340359253392833,0.01737013719980886,1.0,0,0,-0.0032304209376410923,0.33609655909300207,0.0
subj01,V3,B1,1,24,30.670810265729866,11,0.001,525.9926597469462,100000.0,10,12,0.21225427356972695,-0.028661879238002484,-0.03467200462690255,1.0,0,0,-0.0017017228964093963,0.3313186096115558,0.041666666666666664
subj01,V3,B1,2,24,19.179102616724887,8,0.001,148.49682622544665,100000.0,12,10,0.10087123030760513,0.10198146937083608,0.10699131953335128,1.0,0,0,0.004032756696590167,0.3466063649347905,0.041666666666666664
subj01,V3,B1,3,24,269.23159720186186,9,0.001,1384.8863713938745,100000.0,8,6,0.07889695672968738,-0.032689308826919526,-0.028353021159720014,1.0,0,0,0.001636634185897346,0.35480744279512616,0.0
subj01,hV4,B0,0,14,100000.0,6,0.001,163.68088956559507,100000.0,9,12,0.07258955542223679,0.07922323387011947,0.04579760881623007,1.0,0,0,-0.0005674895636935655,0.33495964446563814,0.07142857142857142
subj01,hV4,B0,1,14,100000.0,7,0.8111308307896873,100000.0,100000.0,7,7,0.10845591048718069,0.02879157500601337,0.02883305449172184,1.0,0,0,0.003649246319377259,0.33869774305569056,0.0
subj01,hV4,B0,2,14,30.670810265729866,1,0.001,0.2008251838586298,100000.0,12,11,0.19000563924587627,0.10312500823873598,0.11472641342987154,1.0,0,0,-0.0016381484610806965,0.34100079384810617,0.14285714285714285
subj01,hV4,B0,3,14,34.09788330401842,5,0.001,51210.064132397194,100000.0,7,10,0.06339892439242663,0.02163854033729536,0.012248859939988256,1.0,0,0,0.0020364725250791747,0.3479877370650074,0.07142857142857142
subj01,hV4,B1,0,14,50226.74392540643,3,0.001,50020.185086292986,100000.0,8,7,0.09648692872892471,0.12148250228360216,0.09044040375256092,1.0,0,0,0.002016357190477104,0.34618268019744697,0.21428571428571427
subj01,hV4,B1,1,14,25.463445511451443,1,0.0012045035402587824,0.17334938114845333,148.49682622544665,12,12,0.014937966666914966,-0.01700749605483891,0.023929317705246412,1.0,0,0,-0.002101525700079532,0.3386305984670109,0.0
subj01,hV4,B1,2,14,5.020854815769001,1,0.001,0.0019262162722598515,2009.23300256505,10,3,0.06552375358760787,-0.08353735726247037,-0.20390134575987587,1.0,0,0,0.0037014782657939214,0.3454356639448433,0.14285714285714285
subj01,hV4,B1,3,14,93.66422289038363,12,0.001,51.88528817641475,100000.0,8,8,-0.09411214800912412,-0.05579382139629404,-0.0930125403027846,1.0,0,0,0.002223133034645334,0.34227848841729447,0.07142857142857142
subj01,ventral,B0,0,153,215.44346900318865,6,0.001,84.97534359086455,100000.0,53,5,0.17402417164017842,0.1793621535575796,0.19947545770163055,1.0,0,0,-0.0007841572181197074,0.34401270567816244,0.21568627450980393
subj01,ventral,B0,1,153,148.49682622544665,2,0.001,40.37017258596558,100000.0,61,2,0.16155498994628245,0.06449461210176377,0.07976122079769159,1.0,0,0,-0.0006093581150053587,0.34048395570135576,0.1111111111111111
subj01,ventral,B0,2,153,546.2277217684348,8,0.001,546.2277217684348,100000.0,57,9,0.17165888795609052,0.1355851684215454,0.1319146122953699,1.0,0,0,-0.0005868410077808882,0.34384375998200256,0.1503267973856209
subj01,ventral,B0,3,153,33.516026509388475,5,0.001,84.97534359086455,100000.0,50,11,0.17220268783431286,-0.006669486321137407,-0.003734568881823291,1.0,0,0,-0.0012868347496447527,0.3420802752434952,0.08496732026143791
subj01,ventral,B1,0,153,954.5484566618347,8,0.001,13.219411484660315,100000.0,52,5,0.09140875586291163,-0.16127548322819638,-0.18091087781966772,1.0,0,0,-0.00028553665435920503,0.3413337293633998,0.013071895424836602
subj01,ventral,B1,1,153,4229.242874389508,5,0.001,15.922827933410938,100000.0,46,8,0.029400820211794344,0.038922875240860674,0.0360434245282337,1.0,0,0,0.0006879539925094733,0.34006682757980944,0.08496732026143791
subj01,ventral,B1,2,153,148.49682622544665,11,0.001,27.825594022071257,100000.0,45,12,0.13912166799245482,-0.041616534589347096,-0.06248736136211618,1.0,0,0,0.0016169203947846561,0.34646782152129935,0.032679738562091505
subj01,ventral,B1,3,153,123.28467394420684,5,0.001,33.516026509388475,100000.0,55,9,0.0845563322032941,0.05026734803750576,0.06214860094749695,1.0,0,0,0.00041484087684364953,0.3436900538482011,0.10457516339869281
subj01,lateral,B0,0,156,178.8649529057435,8,0.001,104.1300087675357,100000.0,47,8,0.17787044885534245,0.10593152865606584,0.09126832156920171,1.0,0,0,-0.0015188907122204675,0.3417900456650163,0.21153846153846154
subj01,lateral,B0,1,156,53.598111990610136,5,0.001,102.35310218990269,100000.0,57,9,0.23994884919521106,0.1682024332283793,0.16980265421309157,1.0,0,0,-0.0017674209125952444,0.3396636282826991,0.1987179487179487
subj01,lateral,B0,2,156,58.57020818056673,3,0.001,178.8649529057435,100000.0,59,11,0.24400511628822721,-0.018305540690039764,-0.01506118039080653,1.0,0,0,-0.0011769169906466058,0.3396444714699017,0.019230769230769232
subj01,lateral,B0,3,156,102.35310218990269,11,0.001,102.35310218990269,100000.0,48,12,0.24217547523115576,0.13744640721063106,0.1457247892725686,1.0,0,0,0.0008697217162607517,0.34103368313949733,0.1794871794871795
subj01,lateral,B1,0,156,178.8649529057435,9,0.001,48.62601580065353,100000.0,45,12,0.1370575788996599,-0.0700009293858012,-0.0832882924631952,1.0,0,0,-0.0012902157042429846,0.3420406727607995,0.01282051282051282
subj01,lateral,B1,1,156,163.68088956559507,2,0.001,5.21400828799969,100000.0,54,12,0.06439982867571271,-0.05439816951993446,-0.05263672593539323,1.0,0,0,0.00044669423496857257,0.34235777812180884,0.019230769230769232
subj01,lateral,B1,2,156,40.37017258596558,11,0.001,11.165519522907605,100000.0,46,11,0.1899440749350726,-0.09437023467683335,-0.11611963004634646,1.0,0,0,0.0012721319897959302,0.3469910641124432,0.038461538461538464
subj01,lateral,B1,3,156,13.219411484660315,12,0.001,30.670810265729866,100000.0,39,12,0.06489997522578375,0.08492341084585504,0.08126556422188087,1.0,0,0,-0.0018583973086242235,0.34362204980413535,0.14743589743589744
subj01,parietal,B0,0,71,15.922827933410938,6,0.001,33.516026509388475,100000.0,41,2,0.32930153746231106,0.2714818658451988,0.2730514647583902,1.0,0,0,-0.0003816224526583453,0.3399312039160158,0.4225352112676056
subj01,parietal,B0,1,71,33.516026509388475,11,0.001,0.31992671377973847,100000.0,40,2,0.26553262476580486,0.025165830566587777,0.028835696314760503,1.0,0,0,-0.0015960612088710823,0.3413405283086662,0.056338028169014086
subj01,parietal,B0,2,71,0.001,1,0.001,0.005336699231206312,100000.0,39,7,-0.02827377062992762,-0.11385413970777739,-0.21003514783596364,1.0,0,0,-0.0006591697974638407,0.33975866107038544,0.08450704225352113
subj01,parietal,B0,3,71,19.179102616724887,2,0.001,0.03430469286314919,100000.0,30,1,0.24719202636091872,0.119308726076308,0.15009025447530652,1.0,0,0,-0.0036116259550756646,0.3373660315371663,0.19718309859154928
subj01,parietal,B1,0,71,1.7073526474706922,1,0.001,0.03430469286314919,100000.0,36,11,-0.013197046685662942,0.023436994438156788,0.038482874597917216,1.0,0,0,0.00142488435392718,0.3436891185239991,0.09859154929577464
subj01,parietal,B1,1,71,0.1261856883066021,2,0.001,0.1261856883066021,100000.0,41,12,0.013772877425231185,-0.027834661542358113,-0.036119222455287,1.0,0,0,0.000498048170096156,0.34062610280824124,0.028169014084507043
subj01,parietal,B1,2,71,0.001,3,0.001,0.1261856883066021,100000.0,37,12,0.06202306586399976,-0.12306831124972574,-0.11890498264032924,1.0,0,0,0.009093613189772028,0.3519437944186052,0.0
subj01,parietal,B1,3,71,13.219411484660315,10,0.001,15.922827933410938,100000.0,41,3,0.14363785089240683,0.03622802490427903,0.004406879065320272,1.0,0,0,0.0020413045717838163,0.34250512853495935,0.04225352112676056
subj02,V1,B0,0,23,2.0565123083486534,2,0.03430469286314919,58.57020818056673,100000.0,14,6,0.15515837201508706,0.12236147314691903,0.17272844275742713,1.0,0,0,-0.004923423581598452,0.33927832282367737,0.21739130434782608
subj02,V1,B0,1,23,4.328761281083062,7,0.0014508287784959402,148.49682622544665,100000.0,17,9,0.22232897867688275,0.13724035874264368,0.138118001753116,1.0,0,0,0.00030403069755429975,0.3445742631494611,0.2608695652173913
subj02,V1,B0,2,23,1.7073526474706922,4,0.001,123.28467394420684,100000.0,15,10,0.22679853197176975,0.20650249391876666,0.1885522895014913,1.0,0,0,0.0007585208548840047,0.34608188113106175,0.30434782608695654
subj02,V1,B0,3,23,23.10129700083163,11,0.26560877829466867,9.111627561154895,100000.0,19,12,0.29063368849573923,0.24046614698193033,0.24378808525789775,1.0,0,0,0.001618076432290956,0.33780293574493475,0.17391304347826086
subj02,V1,B1,0,23,15.922827933410938,3,0.001,0.5590810182512228,33.516026509388475,17,11,0.1333763505669082,0.08489151513254987,0.09325893952143414,1.0,0,0,-0.0010940968392131913,0.3357459659998415,0.08695652173913043
subj02,V1,B1,1,23,23.10129700083163,12,0.001,2.0565123083486534,100000.0,9,7,0.08500848698511079,0.08024861909681999,0.10221082571529962,1.0,0,0,0.0010068356750537663,0.34169349982288205,0.08695652173913043
subj02,V1,B1,2,23,2.0565123083486534,11,0.001,0.019630406500402715,100000.0,13,2,0.36101572600899845,0.12581951929982585,0.11454716858671503,1.0,0,0,0.004434659395112556,0.34216525306585227,0.043478260869565216
subj02,V1,B1,3,23,102.35310218990269,8,0.001,0.9770099572992257,100000.0,18,3,0.359253410953583,0.019535257169301826,0.0024898134076364216,1.0,0,0,-0.009404644289916785,0.3318572722430781,0.043478260869565216
subj02,V2,B0,0,22,77.7616833490255,8,0.001,256.02902949671295,100000.0,15,12,0.2996650957749369,0.11202489361370636,0.06646762139211487,1.0,0,0,-0.004258667783166645,0.3385716727293115,0.18181818181818182
subj02,V2,B0,1,22,48.62601580065353,11,0.001,219.1836870228586,100000.0,15,9,0.21498308661392437,0.038716879366435204,0.0050962155088465355,1.0,0,0,-0.0016797830369596263,0.3435912814609759,0.18181818181818182
subj02,V2,B0,2,22,5.747149864916974,8,0.001,30.922713642656923,100000.0,13,11,0.30823717545921087,0.15802765738928046,0.15905035739016848,1.0,0,0,-0.0007782177155153937,0.3411244537663222,0.18181818181818182
subj02,V2,B0,3,22,41.071021155021,6,0.001,88.16121012375896,100000.0,15,12,0.1948367831236314,0.03789864948876504,0.03985714415535711,1.0,0,0,-0.004421586538532959,0.3407613261848519,0.18181818181818182
subj02,V2,B1,0,22,36.94309954767702,11,0.001,2.2667943321701824,100000.0,16,2,0.461405645582618,-0.1453936753219247,-0.19059573613073869,1.0,0,0,0.006879107275420362,0.3508926281079424,0.0
subj02,V2,B1,1,22,77.7616833490255,5,0.001,0.8743363857359228,100000.0,16,6,0.2600562755730164,0.019722490236356516,-0.013674856985171738,1.0,0,0,0.0035327024943597658,0.3414632039589262,0.045454545454545456
subj02,V2,B1,2,22,40.37017258596558,11,0.001,148.49682622544665,100000.0,13,9,0.31173849393262265,-0.03546051444345831,-0.020309216801315148,1.0,0,0,-0.0009996590703566783,0.3417972674382639,0.045454545454545456
subj02,V2,B1,3,22,41.071021155021,6,0.001,414.9907157460532,100000.0,15,7,0.2425800927468117,-0.06876023167410408,-0.1257622531258462,1.0,0,0,0.0026812664662769887,0.3407560976700656,0.13636363636363635
subj02,V3,B0,0,22,6.922462358690275,4,0.001,941.7720031016239,100000.0,15,8,0.3097627397770088,0.14112136539699666,0.16531800745726982,1.0,0,0,0.004529625626800976,0.3533159246872244,0.18181818181818182
subj02,V3,B0,1,22,5.30452636145866,3,0.001,404.2028631436648,100000.0,7,12,0.20275011690218517,0.11373008472087624,0.07630151682116007,1.0,0,0,-0.0031563803904120125,0.3443627778130501,0.2727272727272727
subj02,V3,B0,2,22,6.922462358690275,6,0.001,0.30807499582828585,100000.0,14,12,0.20915551301317709,0.11212039912260803,0.07921713172443778,1.0,0,0,0.0021865605260693493,0.34431718627401114,0.18181818181818182
subj02,V3,B0,3,22,96.91634852569665,2,0.001,77.7616833490255,100000.0,18,8,0.22953267573678302,0.17972409108599932,0.19075849293063146,1.0,0,0,-0.0007430523748418212,0.3420902208484018,0.18181818181818182
subj02,V3,B1,0,22,6.922462358690275,7,7.56463327554629,100000.0,100000.0,10,12,0.33666616029189017,0.006476627303748649,0.012946723517158344,1.0,0,0,0.0007032459652730708,0.35023553291867343,0.045454545454545456
subj02,V3,B1,1,22,14.571119709035626,11,0.001,37.24651805698883,100000.0,17,12,0.25445091593816116,0.16085869916659018,0.16966729483792414,1.0,0,0,0.0019771586545218106,0.34213105538222816,0.22727272727272727
subj02,V3,B1,2,22,44.498094193309555,5,0.001,135.89075008482675,100000.0,17,5,0.26639056583520576,0.008329931226010272,-0.0011753481966346145,1.0,0,0,-0.0005930603111173878,0.3415919052478788,0.18181818181818182
subj02,V3,B1,3,22,380.8355953858117,7,0.001,1.4174741629268062,376.49358067924715,19,10,0.3414864995334143,-0.05519844149707943,-0.06552413288545361,1.0,0,0,0.003309706083393875,0.3460354646567442,0.045454545454545456
subj02,hV4,B0,0,10,15.922827933410938,4,0.001,9.269810465238429,100000.0,9,6,0.1654591431631554,-0.03205540438416447,-0.055445530260277945,1.0,0,0,-0.0007713135598204638,0.34504196448438956,0.0
subj02,hV4,B0,1,10,21.140199808778256,6,0.001,0.008648754173103223,15.922827933410938,6,8,0.09894536334834,0.05975823811840675,0.032582043881210165,1.0,0,0,0.0010579825008213207,0.3459622267470951,0.1
subj02,hV4,B0,2,10,0.854176323735346,8,0.001,0.002715310728791941,100000.0,5,1,0.40843941760223473,0.12228160253796214,0.04066545224301074,1.0,0,0,-0.00459685028903194,0.3326803731439907,0.1
subj02,hV4,B0,3,10,6.922462358690275,2,0.001,0.001,100000.0,5,9,-0.012073446548611696,0.11253368916916089,0.12541400331463237,1.0,0,0,0.0003166285793095767,0.3433051995757475,0.1
subj02,hV4,B1,0,10,64.5591156438766,3,0.07220809018385467,100000.0,100000.0,3,4,0.1290790276087769,-0.1749462580823422,-0.19808965919093424,1.0,0,0,-0.0022586591138540404,0.33219793597647385,0.0
subj02,hV4,B1,1,10,100000.0,6,0.001,0.05288078763948326,100000.0,6,8,0.2137712294007364,0.10523652179850385,0.1322510476612516,1.0,0,0,0.00013001806291862116,0.34503407387370705,0.1
subj02,hV4,B1,2,10,16.1992570506926,6,0.02848035868435802,0.20179345100992077,100000.0,10,8,0.12080696050634254,0.12224737899129581,0.08915901813523675,1.0,0,0,0.0035483883832625024,0.34182581060911615,0.1
subj02,hV4,B1,3,10,1.0136396806252153,9,0.001,3.0354450098981705,48.62601580065353,10,8,0.2295886644347666,-0.12093096724648114,-0.13485831200783277,1.0,0,0,-0.0025576213280869894,0.33285396717569127,0.1
subj02,ventral,B0,0,164,215.44346900318865,5,0.001,48.62601580065353,100000.0,63,11,0.1688626011560003,0.07415663951943588,0.09703097469116424,1.0,0,0,-0.00235137135092126,0.3404113960144288,0.20121951219512196
subj02,ventral,B0,1,164,178.8649529057435,8,0.001,344.53258282403567,100000.0,53,9,0.24346811929443174,0.15496653040702119,0.16237534254662062,1.0,0,0,-0.001712276143022656,0.3437230370876668,0.22560975609756098
subj02,ventral,B0,2,164,178.8649529057435,6,0.001,14.571119709035626,100000.0,51,10,0.27160331840530477,0.22565305136263394,0.2353997320042025,1.0,0,0,0.001779408002246137,0.3442735958996173,0.3231707317073171
subj02,ventral,B0,3,164,77.7616833490255,10,0.001,30.670810265729866,100000.0,45,12,0.13668089192014954,0.0617937212901182,0.059321248185434834,1.0,0,0,0.0007565316802346283,0.34317621454679115,0.11585365853658537
subj02,ventral,B1,0,164,376.49358067924715,11,0.001,3.9612874724438454,100000.0,54,3,0.12483017370501909,-0.12407498352191278,-0.13902352854814765,1.0,0,0,-0.0007824707206179227,0.34384089725133177,0.024390243902439025
subj02,ventral,B1,1,164,657.9332246575682,7,0.001,312.57158496882414,100000.0,53,1,0.13027935532765017,-0.027528996941381095,-0.02408274404845321,1.0,0,0,0.0013970335236260392,0.34538676852519745,0.018292682926829267
subj02,ventral,B1,2,164,414.9907157460532,3,0.001,3.656204260683201,100000.0,67,11,0.11422123325737386,0.010165175612678271,0.019339892656661778,1.0,0,0,0.0005644232717827805,0.3433411058740799,0.04878048780487805
subj02,ventral,B1,3,164,27.825594022071257,7,0.001,546.2277217684348,100000.0,49,9,0.059060210604631985,0.048022790415232545,0.05655220701449663,1.0,0,0,0.0009845676877297592,0.3469014714182457,0.07926829268292683
subj02,lateral,B0,0,136,215.44346900318865,2,0.001,2044.1144009972213,100000.0,38,8,0.18970055559547983,0.07705184530103891,0.10705741422712206,1.0,0,0,0.00039590063828161964,0.34456046742184043,0.14705882352941177
subj02,lateral,B0,1,136,123.28467394420684,5,0.001,135.89075008482675,100000.0,45,12,0.22756340481484685,0.13249728428504426,0.12318486098244912,1.0,0,0,0.0016730064419204094,0.3442835616928594,0.13970588235294118
subj02,lateral,B0,2,136,123.28467394420684,1,0.001,0.10476157527896651,47508.10162102803,64,3,0.14394750596488246,-0.0034045635507723945,-0.020525801347849638,1.0,0,0,0.0009653719229463861,0.343384644843822,0.16176470588235295
subj02,lateral,B0,3,136,102.35310218990269,2,0.001,135.89075008482675,100000.0,45,3,0.20812069561780314,0.057302280328048065,0.06999646750937456,1.0,0,0,-0.0008383594147371195,0.3427067779656959,0.058823529411764705
subj02,lateral,B1,0,136,376.49358067924715,6,0.001,8.338130418350593,100000.0,49,2,0.1741251508267642,-0.006657904405093129,0.008084629120614386,1.0,0,0,-0.001504545712844734,0.344556285567383,0.014705882352941176
subj02,lateral,B1,1,136,376.49358067924715,1,0.001,0.011233240329780276,100000.0,57,11,0.08733930384762394,-0.029573387491016973,-0.03875188523016327,1.0,0,0,0.005618365390724131,0.3483658843781754,0.051470588235294115
subj02,lateral,B1,2,136,178.8649529057435,1,0.001,0.004883660344395097,68926.12104349709,52,1,0.12679790867390728,-0.1391155831080001,-0.16044782728961135,1.0,0,0,-0.004548129010270746,0.3355633433958581,0.014705882352941176
subj02,lateral,B1,3,136,58.57020818056673,9,0.001,44.498094193309555,100000.0,39,2,0.21324092264691624,-0.053838340054894636,-0.040333413191502535,1.0,0,0,0.00291076637593982,0.3489839374193979,0.014705882352941176
subj02,parietal,B0,0,68,25.463445511451443,5,0.001,58.57020818056673,100000.0,31,4,0.2645847828356722,0.15971831593216845,0.19125457039095495,1.0,0,0,0.0012325387086739583,0.347909660199321,0.2647058823529412
subj02,parietal,B0,1,68,259.5024211399737,1,0.001,0.034900241342755704,100000.0,36,5,0.26969849085023867,0.20591013482921056,0.2187304548855442,1.0,0,0,0.0021473525335711555,0.3461449263148817,0.27941176470588236
subj02,parietal,B0,2,68,13.219411484660315,1,0.001,0.050634274516523754,68926.12104349709,43,1,0.07685105733956074,0.1949956041321778,0.21689369178351706,1.0,0,0,0.004803996955808105,0.34768147554333867,0.1323529411764706
subj02,parietal,B0,3,68,48.62601580065353,11,0.001,15.922827933410938,100000.0,32,10,0.31409342667642365,0.2541727298694751,0.2638530769753349,1.0,0,0,-0.004113787018673519,0.3385916493167087,0.3088235294117647
subj02,parietal,B1,0,68,0.8252125115371542,1,0.001,0.08848483273141058,100000.0,41,11,0.044167979663654454,-0.08792927130637761,-0.13368120921132276,1.0,0,0,-0.00019532573506633188,0.33795659240674925,0.0
subj02,parietal,B1,1,68,1481.8907296134423,12,0.001,0.9770099572992257,100000.0,25,12,0.051074340263229615,-0.0018099247133837862,-0.0008881838127821578,1.0,0,0,0.0003857645899444539,0.34133673101973644,0.029411764705882353
subj02,parietal,B1,2,68,135.89075008482675,2,0.001,102.35310218990269,100000.0,33,12,0.10021648356968588,-0.0765228301370321,-0.10149441096018408,1.0,0,0,-0.00158559848416906,0.33905295738062186,0.014705882352941176
subj02,parietal,B1,3,68,6.922462358690275,12,0.001,5.747149864916974,100000.0,37,4,0.12713533699646576,0.1234369740242094,0.17455435479008496,1.0,0,0,-0.001335539147002517,0.3380063250182357,0.10294117647058823
subj03,V1,B0,0,26,16.1992570506926,3,0.013530477745798075,2.0802295963591697,100000.0,23,12,0.4391679105412602,0.5629025780681028,0.6191425849663846,1.0,0,0,-0.0007993701847610545,0.35263774579963947,0.8846153846153846
subj03,V1,B0,1,26,40.37017258596558,4,0.001,14.571119709035626,100000.0,20,11,0.4901216642668841,0.18492779756255326,0.20947533452788702,1.0,0,0,0.005007744214953977,0.3464515458364614,0.23076923076923078
subj03,V1,B0,2,26,14.571119709035626,4,0.006428073117284319,19.40029083850091,100000.0,18,8,0.41968900700631895,0.5128118420160414,0.556370256603744,1.0,0,0,-0.0004588899811741554,0.3402479867331092,0.8846153846153846
subj03,V1,B0,3,26,40.37017258596558,6,0.00210490414451202,602.0804732130015,100000.0,17,2,0.6380538099495647,0.29923947105480075,0.2959540660016663,1.0,0,0,-0.0007270038666444512,0.35516504653574105,0.38461538461538464
subj03,V1,B1,0,26,4.328761281083062,2,0.001,30.670810265729866,100000.0,16,1,0.1632147536843851,-0.23646086748784034,-0.2603281385919901,1.0,0,0,0.004472276631812647,0.34588351066572187,0.038461538461538464
subj03,V1,B1,1,26,8.338130418350593,3,0.001,5.719573269145923,100000.0,9,11,0.18423035248485473,-0.02879695414639384,-0.11158939947081051,1.0,0,0,0.0023662508161565675,0.3431674813114459,0.0
subj03,V1,B1,2,26,3.2887304520439846,6,0.001,1052.1527260297862,100000.0,8,9,0.314617543821859,0.018388967150593988,0.0017056801619125522,1.0,0,0,-0.0015125324750058066,0.3413698687898403,0.038461538461538464
subj03,V1,B1,3,26,15.922827933410938,2,0.001,0.43950386601548064,100000.0,17,10,0.07195947217866025,-0.0037817366264895134,-0.006720088012634563,1.0,0,0,-0.002167274058566285,0.34351134142931516,0.038461538461538464
subj03,V2,B0,0,23,23.10129700083163,3,0.001,0.18307382802953698,100000.0,16,12,0.20684407672964958,0.14564589558391286,0.2046638187434993,1.0,0,0,-0.0015115082558350478,0.33875481357971066,0.391304347826087
subj03,V2,B0,1,23,10.974987654930567,2,0.001,0.15199110829529347,100000.0,16,9,0.16163452158916486,0.020713619395037075,0.05599176073158247,1.0,0,0,0.0026948715112679695,0.35107477933878145,0.0
subj03,V2,B0,2,23,33.516026509388475,4,0.001,1.7073526474706922,100000.0,16,6,0.21028121582867018,0.29571551665278156,0.28833608236323355,1.0,0,0,-0.004128100103579552,0.3427138275205287,0.391304347826087
subj03,V2,B0,3,23,3.5938136638046294,5,0.001,13.219411484660315,100000.0,17,6,0.41501239240417176,0.1161996029919504,0.09556148307169658,1.0,0,0,-0.0011162764717501182,0.34104708592281774,0.08695652173913043
subj03,V2,B1,0,23,58.57020818056673,4,0.001,48.62601580065353,100000.0,11,12,0.2407971368860028,-0.0883421573041168,-0.11002700177241367,1.0,0,0,-0.0019471789363602163,0.34804781145007113,0.043478260869565216
subj03,V2,B1,1,23,13.219411484660315,3,0.001,9.111627561154895,100000.0,14,12,0.18390084682320024,0.0011895574150034161,-0.014533960993798745,1.0,0,0,0.0019292698957290386,0.3418841263639474,0.08695652173913043
subj03,V2,B1,2,23,3.5938136638046294,2,0.001,9.111627561154895,100000.0,17,6,0.058241082973592276,0.043896700006572774,0.01735826000596518,1.0,0,0,-0.0023440312531121804,0.34610698523398137,0.13043478260869565
subj03,V2,B1,3,23,15.922827933410938,11,0.001,0.15199110829529347,100000.0,13,12,0.2056066578089839,0.07524419437095665,0.12120828340269015,1.0,0,0,0.0010292713924773724,0.347336998111675,0.08695652173913043
subj03,V3,B0,0,19,312.57158496882414,4,0.001,40.37017258596558,100000.0,10,8,0.34938601482469295,0.24286403982575955,0.3326705713552713,1.0,0,0,0.00447071122091411,0.3540571577551194,0.3684210526315789
subj03,V3,B0,1,19,58.57020818056673,7,0.001,100000.0,100000.0,7,3,0.2427417476235955,0.0001212001375943917,-0.02893600322531143,1.0,0,0,0.0015623888666807253,0.3458344623728074,0.05263157894736842
subj03,V3,B0,2,19,215.44346900318865,2,0.001,100000.0,100000.0,9,3,0.19612758467636082,0.34064587577853056,0.40001405975586374,1.0,0,0,-0.0037376234315644806,0.3445452649715981,0.631578947368421
subj03,V3,B0,3,19,0.22051307399030456,1,0.001,0.0025353644939701114,47508.10162102803,13,1,0.46885340967437944,0.0756417890783011,0.07359534421503687,1.0,0,0,-0.0051537727215262745,0.33769725763335284,0.05263157894736842
subj03,V3,B1,0,19,15.922827933410938,8,0.001,10.974987654930567,100000.0,13,9,0.269524413177296,0.12492304451168691,0.12201274289393044,1.0,0,0,0.0009258646899054662,0.34707413632304507,0.05263157894736842
subj03,V3,B1,1,19,19.179102616724887,10,0.001,4.328761281083062,100000.0,8,9,0.0035573946190201908,-0.08165693868791056,-0.04529362910303265,1.0,0,0,0.0027020959645507746,0.34471546870297465,0.0
subj03,V3,B1,2,19,23.10129700083163,10,0.001,23.10129700083163,100000.0,12,3,0.1794602309160215,0.07114972905477168,0.12470392571155182,1.0,0,0,0.0004017623057075031,0.3388628008710664,0.05263157894736842
subj03,V3,B1,3,19,5.21400828799969,9,0.001,84.97534359086455,100000.0,10,8,0.11624214907170172,-0.10516625557529347,-0.10713651280814691,1.0,0,0,-0.005198605942554947,0.33694795839417274,0.0
subj03,hV4,B0,0,9,58.57020818056673,2,0.001,10.974987654930567,100000.0,8,6,0.3591976888963117,0.07161980237511031,0.055355868446612576,1.0,0,0,-0.00093698616154631,0.3369396904906823,0.2222222222222222
subj03,hV4,B0,1,9,13.219411484660315,1,0.0012045035402587824,0.005336699231206312,68926.12104349709,8,1,0.09902838641266731,0.19353571441926468,0.1148109365363999,1.0,0,0,-0.003930215171605152,0.34080511560985144,0.2222222222222222
subj03,hV4,B0,2,9,148.49682622544665,3,0.001,6.280291441834259,100000.0,7,7,0.19299363692757263,0.09089742409461753,-0.07127380798992067,1.0,0,0,0.001065751665019836,0.3393202131610541,0.4444444444444444
subj03,hV4,B0,3,9,2.9836472402833403,6,7.56463327554629,100000.0,100000.0,5,4,0.2936170877134032,0.08505326952238518,0.11978635348365074,1.0,0,0,0.00019204107367276377,0.3434893431438441,0.3333333333333333
subj03,hV4,B1,0,9,148.49682622544665,4,0.001,100000.0,100000.0,5,2,0.146237151191658,-0.06033460511443759,-0.0186091095657509,1.0,0,0,0.0003276827095640596,0.34444643245395773,0.0
subj03,hV4,B1,1,9,48.62601580065353,2,0.001,2.0565123083486534,148.49682622544665,6,5,0.08865229223508829,0.03402192462548914,-0.009658522805759026,1.0,0,0,-0.004164174043500927,0.3397218898253531,0.0
subj03,hV4,B1,2,9,123.28467394420684,2,0.001,0.1261856883066021,100000.0,5,6,0.07430494001266291,-0.07224413600060438,-0.21974986102927324,1.0,0,0,0.0030676712195926315,0.3398485961909453,0.2222222222222222
subj03,hV4,B1,3,9,23.10129700083163,5,0.001,0.001,100000.0,4,1,0.08781464970967406,-0.04236588429877686,-0.04538042118821176,1.0,0,0,0.000933571165449972,0.3412085873108718,0.1111111111111111
subj03,ventral,B0,0,164,453.48785081285916,11,0.001,1526.4934542969668,100000.0,43,12,0.14075550452570199,0.15509765073530982,0.14451483619401895,1.0,0,0,0.0018390432334134449,0.3443538159339456,0.21951219512195122
subj03,ventral,B0,1,164,53.598111990610136,6,0.001,259.5024211399737,100000.0,54,4,0.1682445718619684,-0.023920202559966682,-0.032591705742450156,1.0,0,0,0.003653016317406206,0.34643792135546325,0.03048780487804878
subj03,ventral,B0,2,164,657.9332246575682,11,0.001,12.09719956979544,100000.0,50,12,0.2473582498758845,0.09475955189376667,0.09775820155474257,1.0,0,0,0.0015047657984727607,0.3435147516193325,0.12804878048780488
subj03,ventral,B0,3,164,64.5591156438766,4,0.001,1.0769109548671123,100000.0,57,9,0.18666101479548772,0.02116888807578621,0.012261440138372964,1.0,0,0,0.002027642748781198,0.3424784016359241,0.0975609756097561
subj03,ventral,B1,0,164,344.53258282403567,12,0.001,36.94309954767702,100000.0,51,10,0.051333952940759556,-0.021291209581583793,-0.026992093082318966,1.0,0,0,0.002727859517372477,0.3434700420870491,0.036585365853658534
subj03,ventral,B1,1,164,23.10129700083163,12,0.001,1838.6667698825545,100000.0,36,12,0.10499552436323063,-0.057297403278678743,-0.053876851595431666,1.0,0,0,0.00027785025170501827,0.34300915733593884,0.042682926829268296
subj03,ventral,B1,2,164,36.94309954767702,12,0.001,6.280291441834259,100000.0,46,1,0.09697481202330015,0.011186382674727125,0.015513970166409291,1.0,0,0,0.0031461436828346115,0.3463996161546377,0.036585365853658534
subj03,ventral,B1,3,164,53.598111990610136,12,0.001,1.4174741629268062,100000.0,48,3,0.10805585337804517,-0.056914723552609,-0.06832268383785338,1.0,0,0,-0.0041839709366499915,0.3401146807442702,0.006097560975609756
subj03,lateral,B0,0,172,237.4729450715812,5,0.001,148.49682622544665,100000.0,59,3,0.3100063189317494,0.1521714908477827,0.15181752597819503,1.0,0,0,0.000550370514590329,0.3418269828070576,0.28488372093023256
subj03,lateral,B0,1,172,312.57158496882414,4,0.001,102.35310218990269,100000.0,52,2,0.24471025263819182,0.05612873216854747,0.05890027807481112,1.0,0,0,0.0030785178119192196,0.34589771743485936,0.09302325581395349
subj03,lateral,B0,2,172,84.97534359086455,6,0.001,453.48785081285916,100000.0,48,7,0.09139816810490249,0.001631426565630637,-0.0219064246138903,1.0,0,0,0.0027559575506419945,0.34420198567382987,0.0872093023255814
subj03,lateral,B0,3,172,70.54802310718645,8,0.001,259.5024211399737,100000.0,59,12,0.23331736872660622,0.09201611279355644,0.11356828009489932,1.0,0,0,-1.8970035449304993e-05,0.3429555635246748,0.11627906976744186
subj03,lateral,B1,0,172,954.5484566618347,5,0.001,317.9980009096104,100000.0,55,7,0.20180167609275984,0.020204885904499793,0.003695512593681258,1.0,0,0,-0.0011687367408428748,0.3440472984667052,0.06976744186046512
subj03,lateral,B1,1,172,376.49358067924715,5,0.001,15.922827933410938,100000.0,49,11,0.1634294762550427,-0.04681282007726804,-0.05126887631182621,1.0,0,0,0.000690989128308948,0.3427577772274022,0.03488372093023256
subj03,lateral,B1,2,172,657.9332246575682,12,0.001,1.1768119524349991,100000.0,46,12,-0.03081435599294556,0.0053499446431885134,0.005201372218638654,1.0,0,0,0.00036791888761857533,0.3433785197254983,0.05813953488372093
subj03,lateral,B1,3,172,954.5484566618347,11,0.001,12.09719956979544,100000.0,54,1,0.23284693481528865,0.04889252446608855,0.07756713872949433,1.0,0,0,-0.002056462929178198,0.3391860513314694,0.029069767441860465
subj03,parietal,B0,0,78,40.37017258596558,12,0.001,40.37017258596558,100000.0,33,3,0.3083422034848646,0.24283548557831508,0.255796521855754,1.0,0,0,0.000797345635428789,0.34631608049322093,0.4230769230769231
subj03,parietal,B0,1,78,148.49682622544665,5,0.001,259.5024211399737,100000.0,33,12,0.3654226276140876,0.13784663826429133,0.15786974031939197,1.0,0,0,-0.0006077581471114993,0.3462340701131149,0.1282051282051282
subj03,parietal,B0,2,78,286.03700305439895,10,0.001,237.4729450715812,100000.0,37,3,0.32066526052952654,0.19087258270070565,0.25866471057603924,1.0,0,0,0.0041270759019564444,0.34441556300358506,0.38461538461538464
subj03,parietal,B0,3,78,4.328761281083062,12,0.001,30.670810265729866,100000.0,42,3,0.31686080616813,0.0455845502538946,0.08966449311727749,1.0,0,0,0.004387340382978801,0.34254194434824825,0.19230769230769232
subj03,parietal,B1,0,78,44.498094193309555,12,0.001,1.2971430576809027,100000.0,33,1,0.24131024575679033,-0.06619217900599053,-0.04559804027904235,1.0,0,0,0.004519732014285323,0.342337440955587,0.02564102564102564
subj03,parietal,B1,1,78,453.48785081285916,9,0.001,7.56463327554629,100000.0,41,1,0.2419420932415006,0.05181778749267289,0.050699787459314936,1.0,0,0,-0.0023996554633441804,0.3401765727812915,0.02564102564102564
subj03,parietal,B1,2,78,135.89075008482675,4,0.001,4.771384784541375,100000.0,37,5,0.022708131560094765,0.01857706429602035,0.022313192325983944,1.0,0,0,0.00034994674646935764,0.3410422827508605,0.038461538461538464
subj03,parietal,B1,3,78,17.550965275067913,7,0.001,6.38932078177299,100000.0,35,3,0.16217859193518275,0.06578634857748707,0.06434436336862498,1.0,0,0,-0.0012830340526201877,0.34305293291696437,0.0641025641025641
subj04,V1,B0,0,18,100000.0,5,13.219411484660315,584.4882395165829,100000.0,9,6,0.36774843985548533,0.35804010924329194,0.4245716377295241,1.0,0,0,0.0015731382114202042,0.35721503623150597,0.6111111111111112
subj04,V1,B0,1,18,50834.05026860003,3,0.001,148.49682622544665,100000.0,10,1,0.37323509383212033,0.0972546027429226,0.008362397259573086,1.0,0,0,-0.004133102605236346,0.33844720298057324,0.2222222222222222
subj04,V1,B0,2,18,54.038320295848095,1,0.001,0.0013276661593773613,83021.75681319753,11,1,0.460768372743764,0.4098653619155403,0.4035224985112278,1.0,0,0,-0.007704493402770288,0.3362010780750088,0.6666666666666666
subj04,V1,B0,3,18,8.338130418350593,10,0.001,63.80671761264495,100000.0,11,5,0.24522664154346568,0.16793797997939597,0.2259529301021666,1.0,0,0,0.0022098840323891778,0.3468752846953503,0.3333333333333333
subj04,V1,B1,0,18,109.52242466631655,2,0.001,37.43839219413476,100000.0,15,9,0.11585488708448406,0.17339915801815747,0.21533574369155234,1.0,0,0,0.002280828368964737,0.3531809604357061,0.3888888888888889
subj04,V1,B1,1,18,750.3880892151348,3,0.001,50029.28510409028,100000.0,8,9,0.16484954353799552,0.05358460089255624,0.06599848222188462,1.0,0,0,0.002173903153228119,0.3478859412057147,0.05555555555555555
subj04,V1,B1,2,18,36.94309954767702,3,0.001,50042.48767179543,100000.0,9,6,0.09596559920044663,0.07745245779585398,0.010322182207060514,1.0,0,0,0.001918840266935704,0.34647262041425975,0.1111111111111111
subj04,V1,B1,3,18,17.550965275067913,12,0.001,33.516026509388475,100000.0,10,8,0.14785063828992914,0.025548385358383947,0.013270521411604343,1.0,0,0,0.000708298387946312,0.34109692317201135,0.05555555555555555
subj04,V2,B0,0,18,50273.113860884216,10,0.001,151.07481342497516,100000.0,7,9,0.2251570573629329,0.2397859016066192,0.4122877442349826,1.0,0,0,-0.0026203108074475067,0.34461527699412775,0.5
subj04,V2,B0,1,18,48.62601580065353,4,0.001,16.1992570506926,100000.0,11,1,0.2821880329067291,0.1226353583639145,0.15405206425147974,1.0,0,0,-0.0011822809652999766,0.3441709308931337,0.05555555555555555
subj04,V2,B0,2,18,21.140199808778256,12,0.001,8.627639548382414,100000.0,16,2,0.44968040099078177,0.3280911624009353,0.33366425339427364,1.0,0,0,0.0021940854111464833,0.3494004774721215,0.4444444444444444
subj04,V2,B0,3,18,5.747149864916974,3,0.001,1.8819324779096727,100000.0,13,4,0.20887249850706063,0.24008154044797012,0.2184850083622197,1.0,0,0,-0.0007448612176396412,0.34444848137980594,0.4444444444444444
subj04,V2,B1,0,18,140.6090275478231,5,0.001,20.522502753365785,100000.0,15,11,0.12761212695881596,-0.07782637363736818,-0.06994211133605302,1.0,0,0,0.001008311344801696,0.3406768095648586,0.0
subj04,V2,B1,1,18,140.6090275478231,3,0.001,3.656204260683201,100000.0,15,2,0.25607163359855295,-0.16952424035456232,-0.22725440539567876,1.0,0,0,0.0033813579204551745,0.344905933761254,0.05555555555555555
subj04,V2,B1,2,18,48.62601580065353,6,0.001,5.747149864916974,100000.0,14,5,0.21531802525098875,0.17297838034421464,0.1902152544485337,1.0,0,0,0.005498802854360362,0.34629361824666494,0.16666666666666666
subj04,V2,B1,3,18,15.922827933410938,2,0.001,0.0216376503134284,100000.0,9,6,0.22654393558372427,0.03523020668343911,0.020198198121154705,1.0,0,0,-0.0018496145454085363,0.3466296872288967,0.05555555555555555
subj04,V3,B0,0,17,70.54802310718645,11,178.8649529057435,100000.0,100000.0,3,2,0.2585164141720241,0.28219758635028197,0.35525900866600885,1.0,0,0,0.0016584201323319252,0.3476823544210115,0.47058823529411764
subj04,V3,B0,1,17,23.10129700083163,5,0.001,0.9770099572992257,100000.0,15,12,0.32544335645926137,0.21759350806100478,0.21752902473484945,1.0,0,0,0.003482984093392689,0.3486664889679229,0.29411764705882354
subj04,V3,B0,2,17,27.825594022071257,3,0.001,5.21400828799969,100000.0,11,11,0.3498049372934173,0.29031564233965873,0.26493412747979256,1.0,0,0,-0.0018153402400453253,0.3401403231761254,0.4117647058823529
subj04,V3,B0,3,17,27.825594022071257,3,0.001,13.219411484660315,100000.0,13,2,0.26483355278762916,0.1698967960273624,0.21311215123274707,1.0,0,0,-6.047033555249345e-05,0.33556524076896044,0.29411764705882354
subj04,V3,B1,0,17,48.62601580065353,4,0.001,58.57020818056673,100000.0,8,7,0.07483811507087858,0.002635424316079618,-0.006575874993514439,1.0,0,0,0.000791152808851443,0.343898787172349,0.11764705882352941
subj04,V3,B1,1,17,58.57020818056673,9,0.001,178.8649529057435,100000.0,8,9,0.05090020886657434,0.02535317711526708,0.053200495929900074,1.0,0,0,0.001005255347074298,0.3392701511921643,0.0
subj04,V3,B1,2,17,70.54802310718645,2,0.001,15.922827933410938,100000.0,11,8,0.10776635134197665,0.0331016889233976,0.04849321486984175,1.0,0,0,0.002897675273545622,0.3388127359485716,0.0
subj04,V3,B1,3,17,312.57158496882414,5,0.001,0.9770099572992257,100000.0,8,6,0.061025860490379974,-0.164417504675166,-0.22081588107420355,1.0,0,0,-0.0016937136168887338,0.3439705650450156,0.058823529411764705
subj04,hV4,B0,0,10,1.5167611328239397,8,0.001,0.001,100000.0,5,10,0.1493403695357775,0.01800506851509185,0.04444417474780062,1.0,0,0,-0.005393670320851465,0.3433402445221066,0.1
subj04,hV4,B0,1,10,3.315741225463248,2,0.001,4.270821616422758,376.49358067924715,9,7,0.14311385856608289,0.14921660769429984,0.10723701476221784,1.0,0,0,-0.00021599930185033447,0.34963720101228246,0.2
subj04,hV4,B0,2,10,0.709237081463403,2,3.5938136638046294,100000.0,100000.0,2,1,0.3795427384854775,-0.061200808072589465,-0.01925960560567337,1.0,0,0,-0.0020296417759536017,0.347984110914578,0.1
subj04,hV4,B0,3,10,5.747149864916974,5,0.001,8.627639548382414,100000.0,9,7,0.270693931735866,-0.03702996139222718,-0.11043663376795407,1.0,0,0,0.001930319031031773,0.34585681349456615,0.1
subj04,hV4,B1,0,10,0.40606541539484364,1,0.001,0.002400691954420549,7390.722033525791,8,1,-0.0011366501351112474,0.010733375231350716,0.017962617958635005,1.0,0,0,0.00035881184821488516,0.3449188830516188,0.0
subj04,hV4,B1,1,10,1.5353110702725594,3,0.001,176.47087877739486,100000.0,6,7,0.15865810834586477,0.1493018336039512,0.14919844504679125,1.0,0,0,-0.002218329556688473,0.33890306641614854,0.3
subj04,hV4,B1,2,10,0.001,5,0.001,1.2209325838598533,100000.0,6,3,0.11398481829531963,-0.20241672371227254,-0.18066217498645806,1.0,0,0,0.0011053776024275662,0.3442376127190375,0.0
subj04,hV4,B1,3,10,32.425249811200494,9,0.001,17.786269408868563,100000.0,5,2,0.06520563043272512,0.08708263749950908,0.071177768689932,1.0,0,0,-0.005682603718800937,0.3377987240031215,0.2
subj04,ventral,B0,0,153,546.2277217684348,3,0.001,23.10129700083163,100000.0,64,5,0.20910414601966112,0.16998439770709617,0.19951130122571786,1.0,0,0,-4.1145419656434605e-07,0.3453420240710903,0.26143790849673204
subj04,ventral,B0,1,153,453.48785081285916,12,0.001,453.48785081285916,100000.0,46,12,0.23780188530026938,0.09292407978815641,0.08332927195432233,1.0,0,0,0.003132273451166777,0.3441500103341126,0.13071895424836602
subj04,ventral,B0,2,153,70.54802310718645,1,0.001,0.1261856883066021,100000.0,73,5,0.10472276133808803,0.08070707528974035,0.08027833750770176,1.0,0,0,-3.6576710883254636e-05,0.34507773990528956,0.12418300653594772
subj04,ventral,B0,3,153,178.8649529057435,4,0.001,27.825594022071257,100000.0,63,12,0.26126281737073287,0.07638592656912233,0.07201910159858957,1.0,0,0,0.0007511181865750284,0.34195402536286473,0.17647058823529413
subj04,ventral,B1,0,153,27.825594022071257,4,0.001,1.4174741629268062,100000.0,65,12,0.03187886094590961,0.04763183701203125,0.004214032809288422,1.0,0,0,-0.0007829552924078309,0.3409139431806786,0.09803921568627451
subj04,ventral,B1,1,153,1149.756995397738,7,0.001,27.825594022071257,100000.0,48,3,0.031196989143446683,0.033072714119006606,0.033517817055032574,1.0,0,0,0.0010274029682845883,0.3431036259644965,0.026143790849673203
subj04,ventral,B1,2,153,376.49358067924715,6,0.001,6.280291441834259,100000.0,52,12,0.09903793332970548,-0.0003536667369221995,0.01330674283926411,1.0,0,0,-0.0015420625336405476,0.3436847948028402,0.0196078431372549
subj04,ventral,B1,3,153,0.001,12,0.001,102.35310218990269,100000.0,50,9,0.1130802732775469,0.02629474104566883,0.007759850633113782,1.0,0,0,0.0004958061670383833,0.3414857781856807,0.0915032679738562
subj04,lateral,B0,0,143,100000.0,8,0.001,0.4641588833612782,100000.0,52,7,0.234171973239718,0.17602040529821,0.17317161823294044,1.0,0,0,-0.0008677702922881414,0.34101081240743547,0.25874125874125875
subj04,lateral,B0,1,143,148.49682622544665,8,0.001,1668.100537200059,100000.0,49,11,0.2929431608740683,0.07894970180224642,0.07036396300203693,1.0,0,0,0.000495705488133609,0.34038470493265316,0.06293706293706294
subj04,lateral,B0,2,143,546.2277217684348,4,0.001,23.10129700083163,100000.0,65,4,0.26846680908721876,0.19384442147380282,0.1998511870534965,1.0,0,0,0.0012531157291542439,0.3426305235227193,0.26573426573426573
subj04,lateral,B0,3,143,178.8649529057435,8,0.001,312.57158496882414,100000.0,44,12,0.18355500026099786,-0.015987564835361463,-0.032564971083745564,1.0,0,0,0.0009341028942212549,0.34856145811701134,0.06293706293706294
subj04,lateral,B1,0,143,2.9836472402833403,12,0.001,657.9332246575682,100000.0,42,11,0.05348261923234628,-0.09277861539304323,-0.11039782791603235,1.0,0,0,0.001013500938573196,0.34201073510043173,0.02097902097902098
subj04,lateral,B1,1,143,102.35310218990269,12,0.001,48.62601580065353,100000.0,51,5,0.18527023264365264,0.004252592663832144,0.014216898141703418,1.0,0,0,0.0016644583783527141,0.3426336779974744,0.04195804195804196
subj04,lateral,B1,2,143,792.4828983539186,9,0.001,9.111627561154895,100000.0,48,9,0.12360936386706468,-0.07367112790202303,-0.10212495955765181,1.0,0,0,-0.003109308028103418,0.3399509181466968,0.03496503496503497
subj04,lateral,B1,3,143,123.28467394420684,9,0.001,19.179102616724887,100000.0,46,12,0.09259714728155054,0.002428192377537018,0.015343508335613596,1.0,0,0,-0.0009390100445113162,0.3416266449321414,0.06293706293706294
subj04,parietal,B0,0,67,1.7073526474706922,12,0.001,0.1261856883066021,100000.0,21,12,0.06490518076406533,-0.0046940684846445155,0.005114756154301613,1.0,0,0,-3.1668667616096076e-05,0.344185842720164,0.0
subj04,parietal,B0,1,67,100000.0,12,0.001,215.44346900318865,100000.0,27,10,0.11087030593193478,0.00322789857424412,0.0009628800420509259,1.0,0,0,0.0009575400416251649,0.34178069492716373,0.029850746268656716
subj04,parietal,B0,2,67,48.62601580065353,12,0.001,1.1768119524349991,100000.0,37,2,0.20057260748231842,0.13345800831027121,0.15292330739224813,1.0,0,0,-0.005134029754217109,0.3372321744319308,0.05970149253731343
subj04,parietal,B0,3,67,58.57020818056673,12,0.001,2.9836472402833403,100000.0,28,11,0.06093122212905638,0.024732588010840755,0.042498127952524035,1.0,0,0,0.0005677110338556468,0.34282304130180535,0.014925373134328358
subj04,parietal,B1,0,67,0.001,9,0.001,0.03430469286314919,100000.0,27,11,0.13341831893358638,-0.008043221430978648,0.007689895764470193,1.0,0,0,0.0015603530095471955,0.34869088348972355,0.04477611940298507
subj04,parietal,B1,1,67,215.44346900318865,4,0.001,2.0565123083486534,100000.0,33,12,0.0958358896774434,0.011263974501357509,-0.019468605207236252,1.0,0,0,0.001056131721445531,0.33751213663911406,0.029850746268656716
subj04,parietal,B1,2,67,123.28467394420684,12,0.001,1.7073526474706922,100000.0,30,1,0.15193823069896964,-0.007095778563329128,0.0425430804029502,1.0,0,0,-0.002739196116960886,0.342747900163499,0.014925373134328358
subj04,parietal,B1,3,67,1.1768119524349991,2,0.001,0.31992671377973847,100000.0,39,12,0.08959510321812275,0.0004037616930186984,-0.016159030931075354,1.0,0,0,0.002820133479903983,0.34404826130377303,0.05970149253731343
subj05,V1,B0,0,23,23.10129700083163,8,0.001,100000.0,100000.0,3,2,0.48383445244044154,0.3301333431341302,0.33443557683569763,1.0,0,0,-0.0014306794853551805,0.35760557841152324,0.34782608695652173
subj05,V1,B0,1,23,2.4770763559917115,12,9.111627561154895,100000.0,100000.0,6,4,0.40567335875880817,0.03220213867862207,0.013589602953683139,1.0,0,0,0.002275102487895007,0.35475206056149217,0.08695652173913043
subj05,V1,B0,2,23,657.9332246575682,7,0.001,100000.0,100000.0,9,7,0.3402632069538739,0.5520840423535838,0.6037565426843141,1.0,0,0,0.002675019668335761,0.3723323726512803,0.8695652173913043
subj05,V1,B0,3,23,10.974987654930567,3,33.516026509388475,453.48785081285916,100000.0,13,4,0.5274970475214903,0.37556289385090696,0.3706176901228749,1.0,0,0,-0.0012034239559799787,0.35640301493489585,0.5652173913043478
subj05,V1,B1,0,23,7.56463327554629,12,0.10476157527896651,453.48785081285916,100000.0,14,10,0.20491083471819466,-0.20571386617396994,-0.2272479646832414,1.0,0,0,0.0009377619185081745,0.34136860712070627,0.0
subj05,V1,B1,1,23,10.974987654930567,6,0.001,2420.1282647943835,100000.0,12,8,0.23802463906593624,-0.045636358851539646,-0.06348389836660272,1.0,0,0,-0.0013556646322135384,0.3386017602599009,0.043478260869565216
subj05,V1,B1,2,23,5.21400828799969,9,0.3853528593710531,33.516026509388475,100000.0,15,9,0.21698547698108378,0.22211864627009575,0.25016500559614435,1.0,0,0,-0.0048969234431061135,0.3303455178419437,0.30434782608695654
subj05,V1,B1,3,23,2.4770763559917115,8,0.001,0.07220809018385467,100000.0,10,1,0.21810298964732971,-0.14518010947370724,-0.17481753435215025,1.0,0,0,-0.00037704524837613276,0.3414552098686029,0.0
subj05,V2,B0,0,22,93.66422289038363,5,0.001,0.04421439185812607,100000.0,13,7,0.37547023216439795,0.26170940176722124,0.30545448554015564,1.0,0,0,0.002057504187782295,0.3403168796541385,0.36363636363636365
subj05,V2,B0,1,22,14.571119709035626,7,0.001,100000.0,100000.0,10,2,0.45637719871614807,0.21586435762176134,0.21077086822080754,1.0,0,0,0.007751611655715338,0.34386096844151387,0.18181818181818182
subj05,V2,B0,2,22,12.09719956979544,12,0.3853528593710531,288.386262378533,100000.0,12,3,0.5039261384002282,0.3105718054314359,0.3485293084519261,1.0,0,0,-0.008432427895028745,0.3257673033595922,0.5454545454545454
subj05,V2,B0,3,22,5.21400828799969,11,0.001,100000.0,100000.0,9,7,0.3979104985908755,0.46464657478951604,0.5048920639117527,1.0,0,0,-0.004828212831666625,0.3302094031150906,0.7727272727272727
subj05,V2,B1,0,22,1.7073526474706922,5,0.001,44.498094193309555,100000.0,14,1,0.20840647363287684,0.09226817077149557,0.1520968805832723,1.0,0,0,-0.004277582895057127,0.3447417212565144,0.13636363636363635
subj05,V2,B1,1,22,5.21400828799969,6,0.001,100000.0,100000.0,8,10,0.24739920326422152,0.17256711114672066,0.15683581250000533,1.0,0,0,0.0011067650923103224,0.34458450229933074,0.2727272727272727
subj05,V2,B1,2,22,9.269810465238429,4,0.001,5.30452636145866,100000.0,13,1,0.2750729496900915,-0.016100940450826304,0.022992343058525887,1.0,0,0,0.0016176102388648882,0.340026659573493,0.045454545454545456
subj05,V2,B1,3,22,9.111627561154895,7,0.001,6.979317447606954,100000.0,14,4,0.09566326386799405,0.17712299005661694,0.18755026445897255,1.0,0,0,-0.0010437023167141736,0.34590965101046345,0.22727272727272727
subj05,V3,B0,0,19,15.922827933410938,6,0.001,13.219411484660315,100000.0,13,12,0.24111698347203736,0.25287294339769173,0.4158944332453283,1.0,0,0,0.00029963416370054526,0.3492041023281439,0.5789473684210527
subj05,V3,B0,1,19,40.37017258596558,12,0.001,33.516026509388475,100000.0,12,12,0.2909856524245799,0.2153013535722298,0.2604774478243637,1.0,0,0,-0.0018683542833803602,0.34046229662770755,0.3684210526315789
subj05,V3,B0,2,19,546.2277217684348,10,2.0565123083486534,10722.672220103253,100000.0,10,6,0.2212425673521298,0.21290732717554278,0.2826440867493314,1.0,0,0,-0.0005016359963059384,0.33921530360095054,0.3684210526315789
subj05,V3,B0,3,19,215.44346900318865,5,0.18307382802953698,100000.0,100000.0,8,9,0.29001999383697025,0.14257695596055686,0.18676188530762644,1.0,0,0,0.0035608775869728775,0.35201933379499445,0.21052631578947367
subj05,V3,B1,0,19,10.974987654930567,11,0.001,102.35310218990269,100000.0,9,2,0.2271478514565185,0.08028010004730539,0.012022810091619799,1.0,0,0,0.004519774525337509,0.3400462398819097,0.05263157894736842
subj05,V3,B1,1,19,23.10129700083163,11,0.001,2.4770763559917115,100000.0,7,12,0.1724599643405441,0.06384912779602199,0.08441508711957443,1.0,0,0,-0.0012334602158264251,0.337052597528011,0.15789473684210525
subj05,V3,B1,2,19,13.219411484660315,10,0.001,0.9770099572992257,100000.0,9,12,0.2215061613010941,0.00515800759804369,0.000985775948966259,1.0,0,0,-0.000965487878889173,0.34055159513267974,0.0
subj05,V3,B1,3,19,27.825594022071257,12,0.001,3.5938136638046294,100000.0,10,1,-0.02158528386595679,-0.012950158305756734,0.028902020298912545,1.0,0,0,0.0006660490703576722,0.34640170810737014,0.0
subj05,hV4,B0,0,11,376.49358067924715,4,0.31992671377973847,100000.0,100000.0,3,3,0.12559823391986374,0.0771506968480666,0.03719625840883745,1.0,0,0,-0.0021541377984792397,0.3418985337739053,0.18181818181818182
subj05,hV4,B0,1,11,100000.0,6,0.001,70.54802310718645,100000.0,7,4,0.27197886324447046,-0.009694049697491007,-0.03935994566533394,1.0,0,0,-0.006499340176344909,0.338158903687043,0.0
subj05,hV4,B0,2,11,33.516026509388475,11,0.001,100000.0,100000.0,6,2,0.21560122957559197,0.11798728880851178,0.10034645823768341,1.0,0,0,0.0020683157405075093,0.3480913704763178,0.09090909090909091
subj05,hV4,B0,3,11,148.49682622544665,1,0.001,0.02848035868435802,57223.676593502205,11,2,-0.1449996890282228,-0.12647954841372053,-0.03771543774489573,1.0,0,0,0.0004408709146776072,0.3424015824672531,0.0
subj05,hV4,B1,0,11,657.9332246575682,5,0.001,1.4174741629268062,100000.0,7,7,0.13340566481605787,-0.013082926400574367,-0.032449826029007624,1.0,0,0,0.0018059180646874447,0.3506660219897009,0.0
subj05,hV4,B1,1,11,15.922827933410938,8,0.001,102.35310218990269,100000.0,8,4,0.14141363984063884,0.09694941957614955,0.05684346578633934,1.0,0,0,0.00620379064094645,0.35137633738449053,0.09090909090909091
subj05,hV4,B1,2,11,453.48785081285916,5,0.001,40.37017258596558,100000.0,6,2,0.10503975531553618,0.11051877778590687,0.13797813678802834,1.0,0,0,-0.0028624189710107937,0.33787879069535764,0.09090909090909091
subj05,hV4,B1,3,11,100000.0,1,0.0014508287784959402,5.21400828799969,47508.10162102803,11,8,0.035037129269398656,-0.05432545233865422,-0.10812474907233378,1.0,0,0,0.0010409983245071202,0.34236042742397543,0.09090909090909091
subj05,ventral,B0,0,133,453.48785081285916,11,0.001,10.974987654930567,100000.0,47,11,0.19763953852162214,0.12812562346290288,0.17724882198579406,1.0,0,0,-0.0014017220162415185,0.3411142412088035,0.15789473684210525
subj05,ventral,B0,1,133,376.49358067924715,11,0.001,259.5024211399737,100000.0,42,9,0.14867669705112752,0.05434383709328927,0.026954154822662623,1.0,0,0,0.00032437125587413894,0.33966070324930003,0.14285714285714285
subj05,ventral,B0,2,133,546.2277217684348,12,0.001,70.54802310718645,100000.0,44,5,0.2252833781994658,0.02174998905031685,0.036720297935340644,1.0,0,0,-0.0013813846498807157,0.3406096819136058,0.05263157894736842
subj05,ventral,B0,3,133,123.28467394420684,9,0.001,123.28467394420684,100000.0,50,12,0.17690078712795917,0.10291060433431726,0.09528747604938459,1.0,0,0,-0.00011965863425507686,0.3425998440329264,0.15037593984962405
subj05,ventral,B1,0,133,70.54802310718645,12,0.001,13.219411484660315,100000.0,43,5,0.1247438430636707,-0.03815169849947706,-0.05174970964928052,1.0,0,0,-0.0021454527647097065,0.34250452626329725,0.06766917293233082
subj05,ventral,B1,1,133,102.35310218990269,10,0.001,13.219411484660315,100000.0,45,12,0.06741374639687718,-0.032184315772544,-0.042082871021509906,1.0,0,0,-0.0014637360626562396,0.3426249676831152,0.045112781954887216
subj05,ventral,B1,2,133,178.8649529057435,12,0.001,215.44346900318865,100000.0,40,12,0.07140709305924048,0.016203131763748505,0.009281699790608952,1.0,0,0,0.0004320681463550199,0.34285698636621403,0.07518796992481203
subj05,ventral,B1,3,133,58.57020818056673,10,0.001,123.28467394420684,100000.0,45,2,0.0645598355356404,-0.0813787547491917,-0.09024213900168773,1.0,0,0,0.00022380666753117582,0.34239031474003506,0.015037593984962405
subj05,lateral,B0,0,141,100000.0,11,0.001,1.4174741629268062,100000.0,52,12,0.15386814745128374,0.003728690102561072,-0.001983288143233466,1.0,0,0,0.0018186706874346304,0.34115678120245585,0.0425531914893617
subj05,lateral,B0,1,141,2009.23300256505,12,0.001,123.28467394420684,100000.0,38,12,0.055672643305652386,-0.0866575966625325,-0.11033395218244277,1.0,0,0,0.0015776369731596096,0.34410882010887694,0.04964539007092199
subj05,lateral,B0,2,141,57223.676593502205,8,0.001,657.9332246575682,100000.0,50,12,0.1693767644695564,0.16374799747125116,0.18497380735441268,1.0,0,0,-0.0002165398732234951,0.34131097677013095,0.1276595744680851
subj05,lateral,B0,3,141,58.57020818056673,6,0.001,2.4770763559917115,100000.0,51,12,0.18307864631029128,0.03531301328533121,0.01144106942143359,1.0,0,0,0.0015545609579747804,0.34517197116038956,0.09219858156028368
subj05,lateral,B1,0,141,657.9332246575682,11,0.001,102.35310218990269,100000.0,44,12,0.06111067746761746,0.07492578937304346,0.06915217939239957,1.0,0,0,-0.0036150783702265047,0.34280205862615176,0.12056737588652482
subj05,lateral,B1,1,141,259.5024211399737,2,0.001,0.5590810182512228,100000.0,59,12,0.07667153698909586,-0.060132918456847255,-0.06525733746616691,1.0,0,0,0.0006619294376701411,0.33976760021132546,0.02127659574468085
subj05,lateral,B1,2,141,123.28467394420684,11,0.001,10.974987654930567,100000.0,52,12,0.14659899853690886,-0.05882191660633328,-0.07451474626961654,1.0,0,0,0.0018181645314460568,0.34472056126018974,0.014184397163120567
subj05,lateral,B1,3,141,5.21400828799969,10,0.001,215.44346900318865,100000.0,47,11,0.20413537039060486,-0.02980221276448596,-0.03389000184708118,1.0,0,0,0.0014264813534414565,0.34538548535972013,0.07801418439716312
subj05,parietal,B0,0,57,178.8649529057435,11,0.001,58.57020818056673,100000.0,30,8,0.20406163746014444,0.20058257255694037,0.262700507788667,1.0,0,0,-0.0015703458029625908,0.34073026470151613,0.2807017543859649
subj05,parietal,B0,1,57,312.57158496882414,11,0.001,102.35310218990269,100000.0,39,9,0.20449878426243093,0.10180339986211277,0.07272448808545755,1.0,0,0,-0.002342950979287433,0.34253025349320976,0.17543859649122806
subj05,parietal,B0,2,57,453.48785081285916,10,0.001,376.49358067924715,100000.0,23,9,0.23076006569125204,0.2226468598186492,0.24444684359028812,1.0,0,0,0.0018173305549286417,0.3431099491550526,0.3333333333333333
subj05,parietal,B0,3,57,1384.8863713938745,11,0.001,7.56463327554629,100000.0,33,12,0.233671159127751,0.00491423461614508,0.016067641315733957,1.0,0,0,-0.0011185050351115956,0.3418999127419643,0.05263157894736842
subj05,parietal,B1,0,57,0.9770099572992257,12,0.001,0.8111308307896873,100000.0,27,7,0.08457152606201668,0.03189449946243766,0.02590616508786522,1.0,0,0,0.001577456083394989,0.34422741121246025,0.05263157894736842
subj05,parietal,B1,1,57,4.328761281083062,12,0.001,0.011233240329780276,100000.0,26,12,0.10664751204264912,-0.10544747568878489,-0.11525584394952987,1.0,0,0,-0.0013239698236271666,0.34276137836471515,0.0
subj05,parietal,B1,2,57,7.56463327554629,3,0.001,1.4174741629268062,100000.0,37,12,0.21032740020841223,0.029614066644238102,0.04192979104288429,1.0,0,0,0.0007564251792649327,0.3427939108951128,0.07017543859649122
subj05,parietal,B1,3,57,102.35310218990269,12,0.001,58.57020818056673,100000.0,25,10,0.08553804252246436,0.08049399301361915,0.04551839009909873,1.0,0,0,0.002356691375575035,0.3524242248755801,0.17543859649122806
subj06,V1,B0,0,23,3511.1917342151346,4,0.001,0.001,100000.0,8,8,0.035148136100629404,0.020843038661689316,-0.014437173836822394,1.0,0,0,0.00571327568678485,0.3528041384686106,0.0
subj06,V1,B0,1,23,312.57158496882414,3,0.001,2.0565123083486534,100000.0,19,1,0.19292200911881036,0.17174308497821492,0.18801186704830045,1.0,0,0,0.009743587427269546,0.34381194474327814,0.13043478260869565
subj06,V1,B0,2,23,10.974987654930567,6,0.001,0.001,100000.0,6,1,0.1304775947487895,0.17085456781940464,0.1951364691331665,1.0,0,0,0.0030152898122586405,0.34371898710206555,0.043478260869565216
subj06,V1,B0,3,23,9.111627561154895,5,0.001,100000.0,100000.0,11,11,0.03980388636272077,0.025340382377109706,0.040520031922206864,1.0,0,0,-0.001322645075970366,0.34882579050532786,0.0
subj06,V1,B1,0,23,123.28467394420684,4,0.001,0.10476157527896651,100000.0,12,9,0.08227289344204002,-0.027629960814263176,-0.04360078214988588,1.0,0,0,0.0015335414566354738,0.3437186235853675,0.0
subj06,V1,B1,1,23,48.62601580065353,3,0.001,13.219411484660315,100000.0,15,7,0.24228580979351932,-0.308906915549473,-0.37137884481079203,1.0,0,0,-0.0030013797873263528,0.34718494658060584,0.0
subj06,V1,B1,2,23,10.974987654930567,4,0.001,1668.100537200059,100000.0,9,12,0.059534127449695384,0.055774297986071655,0.007331745070970186,1.0,0,0,0.002935131940576625,0.3456324611376948,0.21739130434782608
subj06,V1,B1,3,23,23.10129700083163,11,0.001,2.9836472402833403,100000.0,15,8,0.18406403982758834,-0.023245840727644438,-0.041590645044364355,1.0,0,0,-0.002149692889783493,0.3452943939396192,0.08695652173913043
subj06,V2,B0,0,24,1169.7174140278546,9,0.001,0.001,100000.0,9,12,0.13832981665732008,0.005468318573576597,-0.020253140026363314,1.0,0,0,-0.005373595794456513,0.33859334237639577,0.041666666666666664
subj06,V2,B0,1,24,151.07481342497516,2,0.001,100000.0,100000.0,11,9,0.10774149706224025,0.2156111934937809,0.32362970820835524,1.0,0,0,-0.0011123837093614346,0.3426528984615258,0.375
subj06,V2,B0,2,24,112.81888806705476,11,0.001,0.019971201236330262,100000.0,11,7,0.253344568666173,0.0955848761050212,0.09101284729814191,1.0,0,0,0.0002730680690646832,0.34349945197115633,0.08333333333333333
subj06,V2,B0,3,24,0.42475587136616566,11,0.04132012400115339,37.24651805698883,100000.0,17,7,0.23756422643755915,0.09196236477285931,0.08538407830430537,1.0,0,0,-0.006257158721011628,0.3392703018995002,0.08333333333333333
subj06,V2,B1,0,24,453.48785081285916,10,0.001,0.3526397865753958,100000.0,15,4,0.28376005605513205,0.19796360775136945,0.24072567959206415,1.0,0,0,-0.005443202952731352,0.3395816442038771,0.20833333333333334
subj06,V2,B1,1,24,44.498094193309555,5,0.001,9.216709886330001,100000.0,17,4,0.18784387985679285,0.042565456967328795,0.03722066818027713,1.0,0,0,-0.0037115666426899376,0.3417137923703464,0.041666666666666664
subj06,V2,B1,2,24,40.37017258596558,4,0.001,3.0354450098981705,100000.0,17,12,0.1285956723233204,-0.02837619966180799,-0.018897075901049394,1.0,0,0,-0.0038173427579725945,0.3415743138464011,0.0
subj06,V2,B1,3,24,0.43950386601548064,5,0.001,100000.0,100000.0,10,4,0.21773328021593152,0.07301800000035367,0.10556491020996144,1.0,0,0,-0.0013028471198459986,0.34426311205758947,0.08333333333333333
subj06,V3,B0,0,24,109.52242466631655,1,0.001,0.018111497755584644,40.37017258596558,17,11,0.15085764551079786,0.11149495450728526,0.11626854541440096,1.0,0,0,-0.0011754329654793242,0.33524952531334656,0.08333333333333333
subj06,V3,B0,1,24,51210.064132397194,10,0.001,9.749851463247287,100000.0,12,11,0.2325318093385059,0.0631010047751726,0.06615873868788334,1.0,0,0,6.597276482685666e-05,0.3472264847946975,0.041666666666666664
subj06,V3,B0,2,24,77.7616833490255,4,0.001,41.071021155021,100000.0,18,12,0.28545077134322877,0.098228085221596,0.09117214364874851,1.0,0,0,-0.0016917400243976386,0.33965622487632646,0.08333333333333333
subj06,V3,B0,3,24,125.42496420767466,5,0.001,48.62601580065353,100000.0,11,7,0.2115245310374992,0.10198375125339205,0.07184485407169118,1.0,0,0,0.0032362525488425988,0.3437005229844732,0.16666666666666666
subj06,V3,B1,0,24,7.695959501494578,12,0.001,7.1628179245772925,100000.0,15,9,0.12302030013248506,-0.1735965057555231,-0.17948327548634777,1.0,0,0,-0.003429808953699825,0.33466921871150207,0.0
subj06,V3,B1,1,24,100000.0,7,0.001,2.7527866167590305,100000.0,13,6,0.08371940397476442,0.052410660788518394,0.039099741595459106,1.0,0,0,-0.002010442055661906,0.34463922538868913,0.08333333333333333
subj06,V3,B1,2,24,1.4338215695691703,1,0.0012045035402587824,0.1154736317927843,100000.0,17,12,-0.020928296711197725,0.04171849182123471,0.032671714606922767,1.0,0,0,-0.0004970270118871425,0.3417379781361413,0.125
subj06,V3,B1,3,24,86.45056264854458,5,0.001,2.730361798137526,100000.0,14,4,0.10416381464798034,0.013394812373937878,0.06485922648745018,1.0,0,0,0.0006783120458802217,0.3411316330487879,0.08333333333333333
subj06,hV4,B0,0,10,16.1992570506926,3,0.001,50001.7969068319,100000.0,4,6,0.1151738233950362,0.10120076419004682,0.09341414654940938,1.0,0,0,-0.00042334286255781635,0.3390417119700123,0.2
subj06,hV4,B0,1,10,27.825594022071257,2,0.001,24.719427221399705,100000.0,8,5,0.13740707077386838,0.24249692895121,0.27542336688465663,1.0,0,0,0.0017336276158043027,0.34027278296395064,0.1
subj06,hV4,B0,2,10,5.9466972783146765,8,0.001,488.8248768313332,100000.0,8,5,0.16882752150272717,0.05843975552923952,0.036196987688185744,1.0,0,0,0.000706599530890782,0.34583843079721,0.0
subj06,hV4,B0,3,10,100000.0,4,19.179102616724887,100000.0,100000.0,3,5,0.13843140960595698,0.1978687741695036,0.17796119115745046,1.0,0,0,-0.0013767933507981506,0.3410115702635463,0.2
subj06,hV4,B1,0,10,62.672758088415065,10,0.001,28.868821680904215,100000.0,7,6,0.1286131844833547,-0.03987618537719798,-0.09655543341678426,1.0,0,0,-0.001064668852531279,0.3470092653667275,0.0
subj06,hV4,B1,1,10,98.5614210130501,4,0.001,18.16035424274597,100000.0,5,1,-0.01730683607011508,-0.1042324974490467,-0.17699021612772123,1.0,0,0,-0.0031460387898364518,0.33990857412273345,0.0
subj06,hV4,B1,2,10,13.042472120557484,8,0.001,295.9685248412179,100000.0,7,5,0.15256480473458814,0.02624907593987107,0.008136914557018276,1.0,0,0,0.0009002040861615399,0.3384867953561116,0.1
subj06,hV4,B1,3,10,100000.0,5,0.001,0.001,27.825594022071257,5,1,0.21985598162126924,0.058250227834797906,0.06771116170794608,1.0,0,0,0.001625697384151746,0.3530469488767087,0.0
subj06,ventral,B0,0,194,312.57158496882414,6,0.001,1384.8863713938745,100000.0,55,6,0.22788973837390394,0.21805230177207924,0.23383951341988385,1.0,0,0,0.0019841059863525937,0.3388601994098782,0.3556701030927835
subj06,ventral,B0,1,194,312.57158496882414,2,0.001,84.97534359086455,100000.0,62,9,0.2754284696918188,0.09071142011537946,0.12126699193026386,1.0,0,0,0.0018313429457054943,0.34297953108007007,0.12886597938144329
subj06,ventral,B0,2,194,453.48785081285916,3,0.001,0.4641588833612782,100000.0,64,3,0.3062420653496099,0.13487031320286416,0.1498334221374965,1.0,0,0,-0.0007342879715887373,0.3403503334181973,0.18556701030927836
subj06,ventral,B0,3,194,123.28467394420684,4,0.001,93.66422289038363,100000.0,68,11,0.17876442796226502,0.08647337601915828,0.118388494523637,1.0,0,0,-0.0017904502815946387,0.33993885933616935,0.19072164948453607
subj06,ventral,B1,0,194,178.8649529057435,5,0.001,123.28467394420684,100000.0,61,5,0.14663878190924667,0.03952071227048004,0.06153563010034017,1.0,0,0,-0.0021163365433623663,0.34008880523472934,0.08247422680412371
subj06,ventral,B1,1,194,286.03700305439895,12,0.001,23.10129700083163,100000.0,52,9,0.0787579190139399,-0.05326250642635051,-0.051289354547687876,1.0,0,0,0.006888020528175005,0.34997535509127115,0.030927835051546393
subj06,ventral,B1,2,194,215.44346900318865,8,0.001,25.463445511451443,100000.0,62,12,0.1809296895537537,-0.10102364921081403,-0.10648400608514225,1.0,0,0,-0.0015439384173432512,0.3416661020746575,0.02577319587628866
subj06,ventral,B1,3,194,70.54802310718645,10,0.001,215.44346900318865,100000.0,46,8,0.03186502245327657,0.002011643789933121,0.009659044243268678,1.0,0,0,0.0025098033748831186,0.3431640150538586,0.015463917525773196
subj06,lateral,B0,0,181,792.4828983539186,4,0.001,178.8649529057435,100000.0,53,8,0.13862232888335768,-0.0946505307568078,-0.12265591189180623,1.0,0,0,0.003824212568064185,0.3448618927754626,0.03314917127071823
subj06,lateral,B0,1,181,453.48785081285916,10,0.001,102.35310218990269,100000.0,53,4,0.23906999791942354,0.1138361764910428,0.15436168840731326,1.0,0,0,-0.003899137974989283,0.3384405732123564,0.2265193370165746
subj06,lateral,B0,2,181,657.9332246575682,8,0.001,0.001,100000.0,47,4,0.2551037693197543,0.2156185556395869,0.23249405145491703,1.0,0,0,-0.0016299895743148432,0.34494219055352776,0.3259668508287293
subj06,lateral,B0,3,181,215.44346900318865,8,0.001,58.57020818056673,100000.0,52,12,0.200852456820026,0.005206866368158885,-0.02145236857820855,1.0,0,0,-0.0012046096136393253,0.3378258892750451,0.06629834254143646
subj06,lateral,B1,0,181,657.9332246575682,4,0.001,0.31992671377973847,100000.0,69,10,0.18624496275150224,0.16201281892648256,0.19376233585794775,1.0,0,0,-3.5650531397625114e-05,0.3469333002150977,0.292817679558011
subj06,lateral,B1,1,181,546.2277217684348,3,0.001,10.974987654930567,100000.0,53,1,0.1844607998095081,-0.3672807461730548,-0.38824413421571724,1.0,0,0,0.0008320721061376602,0.34574964207484066,0.0
subj06,lateral,B1,2,181,4229.242874389508,8,0.001,1149.756995397738,100000.0,47,9,0.08345221579913614,-0.06576858574876071,-0.10043116150886804,1.0,0,0,-0.0006274503447672671,0.33811179408269315,0.011049723756906077
subj06,lateral,B1,3,181,123.28467394420684,2,0.001,0.004430621457583882,100000.0,51,5,0.10856840794532979,-0.03970804173452639,-0.04286811443849711,1.0,0,0,0.0006334349662015165,0.3414720703470236,0.011049723756906077
subj06,parietal,B0,0,68,3119.237938477279,7,0.001,100000.0,100000.0,25,9,0.34993654394403667,0.1670938049947671,0.1623817779821194,1.0,0,0,-0.004295499256351463,0.3347687638338748,0.19117647058823528
subj06,parietal,B0,1,68,0.3526397865753958,11,0.006428073117284319,15.077045135827728,100000.0,39,8,0.13010118153402775,0.15639415310531957,0.15541588406749934,1.0,0,0,-0.0012659348517518598,0.3398291677965273,0.16176470588235295
subj06,parietal,B0,2,68,40.37017258596558,7,0.001,499.85778629064697,100000.0,34,10,0.3619780794980012,0.10559905470799541,0.06504083592937085,1.0,0,0,0.002956058200523234,0.351193282400176,0.1323529411764706
subj06,parietal,B0,3,68,10.043307608042731,4,0.001,344.53258282403567,100000.0,29,12,0.3158532362991503,0.17280314308091535,0.16114251629311233,1.0,0,0,-0.0027934270711585476,0.3441127932092569,0.19117647058823528
subj06,parietal,B1,0,68,4.771384784541375,10,0.001,383.02971789084165,100000.0,29,10,0.18814367487895312,-0.026557482604860266,-0.04089783279540771,1.0,0,0,-0.0014469249367991097,0.3395829678176563,0.0
subj06,parietal,B1,1,68,0.3029329666806788,11,0.001,21.874210977741097,100000.0,28,11,0.12375282395087026,-0.017842480940794582,-0.01071658127495402,1.0,0,0,0.0015293781080618336,0.342971299932239,0.07352941176470588
subj06,parietal,B1,2,68,0.22305620104317028,6,0.001,12.09719956979544,100000.0,30,6,0.2082005181188293,-0.006681553376235007,0.006257218255436918,1.0,0,0,0.0064363641290312145,0.34915018540155274,0.029411764705882353
subj06,parietal,B1,3,68,1.8819324779096727,7,0.001,499.85778629064697,100000.0,30,5,0.21746693274952275,-0.03954980810309434,-0.06468734071201715,1.0,0,0,0.0005180382204376546,0.34042852492117504,0.04411764705882353
subj07,V1,B0,0,23,84.97534359086455,11,0.001,100000.0,100000.0,8,7,0.07204171838098014,0.09451768352470151,0.11008784762879738,1.0,0,0,-0.000668611623874682,0.3402675406495219,0.17391304347826086
subj07,V1,B0,1,23,1.7073526474706922,3,0.001,0.9770099572992257,100000.0,9,12,0.16867173850864467,0.0380286123509264,0.054769783109803294,1.0,0,0,0.00011161675123384238,0.34396272499049735,0.0
subj07,V1,B0,2,23,0.5590810182512228,3,0.001,40.37017258596558,100000.0,15,2,0.2325695235219662,0.1470422647234167,0.1789155055290095,1.0,0,0,0.0041478419138616185,0.3403770508205924,0.13043478260869565
subj07,V1,B0,3,23,70.54802310718645,6,0.001,3.5938136638046294,100000.0,17,12,0.13767088855278017,-0.14305082398323088,-0.16437597501024975,1.0,0,0,0.002681821076261746,0.3471923882229793,0.0
subj07,V1,B1,0,23,84.97534359086455,6,0.001,1.4174741629268062,100000.0,11,12,0.06575756530720368,0.13056150477234132,0.11115121870907752,1.0,0,0,-0.004893930930291947,0.3396904730585244,0.17391304347826086
subj07,V1,B1,1,23,3.5938136638046294,4,0.001,10.974987654930567,100000.0,12,12,0.1408650649335944,-0.04797524177229673,-0.024876915634028832,1.0,0,0,-0.00802483637466221,0.33993865178039473,0.0
subj07,V1,B1,2,23,1.1768119524349991,5,0.001,0.04132012400115339,100000.0,11,12,-0.013530615542326178,-0.05517693639275382,-0.08715537138586142,1.0,0,0,0.0004219268556579472,0.34096113183711896,0.043478260869565216
subj07,V1,B1,3,23,123.28467394420684,6,0.001,0.001,100000.0,10,12,0.2595946583684262,0.049714527696161644,0.072712103765905,1.0,0,0,0.003773592637808357,0.3469116021422654,0.043478260869565216
subj07,V2,B0,0,20,2.730361798137526,2,0.001,1.0454446143509446,100000.0,16,10,0.21874222653280725,0.12021061749744733,0.15562642636993945,1.0,0,0,-0.0024627307558400596,0.33573894673301935,0.1
subj07,V2,B0,1,20,10.974987654930567,12,0.001,277.67926679249535,100000.0,12,11,0.24931464514134585,-0.044877118199742244,-0.014752677561183487,1.0,0,0,-0.001986458110157937,0.3434296949502432,0.0
subj07,V2,B0,2,20,0.8679464853431109,5,0.001,89.8380418682666,100000.0,9,9,0.183657065202597,0.12530252440225925,0.16500951443505701,1.0,0,0,-0.001562110748374574,0.34077759563394816,0.05
subj07,V2,B0,3,20,96.91634852569665,6,0.001,88.16121012375896,100000.0,14,9,0.16761166913536546,0.025653127627031168,0.04083868462742908,1.0,0,0,0.001317398399198544,0.3427454775705908,0.05
subj07,V2,B1,0,20,1.9472752594592588,7,0.001,1.8036720707752139,100000.0,9,7,-0.05323033776875703,0.1442788971488344,0.13314394383799336,1.0,0,0,0.0002834318654410474,0.3374207800602981,0.1
subj07,V2,B1,1,20,15.922827933410938,8,0.001,30.670810265729866,100000.0,12,12,0.1386551461922795,-0.09288764850400823,-0.1087346696316131,1.0,0,0,-0.0003896676477793232,0.3459164141859731,0.0
subj07,V2,B1,2,20,0.001,7,0.001,77.7616833490255,100000.0,7,10,0.0778387700586066,-0.015427790529615548,-0.06933175747948343,1.0,0,0,-0.0030506963399019346,0.34195471205988237,0.0
subj07,V2,B1,3,20,102.35310218990269,9,0.001,1.7974068319023147,100000.0,6,4,0.13058619026375595,-0.03206116094361144,-0.02547074450188099,1.0,0,0,-0.0015632703707661884,0.34124610102512437,0.0
subj07,V3,B0,0,15,7.56463327554629,3,0.001,0.5590810182512228,100000.0,9,12,0.028028900694822487,0.4294520557050377,0.46601570108155344,1.0,0,0,0.004428740006918494,0.3375915713219445,0.7333333333333333
subj07,V3,B0,1,15,4.328761281083062,1,0.001,0.03430469286314919,102.35310218990269,13,4,0.08151580957066255,-0.09910803392436902,-0.11232787218485889,1.0,0,0,0.007119409385547014,0.3334837574003622,0.0
subj07,V3,B0,2,15,0.8111308307896873,5,0.001,0.05994842503189412,100000.0,6,12,-0.0428854576542986,0.09127431501781243,0.07513785021774125,1.0,0,0,-0.0023790976581605974,0.3415633790013919,0.0
subj07,V3,B0,3,15,58.57020818056673,8,0.001,40.37017258596558,100000.0,12,2,0.13940825430251627,0.18718958518036855,0.1941639858265459,1.0,0,0,0.006818377648127218,0.35408673255796874,0.26666666666666666
subj07,V3,B1,0,15,6.280291441834259,7,0.001,23.10129700083163,100000.0,11,3,0.13759269097388452,0.04727693295552345,0.07225200193781652,1.0,0,0,0.002240796863921924,0.3480719655795127,0.0
subj07,V3,B1,1,15,4.328761281083062,8,0.001,0.5590810182512228,100000.0,8,4,0.20194261814666256,-0.14620556121712933,-0.1742590118945005,1.0,0,0,0.0012454463955377216,0.34017129381284794,0.0
subj07,V3,B1,2,15,3.5938136638046294,5,0.001,100000.0,100000.0,7,6,-0.026199789497948524,0.11798264546781638,0.14316636427301455,1.0,0,0,0.005940193216230936,0.3475625099233582,0.0
subj07,V3,B1,3,15,148.49682622544665,6,0.011233240329780276,100000.0,100000.0,8,4,0.24218693118564763,-0.018357387244986537,-0.017422317134515267,1.0,0,0,-0.0020698209817354043,0.33464559381044073,0.0
subj07,hV4,B0,0,8,3.7828166377731454,3,0.001,100000.0,100000.0,2,4,-0.05867657937462825,-0.28798154321646297,-0.2860954322411679,1.0,0,0,0.0027125606547795346,0.346538844325468,0.0
subj07,hV4,B0,1,8,2.8251629860766414,5,0.001,109.52242466631655,100000.0,5,5,0.23172819705348213,0.11468206838467296,0.10619357444601787,1.0,0,0,0.005845627327853825,0.3436177364411538,0.0
subj07,hV4,B0,2,8,51.764957071168844,7,2915.0530628251818,100000.0,100000.0,2,1,0.0688535234028789,-0.3414235023024528,-0.33565758855055516,1.0,0,0,0.0049323568786279175,0.3440854515790387,0.0
subj07,hV4,B0,3,8,100000.0,2,0.001,0.001,100000.0,4,8,0.16441670887585008,-0.1476768528079001,-0.11148127297250701,1.0,0,0,-0.009117511349571046,0.3368167269285651,0.0
subj07,hV4,B1,0,8,4.556313780577447,3,0.001,100000.0,100000.0,3,4,-0.014241635872828482,0.08211405176649907,0.08459518656946616,1.0,0,0,0.005745175118979144,0.35163928161270647,0.0
subj07,hV4,B1,1,8,50001.7969068319,1,0.0014508287784959402,1.0136396806252153,12915.496650148854,7,1,0.07546543906408379,-0.04755828033016635,-0.010193932275516626,1.0,0,0,-0.0021333578386508365,0.3525482087820764,0.0
subj07,hV4,B1,2,8,2.164880640541531,3,0.001,50477.27422833092,100000.0,5,4,0.07392724357368957,0.020003428304378165,0.051226431793560206,1.0,0,0,-0.001169385915706141,0.34360740885690405,0.0
subj07,hV4,B1,3,8,100000.0,3,0.001,3.332822150602656,100000.0,5,6,-0.03237093846488152,0.09078528177858608,0.08692797027416857,1.0,0,0,0.003658151420483809,0.3477129184184726,0.125
subj07,ventral,B0,0,131,58.57020818056673,10,0.001,376.49358067924715,100000.0,48,12,0.13787279788609796,0.14111546927018428,0.156345415027992,1.0,0,0,-0.0006832852599444372,0.3406284403700812,0.1450381679389313
subj07,ventral,B0,1,131,23.10129700083163,8,0.001,23.10129700083163,100000.0,55,7,0.21727257008503684,0.03256097567519903,0.043170692541955935,1.0,0,0,0.0008655333894666886,0.34107277659242696,0.09923664122137404
subj07,ventral,B0,2,131,259.5024211399737,4,0.001,19.179102616724887,100000.0,58,3,0.24445604470404203,0.1270345590176349,0.12241434749241328,1.0,0,0,-0.0027250590595877784,0.33899773126555816,0.1297709923664122
subj07,ventral,B0,3,131,48.62601580065353,11,0.001,123.28467394420684,100000.0,49,3,0.2164219460910303,0.0388368969038941,0.022957534188859763,1.0,0,0,0.00041746879971771435,0.34315648623907385,0.09923664122137404
subj07,ventral,B1,0,131,123.28467394420684,1,0.001,0.26560877829466867,100000.0,65,1,0.022666768218354706,-0.0022435740677916325,-0.02209340432222059,1.0,0,0,0.00031749224422810335,0.3426003100998311,0.07633587786259542
subj07,ventral,B1,1,131,0.001,5,0.001,9.111627561154895,100000.0,42,11,0.02919915917724564,0.0036696995599353305,0.014002563078285775,1.0,0,0,0.001302473768786976,0.3434406076726984,0.007633587786259542
subj07,ventral,B1,2,131,33.516026509388475,9,0.001,84.97534359086455,100000.0,49,11,0.0840602144885824,0.007451089445834063,-0.016705547363708675,1.0,0,0,0.00010247576685200624,0.34500101718041365,0.08396946564885496
subj07,ventral,B1,3,131,19.179102616724887,8,0.001,58.57020818056673,100000.0,50,11,0.09584256719377296,0.060172842655686384,0.07273850240798821,1.0,0,0,0.0014736498705048837,0.34603297744809225,0.08396946564885496
subj07,lateral,B0,0,123,6.280291441834259,1,0.001,0.016297508346206444,100000.0,48,2,0.2101252655942027,0.230327098227332,0.23814181660931946,1.0,0,0,-0.0019219412467346307,0.3418702616954291,0.18699186991869918
subj07,lateral,B0,1,123,123.28467394420684,5,0.001,178.8649529057435,100000.0,46,8,0.1780561330304558,-0.033462204822741946,-0.02389655318030695,1.0,0,0,-0.0038922334072568556,0.34211286241412564,0.024390243902439025
subj07,lateral,B0,2,123,7.56463327554629,11,0.001,0.9770099572992257,100000.0,44,4,0.23613740640200834,0.08188638753226474,0.10900120519142949,1.0,0,0,0.0018385751955383662,0.3411178588568346,0.06504065040650407
subj07,lateral,B0,3,123,215.44346900318865,10,0.001,102.35310218990269,100000.0,45,3,0.18718927765222068,-0.05754912365371685,-0.04890423877590724,1.0,0,0,-0.0009613796122797294,0.3431940579466778,0.04065040650406504
subj07,lateral,B1,0,123,102.35310218990269,1,0.001,0.05994842503189412,68926.12104349709,60,9,0.001831600777502474,-0.02377723991005791,0.01337487118720309,1.0,0,0,-0.0013237063632842582,0.34330682201640084,0.06504065040650407
subj07,lateral,B1,1,123,215.44346900318865,10,0.001,2.4770763559917115,100000.0,47,1,0.1651687974076344,0.0254470470721552,0.021807243304750788,1.0,0,0,0.0006919807051508842,0.3463161329588512,0.04878048780487805
subj07,lateral,B1,2,123,657.9332246575682,5,0.001,9.111627561154895,100000.0,47,3,0.11114912510086099,0.0864502766667559,0.10558889858610548,1.0,0,0,0.001508592170148081,0.3423855588559618,0.0975609756097561
subj07,lateral,B1,3,123,3.5938136638046294,12,0.001,58.57020818056673,100000.0,46,8,0.07317487866047183,0.0427066513017334,0.015562545556412575,1.0,0,0,0.001225006218991163,0.3432775843041664,0.0975609756097561
subj07,parietal,B0,0,50,5.747149864916974,12,0.001,0.3526397865753958,100000.0,28,12,0.14333539145900698,0.025191212317204722,0.019602042794386477,1.0,0,0,0.002006631352969892,0.3505852362567559,0.02
subj07,parietal,B0,1,50,40.37017258596558,2,0.001,2.8251629860766414,100000.0,30,12,0.027724758853187433,0.07455576543986005,0.1750938651457588,1.0,0,0,-0.0018557314807204832,0.34236593988902464,0.3
subj07,parietal,B0,2,50,19.179102616724887,12,0.001,0.8940703940444565,100000.0,28,5,0.06283578756548742,-0.08813831417580356,-0.12292880332143859,1.0,0,0,0.003107503041638805,0.3461910927674664,0.02
subj07,parietal,B0,3,50,0.15199110829529347,2,0.001,0.09586823777037243,100000.0,39,12,0.17721382545574188,0.002705489690859111,-0.004850195972870066,1.0,0,0,0.0034844147725508526,0.3549537303640279,0.02
subj07,parietal,B1,0,50,25.463445511451443,8,0.001,0.7422729482823851,100000.0,24,9,0.1497388551184608,0.09920826954196857,0.09153546123943249,1.0,0,0,0.0017698496430078978,0.34235853087951545,0.14
subj07,parietal,B1,1,50,163.68088956559507,12,0.001,0.26560877829466867,100000.0,31,3,0.2322729660274905,-0.06897022212297652,-0.08987176195332483,1.0,0,0,-0.0021736411855780052,0.3413425793983497,0.0
subj07,parietal,B1,2,50,566.7067047837891,12,0.001,0.050634274516523754,100000.0,23,3,0.05626306848103781,-0.11678252414105918,-0.12032923286636159,1.0,0,0,0.004036550268088463,0.3457023686152704,0.0
subj07,parietal,B1,3,50,0.186252091142799,1,0.001,0.004507539501517473,83021.75681319753,28,12,0.056021763479165584,0.02359217486049852,0.01484403918715766,1.0,0,0,0.001065529922711901,0.34684374883111635,0.08
subj08,V1,B0,0,22,25.463445511451443,4,0.001,77.7616833490255,100000.0,9,8,0.2856859629932363,0.2072077205229866,0.1997006006778264,1.0,0,0,-0.0015874449374506398,0.3436642310472435,0.18181818181818182
subj08,V1,B0,1,22,10.043307608042731,11,0.9770099572992257,48.62601580065353,100000.0,11,3,0.2438729868259268,0.06386189283461065,0.04778621759137193,1.0,0,0,-0.0004555802248548435,0.34800164217903845,0.045454545454545456
subj08,V1,B0,2,22,19.179102616724887,10,0.001,17.550965275067913,100000.0,17,4,0.2863254688515865,0.181240326029935,0.19047075334936964,1.0,0,0,-0.0026880197786972168,0.3407090932301992,0.09090909090909091
subj08,V1,B0,3,22,80.4616551852347,4,0.0036783797718286343,100000.0,100000.0,10,8,0.16058650482121925,0.16627187161713855,0.1515921363946512,1.0,0,0,0.0020309094955321995,0.3443021369093598,0.2727272727272727
subj08,V1,B1,0,22,10.043307608042731,11,0.001,36.94309954767702,100000.0,15,12,0.07044507738825177,-0.11241154843676539,-0.14972338917814512,1.0,0,0,-0.0014020304596995103,0.3404684748427759,0.0
subj08,V1,B1,1,22,12.09719956979544,7,0.001,61.92187748122903,100000.0,7,3,0.01632040225807704,0.03172968801505458,0.032514916979875526,1.0,0,0,-0.0010561303067165735,0.3422525013353032,0.045454545454545456
subj08,V1,B1,2,22,5.57922346967546,12,0.001,51004.61650128252,100000.0,10,1,0.28328087380816425,-0.06758004561692037,-0.05669022190895511,1.0,0,0,0.0005250985354314756,0.34400278924959676,0.0
subj08,V1,B1,3,22,123.28467394420684,5,0.001,14.571119709035626,100000.0,19,7,0.2531840745332806,-0.08175118170622675,-0.08896043045905827,1.0,0,0,0.0019636833767501254,0.34357416639924687,0.045454545454545456
subj08,V2,B0,0,21,23.10129700083163,6,0.001,13.219411484660315,100000.0,17,9,0.2775575350376087,0.14144915950048334,0.18507367778216097,1.0,0,0,0.0017938342490322495,0.3400763751453981,0.2857142857142857
subj08,V2,B0,1,21,15.922827933410938,10,0.001,84.97534359086455,100000.0,11,11,0.24548054914512277,0.0668172917719281,0.006220626328386092,1.0,0,0,0.0005582742825207611,0.33717112545730177,0.047619047619047616
subj08,V2,B0,2,21,27.825594022071257,6,0.004430621457583882,100000.0,100000.0,11,7,0.22711139771339597,0.15837691661790704,0.17131993083257696,1.0,0,0,0.0005276464864931972,0.3391173541555335,0.09523809523809523
subj08,V2,B0,3,21,33.516026509388475,5,0.001,70.54802310718645,100000.0,13,3,0.27662587466455424,0.10094681345571181,0.044774149910752986,1.0,0,0,-0.002686531530269857,0.34036633734357546,0.19047619047619047
subj08,V2,B1,0,21,40.37017258596558,10,0.001,7.56463327554629,100000.0,14,12,0.11729778277326633,0.03280456904344319,0.06518342787284799,1.0,0,0,-0.0008166892472827358,0.3387882792891529,0.0
subj08,V2,B1,1,21,15.922827933410938,6,0.001,1.4174741629268062,100000.0,16,11,0.09542563984149427,0.165634381403807,0.2611726380278984,1.0,0,0,0.0011497030418481718,0.3499978415761412,0.2857142857142857
subj08,V2,B1,2,21,27.825594022071257,5,0.001,100000.0,100000.0,10,3,0.12675975000436615,-0.07855290673784814,-0.06776049627308714,1.0,0,0,0.004515413625557411,0.35298132985445674,0.0
subj08,V2,B1,3,21,27.825594022071257,9,0.001,376.49358067924715,100000.0,8,5,0.2088881350567021,0.011957431196536129,0.03554529092155301,1.0,0,0,0.00025022711095377617,0.3427987209248033,0.0
subj08,V3,B0,0,18,6.922462358690275,3,0.001,41.071021155021,100000.0,12,2,0.25068407264825665,0.12807428053382364,0.2101440813961561,1.0,0,0,0.004251478502211645,0.3495932024402999,0.2222222222222222
subj08,V3,B0,1,18,21.140199808778256,5,0.001,50042.48767179543,100000.0,7,9,0.33538549834577375,-0.04526817619655546,-0.042149280436751285,1.0,0,0,0.0024541891302722785,0.3415983690413951,0.05555555555555555
subj08,V3,B0,2,18,44.498094193309555,4,0.001,100000.0,100000.0,4,1,0.22299541542611145,0.11284976071084084,0.0990742758987031,1.0,0,0,-0.0037670035848982354,0.3448833067152586,0.16666666666666666
subj08,V3,B0,3,18,38.225804911362395,10,0.001,1.7270431566454687,100000.0,10,5,0.19149916398949246,0.09633773031480228,0.06172793265177612,1.0,0,0,-6.668028748018804e-05,0.3388357341095041,0.16666666666666666
subj08,V3,B1,0,18,5.274140257914816,12,0.001,94.43349940570612,100000.0,11,11,0.03347740442277283,-0.04012168148260671,-0.0697366762919598,1.0,0,0,-0.0014559005282931807,0.3392793619549606,0.0
subj08,V3,B1,1,18,13.219411484660315,7,0.001,215.44346900318865,100000.0,6,1,0.09284545116265645,0.10072585650763197,0.1261151033170485,1.0,0,0,0.00017203100209670473,0.3393868581699553,0.05555555555555555
subj08,V3,B1,2,18,9.111627561154895,10,0.001,0.3372075328875414,100000.0,8,1,-0.005571041072375939,0.03197646241183236,0.058700268601399715,1.0,0,0,0.0037770442060394644,0.34642264059335315,0.0
subj08,V3,B1,3,18,414.9907157460532,8,0.001,0.11075653699515228,100000.0,9,2,0.1890174877950337,-0.15796101180629143,-0.14376133755756207,1.0,0,0,-0.003079380345716635,0.3340731496333011,0.0
subj08,hV4,B0,0,10,86.45056264854458,10,0.001,2.8251629860766414,100000.0,8,3,0.3210197071107884,0.4066536673989189,0.43159994381130473,1.0,0,0,0.0035108495730643086,0.3487311840603772,0.7
subj08,hV4,B0,1,10,22.24550708215952,8,0.001,40.83575259069918,100000.0,7,4,0.3437700764168518,0.12592500903502926,0.13501933163220908,1.0,0,0,-0.0034087279460068677,0.3365468209169692,0.0
subj08,hV4,B0,2,10,16.1992570506926,3,0.001,100000.0,100000.0,4,5,0.2627127983246079,0.22148356887447104,0.333473779278618,1.0,0,0,0.0024200276253594204,0.33342755145793007,0.6
subj08,hV4,B0,3,10,7.651874468006815,3,0.001,50020.185086292986,100000.0,4,10,0.246183203529425,0.211959645382729,0.20682616180513835,1.0,0,0,0.0012199769392768562,0.34168592086289085,0.3
subj08,hV4,B1,0,10,56.400468806467906,10,0.001,103.34527346390738,100000.0,6,1,0.06580357921622994,0.15388344307306634,0.2765159777901729,1.0,0,0,-0.0018409357402291132,0.3518041966896665,0.2
subj08,hV4,B1,1,10,77.7616833490255,9,0.001,50000.19267642969,100000.0,4,7,0.11936800071058243,-0.11125128715290385,-0.09761007787103639,1.0,0,0,-0.0005012664724357961,0.3506936508443837,0.0
subj08,hV4,B1,2,10,64.5591156438766,10,0.001,0.854176323735346,100000.0,5,6,0.022861288022972992,0.18949089228095425,0.1487625917474459,1.0,0,0,0.0002212593401672425,0.34059015527288194,0.2
subj08,hV4,B1,3,10,9.111627561154895,4,0.26560877829466867,10.125794607247,100000.0,6,5,-0.026049047753354964,-0.1460920658710749,-0.21441682141418478,1.0,0,0,-0.0053862702194686,0.3398473159237538,0.1
subj08,ventral,B0,0,167,312.57158496882414,5,0.001,259.5024211399737,100000.0,56,7,0.2105831469803561,0.21841203711146664,0.2221743559583175,1.0,0,0,0.0007642945179502828,0.342714877356086,0.32335329341317365
subj08,ventral,B0,1,167,148.49682622544665,5,0.001,33.516026509388475,100000.0,55,6,0.1923774760908219,-0.010881578436008198,-0.0342823578383059,1.0,0,0,-0.0005554353991515635,0.34363682594986766,0.11377245508982035
subj08,ventral,B0,2,167,215.44346900318865,5,0.001,215.44346900318865,100000.0,60,10,0.19526325774923356,0.11860563735498082,0.13769787763912228,1.0,0,0,0.0002951677383969079,0.3407506218919566,0.17365269461077845
subj08,ventral,B0,3,167,100000.0,1,0.001,1.1768119524349991,100000.0,76,8,0.1280645234492423,0.07079649079070917,0.0725747805228064,1.0,0,0,0.0010837828507715243,0.3403445064527198,0.09580838323353294
subj08,ventral,B1,0,167,15.922827933410938,5,0.001,33.516026509388475,100000.0,58,1,0.11066511289776641,-0.09678937594702028,-0.09153625576835026,1.0,0,0,-0.002774195045161549,0.3415750066535081,0.011976047904191617
subj08,ventral,B1,1,167,48.62601580065353,1,0.001,0.18307382802953698,100000.0,73,11,-0.056847401925670504,-0.019889500925219232,-0.02373568555312119,1.0,0,0,0.005426752459817794,0.34778491277921564,0.029940119760479042
subj08,ventral,B1,2,167,2.4770763559917115,10,0.001,7.56463327554629,100000.0,53,12,0.11567746706082443,-0.012807433484913098,0.0028194061799988405,1.0,0,0,-0.0006953158907611082,0.34357371342853066,0.023952095808383235
subj08,ventral,B1,3,167,259.5024211399737,12,0.001,13.219411484660315,100000.0,53,12,0.1873504898759816,-0.12026725573550262,-0.10794270709363028,1.0,0,0,-0.002802264097219006,0.3435082980266944,0.011976047904191617
subj08,lateral,B0,0,174,1267.3216833958063,7,0.001,123.28467394420684,100000.0,46,4,0.2339979556011097,0.2689586056620345,0.2920606128447214,1.0,0,0,0.004578558963547436,0.34439480379716375,0.41379310344827586
subj08,lateral,B0,1,174,546.2277217684348,12,0.001,546.2277217684348,100000.0,48,12,0.18096229295474645,0.038051144227207026,0.06411868000325252,1.0,0,0,-0.0022441307243733495,0.3392069015088864,0.05747126436781609
subj08,lateral,B0,2,174,546.2277217684348,9,0.001,312.57158496882414,100000.0,44,12,0.19669608703176042,0.10483495046524555,0.1078841912145383,1.0,0,0,-0.00021971840013573833,0.34348540464214783,0.1206896551724138
subj08,lateral,B0,3,174,312.57158496882414,12,0.001,792.4828983539186,100000.0,29,12,0.17699177051296625,0.15939530743524988,0.16134816224756907,1.0,0,0,0.0032798931993988792,0.34265981765481984,0.1839080459770115
subj08,lateral,B1,0,174,197.15421095446607,12,0.001,602.0804732130015,100000.0,40,10,-0.017419723711047178,0.07630006419929602,0.09483682083896064,1.0,0,0,0.0005353361464385888,0.34376207302241446,0.06321839080459771
subj08,lateral,B1,1,174,123.28467394420684,12,0.001,12.09719956979544,100000.0,55,8,0.23114227263574869,0.008918775083256976,0.010695892991969463,1.0,0,0,0.0017674220662496313,0.344367281279221,0.09770114942528736
subj08,lateral,B1,2,174,5615.022644114781,6,0.001,102.35310218990269,100000.0,51,4,0.0662987340526787,0.11089236593442368,0.1419851048496678,1.0,0,0,-0.0010661288611242194,0.34106013107419136,0.08045977011494253
subj08,lateral,B1,3,174,125.42496420767466,11,0.001,4.328761281083062,100000.0,54,3,0.2413136887859076,0.13523935189574915,0.14195648663429566,1.0,0,0,0.0007983315389558939,0.34138314139552217,0.05747126436781609
subj08,parietal,B0,0,68,70.54802310718645,2,0.001,2.200560701605073,100000.0,36,11,0.249013114946661,0.17625496565941445,0.14593938405046725,1.0,0,0,-0.0008544331917876364,0.33995181171509886,0.2647058823529412
subj08,parietal,B0,1,68,53.598111990610136,6,0.001,1052.1527260297862,100000.0,28,10,0.28360384584464216,0.062218884385232445,0.08931696781173598,1.0,0,0,-0.002712659039609235,0.33921742229800805,0.14705882352941177
subj08,parietal,B0,2,68,36.94309954767702,6,0.001,100000.0,100000.0,21,10,0.24483340051183652,0.06436868271101788,0.04540374055526042,1.0,0,0,-0.0032716762960953807,0.33508263185890064,0.07352941176470588
subj08,parietal,B0,3,68,15.922827933410938,12,0.001,16.106462280993263,100000.0,38,4,0.21624649944781446,0.054862092819374764,0.03027261823201032,1.0,0,0,0.0009684009493341921,0.3442779369017841,0.08823529411764706
subj08,parietal,B1,0,68,383.02971789084165,11,0.001,2.730361798137526,100000.0,32,11,0.06942620742739704,0.08311392320575374,0.11201047691852806,1.0,0,0,-3.43589570834304e-05,0.34291133857138617,0.10294117647058823
subj08,parietal,B1,1,68,55.459097846576014,12,0.001,0.5687869745681805,100000.0,30,5,0.10867170626278318,0.15699559306918273,0.15929536430427996,1.0,0,0,0.003599852420820219,0.3458568513177504,0.14705882352941177
subj08,parietal,B1,2,68,0.001,12,0.001,0.10658029428419022,100000.0,34,11,0.1941389717898001,-0.11101723559274844,-0.1494894496315507,1.0,0,0,-0.002074149062725243,0.33860433021215264,0.0
subj08,parietal,B1,3,68,2009.23300256505,10,0.001,1.0769109548671123,100000.0,25,12,0.07516144254978123,0.09816303258560914,0.09841243677314027,1.0,0,0,0.0015460540046493814,0.34595049586103177,0.07352941176470588
